date,ATVI,AMD,ALLE,ANSS,AAPL,AMAT,ARNC,KMX,CDW,CHTR,CMG,CAG,CPRT,COST,DHI,DVA,ETR,EFX,EQIX,FISV,FBHS,GPN,INFO,KSU,KLAC,LRCX,LDOS,LEN,LMT,MKTX,MA,MSFT,MCO,MSCI,NEE,NVDA,NVR,PHM,QRVO,QCOM,RMD,SPGI,SWKS,SO,SNPS,TTWO,TIF,TDG,WU,ZTS
2019-03-01 00:00:00+00:00,42.84,23.68,91.2,182.23,174.97,38.56,18.7,61.65,94.83,346.58,611.63,23.26,58.4,219.44,38.78,57.05,93.25,110.46,432.79,86.39,47.56,131.49,53.98,108.06,115.78,176.75,64.98,47.03,309.47,243.09,227.25,112.53,175.67,190.21,187.56,156.45,2601.0,26.74,70.5,54.2,103.11,201.84,81.98,49.98,103.19,88.32,95.93,437.31,18.21,95.75
2019-03-04 00:00:00+00:00,41.79,23.37,90.19,180.13,175.85,39.08,18.49,59.83,94.26,346.1,618.85,23.17,58.08,218.41,39.99,55.44,92.64,110.22,426.98,85.55,48.07,130.54,53.57,110.4,116.71,177.77,64.1,47.6,304.69,237.56,226.29,112.26,172.24,187.16,188.24,156.78,2660.66,27.68,70.05,53.78,101.9,199.89,82.22,50.1,103.0,87.44,94.6,434.98,18.23,95.87
2019-03-05 00:00:00+00:00,41.88,23.5,89.94,178.75,175.53,38.93,18.61,60.75,93.84,343.75,616.01,22.87,58.11,219.82,39.15,53.1,92.17,109.91,426.92,85.61,46.99,129.94,53.43,110.13,115.24,173.54,63.58,46.13,305.76,233.92,226.22,111.7,171.06,187.67,188.32,156.52,2639.25,26.88,69.86,53.94,102.43,197.96,81.88,50.07,103.38,87.37,94.87,428.99,18.07,95.78
2019-03-06 00:00:00+00:00,42.56,22.41,89.44,178.68,174.52,38.07,18.61,61.0,93.21,340.56,613.41,22.89,57.74,219.23,39.15,51.04,92.09,109.38,424.66,85.37,46.82,129.55,53.04,111.5,114.5,169.19,63.03,45.9,303.32,230.52,224.47,111.75,170.15,186.46,187.57,152.05,2692.35,26.77,69.07,54.8,100.61,197.32,80.99,50.13,103.68,87.2,94.79,426.99,18.14,94.17
2019-03-07 00:00:00+00:00,41.42,22.08,87.97,178.79,172.5,37.57,18.32,59.72,91.73,340.03,609.53,22.37,58.27,216.79,40.56,50.54,92.13,108.71,426.75,85.01,46.04,129.87,52.9,112.05,114.63,167.16,62.43,47.55,303.01,225.44,222.41,110.39,169.36,182.06,187.93,149.26,2751.72,27.53,68.35,54.03,100.49,196.48,79.5,50.49,103.26,88.41,94.49,427.75,17.71,92.55
2019-03-08 00:00:00+00:00,42.03,22.01,87.98,177.43,172.91,37.74,18.49,58.38,92.3,337.54,616.44,22.47,58.24,227.82,40.4,49.95,92.49,108.53,430.38,84.88,46.21,130.32,52.54,111.3,113.95,168.83,62.44,47.73,300.95,225.67,221.87,110.51,169.94,182.44,188.7,150.64,2710.0,27.58,68.58,53.53,101.0,196.33,80.13,50.9,103.2,87.04,94.33,427.67,17.93,92.41
2019-03-11 00:00:00+00:00,42.92,22.96,88.58,178.73,178.9,38.51,18.81,59.55,94.71,341.08,616.88,22.9,58.92,229.69,41.1,50.47,93.96,110.04,438.33,86.03,46.21,131.89,53.62,114.6,116.93,172.01,63.18,48.51,304.4,227.16,225.64,112.83,171.54,183.66,189.5,161.14,2738.93,28.2,69.37,54.35,101.4,197.24,81.48,51.4,105.41,89.8,96.28,432.86,18.16,94.73
2019-03-12 00:00:00+00:00,42.63,23.49,88.81,180.96,180.91,38.71,18.87,60.99,95.99,342.51,630.99,22.79,59.16,232.96,41.4,51.33,94.89,111.09,438.5,86.08,46.33,131.89,54.09,113.34,116.67,172.06,63.03,48.56,301.92,229.78,226.94,113.62,172.43,185.02,190.89,162.52,2769.46,28.01,69.24,54.84,102.77,197.5,82.26,51.68,106.9,89.85,95.87,436.8,18.18,95.75
2019-03-13 00:00:00+00:00,43.7,23.38,89.64,180.81,181.71,38.6,18.95,60.87,96.97,348.13,637.07,23.04,59.67,236.38,40.95,53.6,95.01,111.57,438.87,86.08,46.26,133.0,54.39,114.48,116.88,170.41,63.35,48.07,303.45,230.47,228.5,114.5,173.56,185.59,190.97,168.62,2739.0,27.52,69.09,55.39,102.63,199.7,81.77,51.73,107.63,96.03,96.55,439.94,18.4,96.93
2019-03-14 00:00:00+00:00,43.32,22.82,88.77,180.62,183.73,38.93,18.95,60.61,96.62,352.71,642.39,23.09,59.2,233.84,40.8,53.58,94.94,110.32,440.48,85.5,45.73,132.35,54.13,114.94,117.19,176.53,62.74,48.02,298.51,231.81,229.51,114.59,174.98,186.81,190.98,165.56,2722.77,27.09,68.65,55.4,101.0,201.6,81.43,51.53,108.0,92.43,95.47,442.58,18.19,96.2
2019-03-15 00:00:00+00:00,44.63,23.29,88.41,180.38,186.12,40.39,18.99,61.06,97.82,355.92,639.0,23.09,59.03,233.6,40.76,53.53,94.66,111.02,441.61,86.24,45.94,134.12,54.52,114.5,119.62,182.39,62.83,47.73,296.15,233.44,231.17,115.91,176.69,189.58,191.24,169.81,2724.21,26.87,69.66,56.6,100.37,203.18,83.76,51.86,109.17,93.55,96.56,439.87,18.35,96.91
2019-03-18 00:00:00+00:00,44.97,23.25,88.9,180.9,188.02,40.0,19.23,60.49,97.03,357.35,655.8,23.07,59.09,236.59,40.46,52.07,94.49,112.71,444.1,85.09,46.44,134.04,55.29,116.06,119.88,180.2,63.49,47.86,297.64,237.64,230.39,117.57,177.97,190.97,190.87,168.95,2760.06,26.67,69.83,56.83,97.4,205.72,82.59,51.78,109.31,93.83,97.35,449.07,18.18,97.77
2019-03-19 00:00:00+00:00,46.42,26.0,88.71,181.12,186.53,40.37,19.12,59.6,97.55,360.45,665.86,22.81,58.87,237.05,39.58,53.91,93.18,113.43,443.55,84.6,46.13,134.35,55.25,115.14,120.16,179.35,63.3,46.59,296.6,235.62,231.01,117.65,178.63,191.77,188.5,175.71,2732.32,26.24,70.11,56.97,97.9,207.86,83.42,50.99,109.19,95.79,97.02,448.8,18.07,98.72
2019-03-20 00:00:00+00:00,46.16,25.7,87.74,180.23,188.16,39.57,19.08,60.62,97.17,362.44,665.79,22.9,59.15,236.98,39.21,53.71,93.57,112.45,448.08,83.73,45.56,133.36,54.82,112.95,119.93,175.74,63.26,46.22,295.98,237.22,229.89,117.52,177.25,191.97,189.87,174.4,2741.74,25.8,69.12,57.16,98.81,206.28,81.75,51.18,109.27,96.06,97.07,445.62,18.0,98.5
2019-03-21 00:00:00+00:00,48.6,27.89,88.9,182.33,195.09,41.33,19.2,62.31,98.58,366.27,670.45,25.82,59.76,239.54,40.54,55.0,94.95,115.0,458.29,86.07,46.38,136.15,55.46,116.51,123.8,183.8,63.75,47.57,299.01,240.16,235.87,120.22,181.99,195.67,191.91,183.94,2760.73,26.3,73.89,57.77,100.97,209.77,86.07,51.57,112.91,99.11,100.06,453.73,18.32,99.64
2019-03-22 00:00:00+00:00,46.87,26.37,87.22,177.18,191.05,39.86,18.72,61.63,95.87,360.78,671.46,26.45,59.25,237.56,40.93,54.05,96.12,112.88,451.5,85.58,45.01,134.0,54.54,112.46,120.53,179.45,62.99,47.84,294.01,238.34,230.76,117.05,177.89,191.86,193.93,177.5,2780.91,26.58,71.67,56.82,100.14,205.49,82.59,51.88,110.31,96.02,103.21,444.71,18.25,97.93
2019-03-25 00:00:00+00:00,46.98,25.97,87.45,177.44,188.74,39.4,18.6,61.62,95.66,356.84,676.77,27.36,59.53,236.97,41.96,53.24,95.82,112.37,446.18,85.26,45.51,132.9,54.34,112.59,119.4,179.09,62.63,49.55,294.12,239.12,230.42,117.66,177.41,191.58,193.61,173.78,2832.78,27.21,70.87,56.64,101.42,205.01,81.45,52.05,111.36,96.03,102.8,447.01,18.2,97.93
2019-03-26 00:00:00+00:00,46.43,25.69,88.42,179.69,186.79,39.63,18.8,62.88,95.7,356.03,688.82,27.12,60.26,239.07,41.59,53.09,96.51,113.36,447.67,86.93,45.81,134.69,53.27,113.74,120.04,180.05,63.37,49.71,294.92,243.68,233.29,117.91,177.91,194.44,195.0,176.87,2826.21,27.38,71.15,58.0,102.32,206.13,82.12,52.53,112.4,96.37,103.13,445.58,18.57,98.82
2019-03-27 00:00:00+00:00,45.52,24.89,88.2,178.55,188.47,38.93,18.92,63.84,94.2,355.51,697.87,27.12,59.7,239.41,42.54,53.48,95.96,114.92,448.08,87.65,46.06,133.99,52.6,114.76,118.1,177.64,63.27,51.67,293.95,245.08,232.52,116.77,177.84,193.36,193.92,176.5,2860.24,28.78,70.57,56.91,101.5,205.18,80.59,52.23,112.49,94.49,104.42,445.58,18.57,98.52
2019-03-28 00:00:00+00:00,45.62,25.06,89.82,180.29,188.72,38.51,19.13,63.68,95.11,352.87,702.51,27.74,59.87,241.22,41.67,53.52,95.06,116.78,449.96,87.78,46.75,135.15,53.81,116.14,117.47,175.68,63.73,49.76,295.6,246.52,234.86,116.93,179.39,196.64,191.92,177.25,2807.32,28.3,70.23,56.55,102.7,207.66,80.54,51.35,113.93,96.49,104.79,449.15,18.63,99.39
2019-03-29 00:00:00+00:00,45.53,25.52,90.71,182.71,189.95,39.66,19.11,69.8,96.37,346.91,710.31,27.74,60.59,242.14,41.38,54.29,95.63,118.5,453.16,88.28,47.61,136.52,54.38,115.98,119.41,179.01,64.09,49.09,300.16,246.08,235.45,117.94,181.09,198.84,193.32,179.56,2767.0,27.96,71.73,57.03,103.97,210.55,82.48,51.68,115.15,94.37,105.55,453.99,18.47,100.67
2019-04-01 00:00:00+00:00,47.12,26.36,92.64,187.45,191.24,41.13,19.66,69.07,98.62,346.22,705.74,27.63,62.18,244.19,41.71,54.92,94.36,119.52,456.3,89.31,47.89,138.66,54.66,117.79,122.16,184.7,64.89,48.91,304.29,246.72,239.05,119.02,184.48,201.88,190.49,182.28,2766.99,27.89,73.21,57.81,104.67,212.9,83.86,51.41,117.57,95.69,105.81,464.39,18.66,101.54
2019-04-02 00:00:00+00:00,47.46,26.75,92.42,187.61,194.02,40.99,19.75,69.79,99.27,346.63,704.8,27.39,63.16,240.5,41.7,54.6,94.13,120.23,460.44,89.78,47.56,138.8,54.73,116.83,121.95,184.26,63.64,48.86,303.1,248.69,239.26,119.19,185.05,204.89,189.48,183.0,2768.0,27.77,74.07,58.09,105.01,213.22,84.16,51.64,117.51,97.66,106.21,461.31,18.93,102.04
2019-04-03 00:00:00+00:00,47.65,29.02,93.49,188.54,195.35,42.43,19.58,71.2,100.5,345.37,705.64,27.47,63.73,242.48,41.89,55.27,94.05,122.34,462.01,90.64,48.21,137.8,54.94,116.55,124.07,191.54,63.68,49.81,297.27,246.68,238.93,119.97,186.22,206.34,189.31,188.62,2793.88,27.77,74.41,57.68,103.0,213.6,85.36,51.5,117.42,97.91,106.9,465.47,19.07,102.12
2019-04-04 00:00:00+00:00,46.96,29.09,94.12,184.98,195.69,42.62,19.87,72.09,100.56,345.72,703.38,27.79,62.99,244.4,42.81,55.11,93.61,123.11,461.44,90.08,48.92,135.69,54.96,117.18,123.99,191.03,63.98,50.69,299.67,248.41,236.06,119.36,186.83,206.28,188.4,188.26,2869.9,28.59,74.04,57.86,101.3,212.65,85.51,51.2,115.26,93.7,107.3,463.31,19.02,101.98
2019-04-05 00:00:00+00:00,47.29,28.98,94.92,185.83,197.0,43.04,20.11,72.04,100.79,351.44,708.37,28.29,63.95,245.87,43.55,55.95,94.47,123.78,466.62,89.86,50.26,136.9,54.77,117.39,124.34,195.15,64.6,51.68,302.58,253.89,236.63,119.89,187.24,206.99,190.08,190.95,2870.47,28.94,74.89,57.99,100.91,214.53,86.8,51.65,116.59,94.53,107.5,462.78,19.39,102.12
2019-04-08 00:00:00+00:00,47.57,28.53,94.4,186.41,200.1,42.92,20.26,72.7,101.99,354.14,714.68,28.3,64.64,246.52,43.7,55.24,94.34,123.27,463.41,88.33,50.49,136.63,54.89,117.6,124.72,193.58,64.8,51.3,305.66,258.14,236.27,119.93,187.17,211.0,188.64,191.79,2881.27,28.83,75.25,57.76,101.46,213.65,87.65,51.51,116.43,94.29,106.62,462.32,19.48,102.23
2019-04-09 00:00:00+00:00,47.01,27.24,93.49,186.66,199.5,42.01,20.0,73.31,101.97,354.56,710.67,27.54,64.24,244.91,43.4,55.11,94.71,122.52,460.11,88.23,49.4,136.68,54.87,116.46,122.13,190.46,64.0,50.23,302.68,258.99,235.91,119.28,186.66,211.89,189.71,189.26,2878.06,28.57,75.22,57.44,101.35,214.81,87.07,51.95,116.69,93.28,105.72,454.37,19.38,101.46
2019-04-10 00:00:00+00:00,47.86,27.83,93.33,187.92,200.62,42.17,20.08,74.31,104.05,354.35,718.85,29.39,64.27,245.61,43.93,55.9,94.59,123.12,461.21,86.75,49.67,137.05,54.97,117.12,123.34,190.84,64.62,50.84,299.12,258.46,237.06,120.19,185.28,214.61,188.62,192.1,2910.42,28.92,76.23,56.33,101.62,212.68,88.05,51.77,117.28,95.33,105.88,456.96,19.37,101.33
2019-04-11 00:00:00+00:00,47.17,27.79,93.77,188.59,198.95,42.47,20.37,73.9,106.7,355.25,707.53,29.78,64.89,241.24,44.85,54.63,95.02,124.48,460.67,85.54,49.11,137.07,55.01,117.13,122.91,191.31,65.25,51.3,305.59,257.22,236.04,120.33,185.25,216.3,190.04,191.54,2944.25,29.41,76.05,55.9,100.84,213.13,88.24,52.12,117.76,95.27,106.04,461.52,19.17,101.06
2019-04-12 00:00:00+00:00,47.28,27.85,94.57,189.55,198.87,42.99,20.71,74.58,107.0,356.05,712.44,29.75,65.37,241.95,45.35,54.54,95.24,125.06,463.38,86.3,49.13,139.14,55.08,118.38,123.43,194.08,65.34,50.97,309.7,259.85,238.83,120.95,187.11,217.99,190.85,190.01,2970.1,29.39,77.19,56.95,102.28,214.93,90.68,52.5,118.19,94.11,106.18,463.38,19.11,101.67
2019-04-15 00:00:00+00:00,45.75,27.33,94.07,189.96,199.23,42.71,20.55,75.03,108.14,357.34,712.27,30.08,65.21,246.33,45.42,55.17,95.05,126.17,460.0,86.55,49.41,138.31,55.13,117.61,122.25,192.81,64.96,51.14,308.71,261.74,239.15,121.05,189.21,218.99,191.16,184.7,2998.7,29.5,76.39,57.18,103.1,216.47,90.28,52.72,117.57,92.65,105.87,458.16,19.17,101.26
2019-04-16 00:00:00+00:00,45.06,27.93,93.9,189.4,199.25,43.72,20.68,75.94,107.68,358.05,706.48,30.09,65.18,245.34,45.69,55.32,93.39,126.27,452.66,85.01,49.37,138.82,55.17,117.99,124.35,194.62,65.13,51.4,310.06,262.92,240.09,120.77,190.54,219.34,189.52,188.21,3022.16,29.76,78.31,70.45,101.85,216.95,93.56,52.39,116.73,90.94,107.23,458.13,19.24,99.17
2019-04-17 00:00:00+00:00,44.98,27.49,93.9,187.09,203.13,43.89,19.92,77.42,105.19,361.69,688.21,30.12,64.8,245.56,45.77,51.05,92.9,125.46,447.52,85.29,48.53,138.64,54.61,122.81,123.72,196.29,65.1,51.91,310.5,262.23,241.0,121.77,187.97,219.0,189.65,187.29,3044.62,30.04,76.56,79.08,97.37,215.39,91.18,52.16,116.04,89.74,106.18,456.24,19.3,97.98
2019-04-18 00:00:00+00:00,45.31,27.68,93.75,186.59,203.86,43.95,20.04,77.0,105.39,359.37,700.0,30.52,65.06,245.81,46.42,52.23,93.46,125.7,446.44,85.06,48.97,139.67,55.01,125.03,124.2,194.77,65.25,52.91,314.26,263.92,240.89,123.37,189.06,221.35,189.36,186.3,3084.12,30.39,76.68,79.89,99.22,217.2,90.0,51.96,115.98,90.74,107.12,469.28,19.3,99.03
2019-04-22 00:00:00+00:00,45.34,28.18,93.96,189.04,204.53,43.79,20.28,75.7,104.92,358.05,701.67,30.88,64.99,243.42,45.66,51.1,93.64,124.82,447.23,85.73,48.33,140.58,55.66,124.05,123.07,195.22,65.4,52.09,315.26,262.13,243.05,123.76,188.09,222.53,190.38,188.47,3271.95,30.22,76.01,81.97,100.01,217.16,88.27,51.93,116.99,91.92,105.72,467.33,19.27,100.12
2019-04-23 00:00:00+00:00,46.51,27.97,95.99,192.2,207.48,43.83,20.68,77.34,106.1,358.63,702.46,30.89,65.86,245.58,46.4,53.03,94.3,125.14,450.21,87.08,49.36,143.71,56.29,124.07,123.16,194.78,66.51,52.46,333.1,262.5,243.49,125.44,188.64,226.03,189.79,190.67,3215.0,31.35,76.6,86.72,101.49,217.99,89.24,51.84,119.89,93.29,107.74,479.7,19.41,101.97
2019-04-24 00:00:00+00:00,46.75,28.46,95.5,192.91,207.16,44.46,21.1,77.29,106.38,360.5,709.75,31.28,66.53,247.96,46.67,54.03,94.64,125.42,453.46,86.53,49.85,142.89,56.08,124.18,125.64,195.44,66.53,52.63,330.12,264.38,245.29,125.01,194.37,224.77,190.06,191.17,3215.77,31.86,77.25,86.83,101.73,218.38,89.9,52.23,119.87,93.6,106.75,477.42,19.44,101.1
2019-04-25 00:00:00+00:00,47.41,27.66,96.56,191.93,205.28,44.45,20.64,76.33,105.25,366.76,678.07,30.95,65.76,245.6,44.45,53.89,95.21,124.52,453.89,86.3,52.05,143.43,56.3,123.31,125.41,205.08,66.39,51.56,328.87,265.46,245.61,129.15,193.23,223.28,190.48,186.91,3145.78,31.67,77.3,85.07,102.25,219.2,88.53,52.44,119.7,92.9,104.82,476.81,19.18,101.83
2019-04-26 00:00:00+00:00,48.15,27.88,98.31,194.66,204.3,44.66,20.68,77.97,105.29,370.15,676.79,30.99,66.86,243.82,44.0,55.61,95.13,125.26,453.05,85.37,52.36,144.89,56.57,124.51,125.79,206.39,66.55,52.03,328.33,269.68,246.68,129.89,195.56,226.02,191.71,178.09,3116.14,31.46,74.99,86.64,103.94,220.27,87.02,52.54,120.12,96.25,107.74,482.93,19.69,103.35
2019-04-29 00:00:00+00:00,48.4,27.69,98.41,193.59,204.61,44.24,20.7,77.32,104.87,370.97,677.9,30.36,67.08,244.28,43.95,56.15,95.0,126.16,448.81,85.05,52.6,145.38,56.9,122.74,126.05,206.12,66.87,52.16,328.59,276.3,247.13,129.77,194.7,223.78,191.77,179.33,3132.6,31.33,75.45,87.25,103.07,219.7,86.8,52.26,119.86,97.15,107.6,482.57,19.41,101.26
2019-04-30 00:00:00+00:00,48.21,27.63,99.23,195.8,200.67,44.07,21.48,77.86,105.6,371.19,688.04,30.78,67.32,245.53,44.31,55.24,96.9,125.95,454.7,87.24,52.78,146.07,57.26,123.14,127.48,207.43,73.48,52.03,333.33,278.33,254.24,130.6,196.62,225.38,194.44,181.0,3152.48,31.46,75.61,86.13,104.51,220.66,88.18,53.22,121.08,96.83,107.82,482.52,19.44,101.84
2019-05-01 00:00:00+00:00,48.56,26.81,99.04,192.51,210.52,43.38,21.46,78.35,107.36,371.04,688.56,30.14,66.01,241.59,44.35,55.6,95.89,124.47,450.01,85.93,52.76,144.08,56.48,122.4,125.96,203.96,72.85,52.05,331.85,282.04,248.75,127.88,193.9,222.72,193.27,180.47,3183.53,31.29,75.58,86.37,104.45,219.45,88.48,52.52,120.09,99.05,106.33,477.59,19.32,101.79
2019-05-02 00:00:00+00:00,49.55,28.29,98.92,191.38,209.15,43.7,21.91,78.24,107.72,370.41,707.87,29.95,66.74,242.69,44.38,56.51,96.22,123.3,465.01,85.46,53.83,144.33,56.56,123.64,128.17,206.84,73.14,52.36,332.55,282.91,247.19,126.21,192.77,221.29,191.72,183.19,3247.87,31.7,76.75,87.14,105.74,217.17,90.79,52.75,120.7,99.68,107.9,478.59,19.27,103.15
2019-05-03 00:00:00+00:00,47.15,28.22,102.19,192.49,211.75,43.96,22.41,78.62,109.09,377.68,709.52,30.01,67.11,244.62,44.13,56.99,96.63,124.17,476.99,86.74,55.58,145.9,57.0,125.25,128.47,207.78,74.45,52.23,334.07,286.05,247.95,128.9,196.44,226.93,192.41,183.01,3270.0,31.78,75.18,89.29,112.68,217.88,87.6,53.24,121.65,101.62,109.55,478.35,19.3,103.75
2019-05-06 00:00:00+00:00,48.16,27.42,101.23,192.6,208.48,43.11,22.39,78.31,109.05,376.28,716.67,29.8,67.02,244.23,44.13,57.79,96.21,123.89,478.53,87.8,55.16,147.32,56.98,124.36,124.61,204.54,74.11,51.85,335.72,290.44,248.64,128.15,197.24,229.63,190.9,179.85,3292.37,31.74,74.33,88.25,112.63,219.61,86.52,53.01,121.53,101.65,105.61,475.29,19.22,103.33
2019-05-07 00:00:00+00:00,46.68,26.66,99.36,188.92,202.86,42.05,22.29,77.68,106.77,374.74,706.52,29.2,66.0,240.18,43.75,56.6,96.51,121.23,474.93,85.54,54.43,144.2,56.08,122.59,116.96,199.94,73.53,51.75,330.9,279.87,245.06,125.52,192.64,221.93,189.75,173.11,3251.41,31.47,73.68,85.2,112.34,214.6,83.55,52.86,119.57,99.88,103.97,469.05,19.2,101.37
2019-05-08 00:00:00+00:00,46.82,27.09,99.62,190.93,202.9,41.58,22.39,77.71,105.64,372.32,709.57,29.59,66.22,241.34,43.23,51.76,94.23,120.0,478.98,85.42,54.19,145.09,56.15,121.42,114.55,199.71,74.17,51.13,334.18,280.82,245.33,125.51,192.02,223.83,187.88,173.92,3228.0,31.08,76.18,84.54,111.42,214.73,84.06,52.2,119.36,101.81,105.74,481.54,19.2,101.86
2019-05-09 00:00:00+00:00,46.64,27.21,100.1,190.51,200.72,40.94,22.09,78.53,105.39,374.33,705.13,29.23,66.35,243.47,43.62,52.38,94.31,119.04,476.59,84.69,54.02,146.07,55.72,122.2,114.13,198.63,75.02,51.78,339.36,278.0,245.31,125.5,188.88,221.88,188.61,170.19,3307.48,31.53,75.15,83.78,112.05,213.12,83.64,52.36,118.9,102.12,104.92,473.05,19.2,101.67
2019-05-10 00:00:00+00:00,46.02,27.96,100.28,191.88,197.18,40.8,22.48,79.07,106.55,377.89,705.44,28.72,66.87,247.02,43.52,52.11,96.33,119.4,479.82,85.23,54.15,146.89,56.2,120.66,114.02,197.9,75.48,51.86,341.35,280.95,247.43,127.13,188.99,224.28,191.76,168.82,3290.79,31.54,75.07,85.84,112.09,214.33,82.56,53.37,119.82,103.38,104.85,473.86,19.4,102.29
2019-05-13 00:00:00+00:00,43.41,26.24,99.07,183.97,185.72,39.09,21.51,76.76,102.04,368.89,687.27,28.11,65.23,241.92,43.23,51.18,97.47,116.43,476.24,83.36,52.37,143.6,54.64,117.36,108.83,188.3,73.77,51.47,335.37,281.65,241.38,123.35,183.51,215.35,194.93,158.45,3249.35,31.26,71.05,83.89,110.85,208.68,76.63,54.1,115.9,100.01,97.68,464.18,19.06,101.35
2019-05-14 00:00:00+00:00,44.7,27.32,99.4,186.03,188.66,40.01,21.86,77.18,103.26,373.15,703.18,28.6,65.8,242.73,43.98,51.24,96.49,118.69,484.0,84.46,53.0,146.79,56.14,119.01,109.57,192.44,74.3,52.75,336.17,287.39,245.94,124.73,186.74,220.44,194.9,162.04,3286.04,32.07,72.86,86.13,112.06,211.83,78.11,53.63,117.74,103.55,98.34,467.45,19.32,101.25
2019-05-15 00:00:00+00:00,46.28,27.58,100.43,186.95,190.92,41.5,22.01,75.9,104.11,377.19,705.89,29.0,66.31,244.67,44.05,50.22,96.29,118.72,486.62,85.87,53.17,148.22,56.62,119.73,110.35,195.48,75.05,52.92,334.15,287.0,249.15,126.02,186.65,220.9,194.86,159.58,3315.58,31.93,73.35,86.26,112.82,211.72,78.75,53.64,120.23,107.48,98.36,452.63,19.44,101.84
2019-05-16 00:00:00+00:00,47.29,28.01,101.87,191.44,190.08,41.66,22.12,75.94,105.83,382.19,708.93,29.1,67.07,247.44,44.96,50.0,96.91,121.55,491.76,87.78,53.21,151.4,57.69,121.37,108.78,194.46,76.29,53.66,339.39,289.43,253.42,128.93,189.27,226.07,197.11,160.19,3344.65,32.33,68.11,82.81,113.43,215.29,73.99,54.06,123.17,107.55,99.44,465.14,19.6,102.93
2019-05-17 00:00:00+00:00,46.39,27.5,100.47,187.53,189.0,42.7,21.96,76.39,104.34,386.41,715.91,29.08,65.6,248.35,44.54,49.23,97.89,121.12,490.28,87.3,52.79,149.81,57.4,121.95,108.6,194.16,75.99,53.13,337.99,292.17,252.55,128.07,185.93,224.81,198.98,156.53,3320.0,32.48,63.93,81.5,112.78,212.94,70.41,53.82,121.39,106.66,96.02,457.75,19.32,101.97
2019-05-20 00:00:00+00:00,43.61,26.68,99.98,184.67,183.09,40.35,22.01,76.86,104.33,377.29,718.0,28.48,65.36,248.9,43.36,48.87,97.95,121.28,480.12,87.18,52.32,148.54,57.5,121.42,105.61,183.67,75.27,51.81,342.01,293.59,253.49,126.22,184.77,222.67,199.35,151.75,3261.18,31.86,61.27,76.62,112.06,211.83,68.01,54.08,115.01,102.98,95.39,448.67,19.23,102.22
2019-05-21 00:00:00+00:00,43.45,27.35,101.48,185.86,186.6,41.27,22.38,77.98,106.32,379.21,715.0,28.56,65.94,249.93,43.8,49.6,97.68,122.78,484.45,88.41,53.35,150.49,58.43,122.92,106.83,186.91,76.73,52.29,343.95,292.04,255.36,126.9,187.71,224.91,198.9,155.06,3309.32,32.27,61.54,77.75,112.49,216.93,69.74,53.97,115.78,103.75,97.86,458.5,19.41,102.38
2019-05-22 00:00:00+00:00,42.91,27.41,99.93,185.53,182.78,40.49,22.37,77.9,106.09,378.08,706.04,28.45,64.79,249.51,43.76,49.25,98.49,123.84,493.99,89.6,52.73,150.62,58.72,121.72,105.89,187.18,76.97,51.76,341.3,292.49,256.9,127.67,189.87,225.12,201.93,152.2,3246.78,32.12,60.2,69.31,113.12,217.6,68.54,54.11,115.09,104.23,98.51,459.59,19.47,102.94
2019-05-23 00:00:00+00:00,42.19,26.36,99.1,180.11,179.66,39.94,22.21,76.78,102.3,375.51,667.12,28.89,69.94,248.53,43.62,48.15,99.35,121.06,496.26,87.2,52.44,147.96,57.76,120.89,104.53,185.45,76.13,51.08,340.07,291.62,249.73,126.18,184.6,217.67,203.53,147.32,3215.28,31.59,60.66,68.255,112.74,213.99,68.46,54.34,117.01,104.38,95.38,447.63,19.47,102.89
2019-05-24 00:00:00+00:00,42.29,26.44,99.28,182.15,178.97,39.5,22.25,76.48,103.19,375.0,662.56,28.83,70.99,247.3,44.63,47.56,98.99,121.72,496.52,86.9,52.97,153.44,58.38,120.85,103.81,181.9,76.27,51.91,338.78,288.32,251.48,126.24,185.1,218.86,203.37,145.15,3272.72,32.12,62.3,66.21,113.89,214.33,69.53,54.35,116.71,105.02,93.65,445.9,19.36,102.4
2019-05-28 00:00:00+00:00,43.5,29.03,98.82,180.4,178.23,39.01,22.14,76.24,102.98,377.0,680.07,28.46,71.7,246.31,44.11,46.92,96.93,123.4,491.23,86.97,51.02,148.87,57.82,120.61,102.74,178.92,74.98,51.31,337.89,281.07,253.43,126.16,187.39,221.36,201.17,143.33,3214.32,31.68,60.73,65.37,113.38,214.52,68.01,53.56,117.88,106.54,91.19,448.51,19.34,102.02
2019-05-29 00:00:00+00:00,43.99,28.09,97.79,179.36,177.38,39.37,22.03,77.13,102.97,375.37,667.97,27.25,70.49,240.69,43.48,44.39,95.66,122.34,482.55,86.81,50.27,147.67,57.52,117.98,103.39,177.6,74.8,50.55,339.34,281.32,253.56,124.94,186.23,220.54,198.72,140.34,3219.76,31.26,62.08,65.76,112.17,216.54,68.54,52.89,116.22,107.0,90.82,446.46,19.36,101.15
2019-05-30 00:00:00+00:00,43.56,28.03,99.48,180.69,178.3,39.75,22.0,78.09,102.51,379.22,678.0,26.86,71.55,241.54,43.96,44.64,96.16,123.15,487.31,87.13,50.46,152.93,57.82,118.67,104.5,178.62,74.83,50.31,341.96,283.96,254.19,125.73,187.3,222.78,198.94,139.11,3226.18,31.53,61.87,66.59,113.3,217.16,68.27,53.0,117.04,106.99,90.05,450.64,19.31,102.33
2019-05-31 00:00:00+00:00,43.37,27.41,97.05,179.5,175.07,38.69,21.9,78.28,98.44,376.8,659.97,26.77,71.48,239.58,42.76,43.42,97.07,120.9,485.79,85.86,48.06,154.04,57.39,113.28,103.07,174.61,75.33,49.66,338.54,297.82,251.49,123.68,182.88,220.01,198.21,135.46,3201.57,31.0,61.18,66.82,114.12,213.88,66.63,53.5,116.44,108.15,89.11,440.95,19.4,101.05
2019-06-03 00:00:00+00:00,42.38,27.58,99.6,175.24,173.3,38.78,22.12,79.41,99.36,377.65,641.66,27.52,71.3,241.07,43.27,45.3,98.02,120.53,485.58,82.68,49.12,148.87,57.66,112.05,101.78,172.43,75.92,50.4,344.57,294.22,242.26,119.84,181.01,216.26,199.58,133.78,3266.7,31.69,61.88,66.66,112.76,212.97,66.92,54.16,113.41,105.95,90.17,441.19,19.39,103.95
2019-06-04 00:00:00+00:00,43.61,29.57,100.42,182.36,179.64,40.42,22.55,80.27,102.48,387.67,662.18,28.62,72.37,245.61,44.41,47.0,97.44,124.19,481.05,86.16,51.19,153.18,58.22,117.12,105.32,180.42,78.0,51.4,349.35,299.12,249.18,123.16,184.86,224.83,199.38,143.0,3317.55,31.94,64.18,68.45,114.07,214.83,69.4,54.2,118.05,108.99,92.51,454.82,20.37,108.12
2019-06-05 00:00:00+00:00,44.52,29.5,103.31,185.85,182.54,40.59,22.98,80.04,103.18,384.96,679.48,29.25,73.07,247.96,44.63,46.62,100.24,128.0,495.29,88.36,52.15,157.08,59.04,119.29,106.31,182.32,78.12,52.13,352.7,316.8,256.26,125.83,186.84,234.5,204.65,141.28,3356.68,32.06,63.44,67.02,115.13,220.27,67.96,54.81,120.98,111.55,92.45,467.62,19.85,108.5
2019-06-06 00:00:00+00:00,44.08,31.82,103.7,189.2,185.22,41.38,23.28,79.95,104.22,387.31,692.18,29.65,73.74,251.21,45.17,46.56,100.98,129.1,494.66,89.41,52.08,157.8,59.22,117.34,107.86,184.64,78.7,52.68,352.52,326.86,257.83,127.82,188.91,237.58,205.76,143.78,3362.49,31.81,63.45,67.59,116.89,222.01,69.43,55.38,122.12,110.67,91.19,468.53,19.96,108.89
2019-06-07 00:00:00+00:00,45.38,32.41,104.14,193.29,190.15,41.51,23.54,79.89,104.86,394.04,709.87,29.63,74.65,256.01,45.6,47.69,100.6,130.17,499.6,89.74,51.99,160.91,59.6,117.5,109.42,186.68,79.42,53.36,355.23,334.61,265.8,131.4,189.91,240.3,204.39,145.5,3391.0,32.75,64.38,68.69,117.4,224.67,70.15,54.71,123.9,111.65,90.47,468.88,20.15,110.06
2019-06-10 00:00:00+00:00,46.01,33.23,105.54,195.08,192.58,43.14,23.29,82.36,106.38,395.41,720.52,29.35,74.84,256.85,45.49,47.99,99.85,130.21,506.02,90.58,52.69,160.45,60.75,120.01,113.46,191.17,79.17,52.78,351.6,339.9,266.1,132.6,191.95,243.99,203.42,148.43,3402.35,32.73,65.5,70.54,118.33,227.13,73.1,54.48,126.22,111.78,92.14,474.67,20.02,110.22
2019-06-11 00:00:00+00:00,46.7,32.41,105.0,194.81,194.81,43.75,23.01,81.22,105.85,391.64,729.24,29.8,73.69,257.11,44.87,48.23,99.5,128.65,504.24,89.64,52.26,158.94,59.64,119.19,114.23,189.92,78.33,52.27,344.04,333.99,263.66,132.1,189.88,236.35,201.97,150.75,3370.82,32.5,64.31,71.24,118.19,222.69,73.97,54.55,126.14,110.29,92.09,467.15,19.89,110.16
2019-06-12 00:00:00+00:00,45.09,32.18,104.54,197.77,194.19,41.5,22.66,82.04,105.37,391.16,737.74,29.55,74.79,257.23,45.04,48.08,101.31,130.99,503.67,89.77,51.89,158.7,59.45,118.47,110.1,179.88,79.25,52.09,345.51,325.28,263.85,131.49,190.82,234.85,204.55,146.2,3395.0,32.16,62.78,69.59,119.53,224.2,72.66,55.15,126.74,108.71,91.4,469.11,20.14,111.44
2019-06-13 00:00:00+00:00,46.05,31.39,105.31,198.47,194.15,41.65,23.19,82.15,106.11,389.72,732.29,29.8,74.77,259.71,45.46,49.03,101.02,132.63,507.3,88.66,53.19,158.17,59.26,116.98,110.94,180.19,78.42,53.08,349.08,317.67,261.2,132.32,192.36,234.82,204.77,148.26,3395.81,32.5,63.31,69.93,119.44,224.45,73.35,55.15,125.98,110.72,91.16,473.06,20.06,110.03
2019-06-14 00:00:00+00:00,45.62,30.36,106.02,197.13,192.74,41.23,22.98,83.54,104.24,392.08,740.59,29.88,73.81,260.15,45.96,48.88,102.04,132.04,509.92,89.2,54.01,158.81,59.32,116.91,109.7,176.8,78.84,53.55,350.14,320.05,260.1,132.45,192.3,235.78,206.96,144.64,3459.62,32.85,61.5,68.72,118.09,224.9,71.8,55.65,124.8,110.36,91.02,472.86,20.09,110.79
2019-06-17 00:00:00+00:00,45.07,29.2,104.65,198.72,193.89,40.5,22.88,83.87,104.21,394.07,731.65,29.34,73.22,261.43,45.96,49.25,101.76,132.6,511.48,88.97,53.4,159.82,59.36,114.44,107.93,172.51,78.25,53.01,348.69,318.5,259.2,132.85,191.82,232.59,206.37,145.03,3430.0,32.66,61.66,69.11,118.5,224.17,72.44,55.5,124.52,110.29,91.43,471.54,20.06,110.81
2019-06-18 00:00:00+00:00,45.77,30.45,106.15,201.89,198.45,42.31,23.53,83.67,104.13,395.21,732.54,28.98,73.37,262.74,45.84,49.74,101.3,132.76,503.23,89.1,54.66,158.79,59.08,116.45,111.61,180.44,78.63,52.49,353.52,318.55,258.81,135.16,194.04,233.59,205.42,152.88,3449.95,32.9,65.09,71.96,119.63,226.23,75.72,55.26,125.86,111.02,92.04,480.86,19.57,113.38
2019-06-19 00:00:00+00:00,45.33,30.5,107.16,204.05,197.87,42.53,23.69,83.49,105.02,397.75,736.35,29.24,74.07,263.66,44.85,51.27,102.48,133.87,511.17,90.0,54.6,160.9,59.55,117.36,112.26,181.42,78.63,52.09,355.73,331.39,259.87,135.69,196.06,236.65,206.24,153.12,3375.87,32.21,65.59,71.8,120.54,230.57,75.53,55.74,127.65,111.02,92.78,487.33,19.71,114.28
2019-06-20 00:00:00+00:00,45.67,30.01,108.26,203.7,199.46,43.21,24.15,83.0,108.11,398.77,738.8,29.2,74.75,267.35,45.69,52.41,103.44,134.98,508.37,91.69,55.68,161.76,59.89,118.04,113.79,183.96,79.66,52.73,362.8,331.36,266.79,136.95,197.35,237.44,206.38,154.1,3411.99,32.73,64.84,72.74,123.27,231.28,75.84,56.02,130.01,111.54,96.12,496.71,19.89,112.97
2019-06-21 00:00:00+00:00,45.91,29.1,107.84,200.96,198.78,42.96,24.33,85.64,108.59,394.69,726.85,28.72,73.94,266.13,44.66,53.09,104.26,134.07,508.09,91.48,55.04,161.04,59.88,119.5,113.93,183.03,78.92,51.35,359.36,333.08,264.47,136.97,194.56,232.4,207.55,151.76,3313.24,31.9,63.89,72.72,120.07,228.7,75.22,56.27,128.84,112.64,93.62,497.46,20.09,112.88
2019-06-24 00:00:00+00:00,47.15,29.26,107.89,201.39,198.58,42.33,24.3,82.64,107.54,392.44,724.13,28.1,73.77,266.77,44.28,53.41,103.69,133.16,510.04,90.81,55.38,160.18,59.56,117.88,113.22,181.27,78.96,51.41,359.98,333.02,265.3,137.78,195.11,235.01,208.2,152.66,3334.23,32.15,64.55,73.16,121.17,228.85,75.91,56.28,128.11,113.83,91.85,491.0,19.94,113.47
2019-06-25 00:00:00+00:00,46.2,28.86,107.57,196.45,195.57,41.98,24.39,83.37,107.465,390.91,733.22,28.89,73.38,266.36,42.57,54.27,103.24,130.98,500.05,90.28,55.13,157.82,59.26,117.86,113.07,175.82,79.13,48.22,360.56,319.04,259.73,133.43,193.79,230.75,206.22,151.48,3271.64,31.38,63.46,72.55,119.89,227.98,74.32,55.98,124.64,112.81,91.24,484.4,19.94,113.86
2019-06-26 00:00:00+00:00,46.73,29.92,107.59,198.68,199.8,43.58,24.89,84.14,108.61,388.24,727.49,28.93,73.39,264.41,42.06,54.84,101.21,131.1,490.28,90.19,55.24,158.64,62.37,118.53,116.85,181.28,78.51,47.55,359.5,312.67,261.3,133.93,193.89,231.52,203.07,159.26,3236.74,31.16,65.64,74.95,119.5,226.4,75.84,54.98,123.98,111.55,91.94,478.5,19.6,113.05
2019-06-27 00:00:00+00:00,47.28,30.74,108.77,200.87,199.74,44.69,25.39,86.86,110.4,391.41,724.12,25.43,73.36,265.58,43.22,55.41,101.66,132.43,498.19,90.83,55.96,159.73,63.1,120.77,117.74,186.13,79.39,48.43,359.09,316.34,261.1,134.15,195.33,234.1,204.55,163.23,3333.62,31.55,67.06,75.43,120.6,226.99,76.95,55.08,125.62,113.39,91.98,476.08,19.68,112.76
2019-06-28 00:00:00+00:00,47.2,30.37,110.55,204.82,197.92,44.91,25.82,86.83,111.0,395.18,732.88,26.52,74.74,264.26,43.13,56.26,102.93,135.24,504.29,91.16,57.13,160.13,63.72,121.82,118.2,187.84,79.85,48.46,363.54,321.42,264.53,133.96,195.31,238.79,204.86,164.23,3370.25,31.62,66.61,76.07,122.03,227.79,77.27,55.28,128.69,113.53,93.64,483.8,19.89,113.49
2019-07-01 00:00:00+00:00,47.5,31.2,111.52,208.11,201.55,45.68,26.08,87.16,112.53,397.74,725.39,26.9,74.97,263.55,43.62,56.09,102.0,135.83,504.94,92.51,57.44,162.65,64.61,123.33,121.72,191.34,80.17,48.08,361.47,322.58,266.77,135.68,198.33,240.51,204.02,166.17,3367.75,32.12,70.58,77.52,123.76,232.26,81.91,54.84,131.43,115.96,94.28,484.48,19.98,113.57
2019-07-02 00:00:00+00:00,47.98,31.24,110.26,206.59,202.73,44.66,26.15,87.69,112.73,398.69,723.08,26.67,74.8,265.47,44.12,56.74,103.69,136.11,514.94,93.59,56.43,162.03,64.66,123.71,119.63,187.19,80.14,48.55,367.57,330.89,270.57,136.58,200.26,244.58,207.66,162.23,3396.38,32.46,69.62,77.01,123.37,234.98,80.84,55.86,133.46,116.91,92.2,488.52,20.16,114.59
2019-07-03 00:00:00+00:00,48.66,31.19,110.51,209.33,204.41,44.67,25.87,88.9,113.54,400.0,730.98,28.26,74.97,269.14,44.35,57.4,104.54,138.61,518.95,94.23,56.86,162.99,65.12,124.49,119.06,184.86,81.4,49.22,370.38,338.5,273.08,137.46,202.61,245.57,208.73,162.75,3396.46,32.68,68.99,76.63,123.88,238.14,80.69,56.31,134.89,118.07,93.6,496.8,20.25,115.34
2019-07-05 00:00:00+00:00,48.15,31.5,110.99,209.51,204.23,43.98,26.1,88.48,113.79,401.68,739.54,28.06,74.6,268.25,43.48,58.27,104.34,138.06,518.18,94.46,56.52,162.49,64.62,122.94,117.9,183.64,82.02,48.28,369.92,341.9,272.14,137.06,201.43,242.29,208.11,160.23,3348.0,31.94,68.97,76.66,124.33,237.0,80.33,56.36,135.4,117.23,94.48,497.08,20.35,114.18
2019-07-08 00:00:00+00:00,46.47,32.04,109.98,207.93,200.02,43.45,25.82,87.8,110.4,399.395,748.8,28.47,74.14,269.4,44.09,55.51,104.37,136.2,519.16,93.58,55.94,163.0,64.58,121.28,117.35,181.4,81.41,48.27,369.18,341.5,271.23,136.96,197.58,234.7,209.13,157.21,3343.31,32.32,68.96,76.63,123.81,232.39,79.35,56.31,135.6,114.75,93.77,491.32,20.35,114.1
2019-07-09 00:00:00+00:00,46.37,33.15,110.17,206.72,201.24,43.97,25.84,87.58,112.76,401.22,745.49,28.0,75.26,269.97,43.91,52.55,104.24,137.19,521.5,93.84,55.7,164.78,64.81,120.76,117.78,183.08,81.52,47.37,369.73,342.9,273.34,136.46,198.05,238.0,208.16,157.31,3371.04,31.99,69.63,76.55,124.02,231.48,79.76,56.56,135.86,115.09,93.11,483.76,20.65,113.26
2019-07-10 00:00:00+00:00,46.84,33.79,109.32,209.55,203.23,44.72,25.79,87.41,112.46,407.21,743.01,28.34,75.78,271.42,44.66,54.65,104.67,135.25,527.16,93.86,54.99,163.88,64.84,119.17,119.61,184.22,81.5,48.42,368.16,349.4,275.38,137.85,199.77,238.0,209.48,160.06,3468.15,32.65,69.34,74.36,124.0,234.76,79.91,56.91,137.57,117.16,92.77,489.76,20.55,114.57
2019-07-11 00:00:00+00:00,47.34,33.06,109.27,211.3,201.75,45.28,25.72,88.77,113.57,410.25,740.06,27.48,76.79,276.54,44.41,56.41,104.45,136.67,523.88,93.69,54.91,164.13,65.4,121.13,120.06,184.89,81.94,47.64,368.23,354.53,278.32,138.4,201.66,240.28,210.4,166.28,3468.68,32.69,69.34,73.71,124.72,238.44,79.18,56.49,136.44,116.53,94.13,492.23,20.41,114.35
2019-07-12 00:00:00+00:00,47.2,33.21,110.44,212.28,203.3,46.51,26.0,88.94,116.22,414.31,750.85,27.61,77.33,279.44,45.49,56.9,103.87,137.66,518.01,94.51,56.13,164.22,65.57,122.77,122.92,191.24,82.43,47.8,369.45,358.28,279.54,138.9,205.31,245.12,208.73,167.61,3489.63,33.57,70.26,74.9,124.39,241.26,81.01,55.67,137.41,116.46,94.66,498.06,20.5,113.31
2019-07-15 00:00:00+00:00,47.66,34.39,110.76,210.92,205.21,46.28,25.82,88.79,115.92,414.63,759.87,27.52,77.5,280.58,45.22,56.95,104.84,137.21,516.99,94.75,56.36,165.94,65.58,121.6,123.54,192.75,82.34,47.3,367.69,360.79,279.37,138.9,205.0,245.2,208.85,167.27,3450.0,33.14,70.69,75.43,123.75,240.89,82.04,56.11,137.46,117.03,93.82,498.37,20.77,113.57
2019-07-16 00:00:00+00:00,46.99,33.85,110.78,209.74,204.5,46.01,25.78,86.39,114.36,414.84,761.85,28.14,77.47,280.65,45.44,57.7,104.88,137.42,514.22,93.91,56.55,164.73,65.56,122.82,122.5,189.81,82.04,47.77,365.35,363.11,276.62,137.08,204.98,241.57,207.88,167.08,3497.1,33.58,70.55,75.67,123.37,240.03,81.31,55.66,135.91,117.45,94.03,497.83,20.53,113.48
2019-07-17 00:00:00+00:00,46.68,33.6,108.82,209.7,203.35,46.22,25.3,85.15,113.48,414.56,752.56,28.96,77.04,281.56,45.2,56.65,105.54,137.99,512.18,94.11,55.46,165.1,65.37,116.79,125.49,191.72,80.77,46.83,358.47,368.03,275.28,136.27,202.77,241.58,209.91,169.71,3501.86,33.48,70.52,75.76,123.78,240.42,80.17,55.79,135.75,117.6,93.29,488.8,20.39,113.68
2019-07-18 00:00:00+00:00,45.72,33.0,109.44,207.56,205.66,48.17,25.14,86.63,112.41,415.62,764.04,29.11,77.81,282.91,45.24,56.74,106.75,139.24,512.17,96.87,54.58,167.32,65.53,117.99,133.41,198.23,80.96,46.76,356.21,372.8,276.78,136.42,204.27,245.73,212.36,170.18,3507.74,33.44,71.24,74.37,124.76,241.11,81.42,56.13,136.04,117.7,93.16,488.11,20.51,114.94
2019-07-19 00:00:00+00:00,45.14,32.51,107.59,208.1,202.59,47.81,25.18,84.84,112.51,409.79,746.52,28.9,77.51,281.51,45.0,56.05,105.6,137.3,506.61,95.39,53.65,164.73,65.05,123.43,131.96,198.47,79.59,46.27,356.96,367.03,275.6,136.62,200.89,240.98,209.73,168.44,3520.01,33.23,71.29,75.0,123.46,239.93,81.32,55.27,134.99,116.06,92.67,483.59,20.4,114.09
2019-07-22 00:00:00+00:00,45.57,32.85,108.02,211.5,207.22,50.73,25.13,84.76,112.31,407.86,742.51,28.25,78.24,280.17,44.76,58.8,105.4,137.84,506.4,95.3,52.44,163.21,65.25,125.34,137.15,207.21,79.58,46.0,357.63,370.48,278.61,138.43,202.27,240.59,209.36,171.32,3498.3,33.48,72.8,75.95,123.64,241.46,83.27,55.48,135.42,116.66,91.73,484.24,20.4,115.94
2019-07-23 00:00:00+00:00,45.92,33.49,108.83,213.24,208.84,51.03,25.16,86.24,113.66,407.53,739.6,29.2,79.23,280.1,43.61,59.3,104.86,140.49,507.33,95.3,53.42,164.69,65.25,123.96,140.17,209.76,80.83,45.86,357.8,367.81,278.97,139.29,202.65,235.61,207.3,175.66,3381.53,30.69,73.89,74.12,123.83,243.42,84.54,55.42,136.16,118.11,92.53,493.46,20.66,115.94
2019-07-24 00:00:00+00:00,46.86,34.11,108.22,214.95,208.67,52.14,25.65,88.84,113.6,409.67,777.96,28.63,79.37,280.83,43.9,59.56,104.66,142.25,508.32,94.17,54.83,161.89,64.81,123.23,142.65,216.98,81.6,46.77,368.9,334.25,280.25,140.72,203.03,232.25,210.06,178.66,3382.06,30.9,75.33,75.87,125.46,243.09,86.35,55.64,137.62,118.9,94.43,494.66,20.88,115.44
2019-07-25 00:00:00+00:00,47.19,33.67,104.81,213.24,207.02,50.82,25.61,89.33,114.21,405.5,777.53,28.54,79.14,279.8,44.5,58.93,104.02,137.59,490.48,96.36,55.77,165.33,64.69,123.32,139.7,210.75,81.15,47.76,370.32,344.0,279.35,140.19,200.86,231.89,207.63,173.38,3419.93,31.86,74.73,75.35,123.84,242.35,85.66,55.36,137.5,119.25,93.59,498.46,20.84,114.65
2019-07-26 00:00:00+00:00,47.99,34.02,105.26,213.15,207.74,50.74,25.74,91.17,114.44,398.79,779.86,29.16,79.43,281.37,44.5,59.4,103.69,142.34,488.81,102.3,55.53,169.64,65.46,124.46,139.45,210.75,82.43,47.63,369.46,347.94,282.07,141.34,203.4,237.27,209.17,175.07,3309.81,31.86,74.92,75.22,126.87,244.35,85.98,55.74,137.09,121.78,93.27,496.0,21.07,115.11
2019-07-29 00:00:00+00:00,48.45,33.48,103.7,210.66,209.68,50.67,25.15,91.34,112.91,393.65,809.03,29.02,78.3,280.13,44.0,59.66,104.94,142.72,486.58,104.64,54.85,171.45,65.39,125.0,139.51,210.82,83.32,47.98,369.62,336.9,281.44,141.03,201.47,232.37,211.38,174.82,3301.35,31.47,74.68,74.97,129.41,243.3,86.8,56.11,136.21,123.59,92.93,491.35,21.14,115.55
2019-07-30 00:00:00+00:00,48.29,33.87,104.27,207.8,208.78,50.73,25.14,87.8,113.58,394.56,805.25,29.1,77.82,279.5,46.52,60.1,103.88,141.4,498.82,103.91,55.97,167.36,65.23,124.74,140.0,211.32,84.38,48.45,365.99,336.05,278.16,140.35,202.24,227.88,209.39,175.45,3288.09,32.1,75.49,74.81,130.22,241.93,87.75,55.29,135.37,123.2,94.12,486.52,20.9,115.79
2019-07-31 00:00:00+00:00,48.74,30.45,103.54,203.12,213.04,49.37,25.04,87.76,118.16,385.38,795.53,28.87,77.53,275.63,45.93,59.85,105.62,139.09,502.1,105.43,54.94,167.92,64.42,123.74,136.32,208.61,82.1,47.57,362.17,337.04,272.27,136.27,214.34,227.24,207.17,168.72,3344.14,31.51,73.29,73.16,128.7,244.95,85.28,56.2,132.76,122.52,93.92,485.44,21.0,114.89
2019-08-01 00:00:00+00:00,50.19,29.86,102.48,201.21,208.43,48.47,24.36,86.3,118.52,384.38,790.43,29.14,76.74,274.57,47.05,59.34,106.96,138.2,522.75,104.66,52.93,164.9,64.04,121.66,136.77,205.76,83.41,48.5,363.09,340.3,274.16,138.06,216.05,225.33,210.26,164.92,3387.96,31.85,71.34,71.2,131.55,257.22,82.77,56.98,132.52,122.1,91.23,479.33,21.09,115.7
2019-08-02 00:00:00+00:00,49.02,29.44,101.83,195.35,204.02,47.55,23.76,86.0,116.34,384.66,792.21,28.27,76.14,272.5,47.0,60.1,106.72,138.07,524.09,104.32,51.66,161.48,63.83,121.2,133.24,204.09,81.86,47.98,361.91,340.63,269.45,136.9,214.3,220.18,211.41,161.19,3404.29,31.34,70.89,71.15,130.28,253.95,79.33,57.36,129.35,121.69,90.08,470.95,21.82,116.36
2019-08-05 00:00:00+00:00,46.1,27.99,99.68,190.15,193.34,45.46,23.56,83.93,107.53,379.74,780.21,28.0,73.4,265.1,45.93,58.63,104.91,134.68,512.68,100.45,50.49,153.58,62.24,115.79,126.46,193.53,78.98,47.53,358.43,341.47,256.84,132.21,202.69,209.24,208.05,150.79,3340.14,31.11,68.15,68.8,126.9,244.18,75.82,55.93,124.77,115.38,87.86,461.33,21.05,112.57
2019-08-06 00:00:00+00:00,46.59,28.86,99.83,198.34,197.0,46.33,24.57,85.89,108.34,381.99,790.61,27.64,74.6,269.31,46.26,58.96,106.55,137.41,519.86,103.02,51.48,154.41,63.12,117.69,135.64,194.52,80.04,48.19,366.78,344.84,264.68,134.69,206.3,214.34,211.4,152.35,3394.07,30.93,70.14,68.17,129.43,245.82,77.66,56.94,126.23,124.56,88.6,524.39,21.38,121.17
2019-08-07 00:00:00+00:00,48.1,29.19,98.33,201.89,199.04,46.68,25.21,82.87,108.65,375.03,795.05,27.97,75.05,274.3,47.81,59.75,105.92,140.25,533.09,104.97,51.97,157.87,63.04,116.9,134.14,196.43,80.57,49.86,369.3,348.92,269.31,135.28,208.25,217.18,212.87,153.89,3485.16,31.84,70.77,69.4,129.0,248.68,79.9,57.45,127.04,129.4,88.84,537.33,21.4,120.89
2019-08-08 00:00:00+00:00,49.33,33.92,99.15,211.33,203.43,47.86,25.43,84.03,112.7,380.03,814.05,28.2,75.64,274.8,47.92,59.79,107.04,144.01,549.24,105.43,53.04,160.38,64.39,119.16,137.33,201.48,83.9,50.86,377.17,352.36,278.04,138.89,214.65,225.47,215.22,158.26,3543.3,32.51,72.06,71.26,131.41,257.78,80.27,58.19,131.97,131.39,91.16,550.83,21.61,124.11
2019-08-09 00:00:00+00:00,48.06,34.19,98.73,208.27,200.99,47.15,25.22,84.03,114.73,379.57,817.9,28.65,75.62,273.94,47.23,59.69,107.43,141.7,552.42,105.3,51.86,160.07,64.41,118.77,136.09,195.32,83.06,50.01,377.01,362.15,274.95,137.71,214.13,224.05,216.48,154.18,3524.56,32.07,69.49,71.5,131.4,256.19,77.52,58.33,131.0,128.87,89.56,544.73,21.59,125.07
2019-08-12 00:00:00+00:00,47.08,32.43,97.0,207.04,200.48,46.46,25.2,83.92,112.36,376.28,812.99,28.68,75.29,271.31,46.99,59.02,107.74,139.86,553.3,104.21,50.9,156.01,63.52,116.96,134.2,196.31,83.05,49.26,377.0,363.26,270.0,135.79,212.93,219.96,215.45,151.45,3487.9,31.48,69.39,69.8,131.61,254.1,76.28,58.68,128.16,127.62,87.06,541.86,21.3,123.96
2019-08-13 00:00:00+00:00,48.13,32.11,97.46,213.42,208.97,48.06,25.39,85.39,113.35,379.37,816.96,28.91,76.29,276.26,47.96,59.39,107.82,142.76,548.38,105.78,51.64,158.79,64.84,119.95,135.22,205.69,84.27,50.28,377.22,367.02,274.53,138.6,213.5,226.31,215.62,156.05,3559.37,32.25,71.7,72.18,134.99,258.37,78.44,57.2,132.12,127.53,87.84,548.21,21.41,124.7
2019-08-14 00:00:00+00:00,45.26,30.24,94.08,205.06,202.75,46.71,24.77,83.75,110.01,375.18,796.57,28.1,74.31,268.15,47.36,58.17,107.0,139.94,539.88,102.4,49.85,153.95,63.21,117.16,131.11,198.5,82.82,49.41,368.94,356.66,267.15,133.98,206.51,218.9,214.96,150.07,3496.93,31.66,69.78,70.88,131.15,248.61,75.99,57.06,126.71,126.22,82.73,539.05,20.77,121.79
2019-08-15 00:00:00+00:00,45.51,29.67,94.72,204.12,201.74,47.16,24.57,84.25,108.72,380.94,809.89,28.85,74.55,271.52,46.97,58.36,109.0,141.29,546.34,105.49,49.73,156.33,63.65,117.07,132.04,198.93,82.91,48.51,373.46,365.12,271.89,133.68,209.95,222.16,217.15,148.77,3490.0,31.4,70.11,71.16,132.33,253.17,75.55,57.63,127.29,126.16,80.57,516.22,20.88,123.68
2019-08-16 00:00:00+00:00,46.66,31.18,95.43,209.57,206.5,46.63,24.84,85.03,111.69,384.51,817.2,29.47,75.5,274.1,47.75,57.82,109.19,143.74,551.81,107.26,50.52,157.75,64.83,120.07,136.12,205.11,83.82,49.25,377.0,366.21,274.36,136.13,214.29,226.23,217.53,159.56,3499.9,32.07,71.61,73.28,134.44,256.68,76.66,57.48,128.98,127.2,80.8,530.1,21.09,125.37
2019-08-19 00:00:00+00:00,47.92,31.48,96.55,212.99,210.35,47.1,25.03,85.97,114.31,388.42,820.31,30.04,76.18,275.61,48.17,56.97,109.79,144.0,555.73,107.75,51.18,159.48,65.4,122.08,140.36,208.05,85.08,50.03,380.47,368.91,278.07,138.41,217.53,230.31,218.96,170.78,3551.38,32.51,72.02,74.87,136.0,260.68,77.09,57.94,129.94,129.86,82.09,537.58,21.39,126.75
2019-08-20 00:00:00+00:00,48.8,30.72,95.0,213.18,210.36,46.73,25.23,83.34,113.73,391.55,820.14,28.68,75.79,272.97,48.91,55.91,110.21,142.75,547.0,106.99,50.92,161.16,65.14,122.05,140.37,206.76,84.47,50.95,381.75,375.33,277.04,137.26,216.64,231.5,219.13,167.87,3575.0,32.65,73.06,76.07,135.32,261.24,76.74,57.69,129.96,131.43,82.26,534.6,21.39,126.05
2019-08-21 00:00:00+00:00,49.04,31.7,95.46,218.04,212.64,46.83,25.2,83.17,115.88,392.13,827.51,28.4,76.87,275.68,49.45,56.58,111.67,144.22,552.1,107.56,52.08,162.59,65.13,124.33,141.9,207.99,85.54,51.56,383.0,389.23,282.01,138.79,219.04,235.03,221.26,171.23,3609.24,32.89,74.69,76.7,136.56,264.62,77.58,57.95,131.84,134.21,84.53,532.92,21.77,127.64
2019-08-22 00:00:00+00:00,49.08,31.9,95.69,217.1,212.46,47.03,25.1,83.72,116.52,391.25,819.15,28.8,76.24,279.92,50.34,55.96,111.31,143.91,554.42,108.16,52.23,162.27,64.13,123.2,143.57,210.46,85.56,52.0,385.88,392.54,280.77,137.78,216.77,236.0,221.62,171.48,3662.73,33.16,73.49,77.15,136.04,263.32,76.92,58.45,139.0,132.39,85.34,530.26,21.9,126.64
2019-08-23 00:00:00+00:00,47.33,29.54,93.42,210.71,202.64,45.12,24.31,80.83,112.23,385.51,805.44,27.93,73.68,274.01,49.21,54.7,109.84,141.75,549.42,104.68,49.56,158.01,62.74,119.5,139.16,200.39,83.41,51.21,376.89,388.62,271.89,133.39,210.4,233.0,221.9,162.44,3546.23,32.7,70.34,73.52,132.18,257.04,73.55,57.68,135.05,128.81,81.32,521.53,21.38,123.07
2019-08-26 00:00:00+00:00,48.69,30.28,94.02,211.8,206.49,45.61,25.05,80.61,112.77,396.78,826.8,28.61,73.78,278.46,49.21,55.05,111.54,143.42,558.68,106.38,50.23,160.02,63.51,120.88,141.29,201.34,84.3,51.04,380.32,395.11,276.43,135.45,212.26,231.64,223.62,165.45,3598.64,33.19,70.8,72.91,135.12,257.2,73.75,58.34,136.62,130.49,83.08,521.75,21.66,126.2
2019-08-27 00:00:00+00:00,51.09,30.2,93.77,211.04,204.16,45.51,25.18,79.53,112.58,398.49,842.11,27.91,74.63,292.38,48.93,53.78,112.1,144.71,557.52,106.98,49.44,162.22,64.39,121.21,142.42,199.77,85.03,50.5,379.99,405.68,276.64,135.74,213.27,231.23,224.01,161.8,3591.89,33.39,70.21,73.97,135.98,257.26,72.87,57.76,136.69,130.84,82.67,512.51,21.87,125.24
2019-08-28 00:00:00+00:00,50.21,30.78,94.29,204.14,205.53,45.9,25.43,81.27,111.73,400.5,839.34,28.45,75.01,294.49,49.0,54.47,112.32,144.89,553.53,106.75,49.72,163.43,64.79,122.95,143.56,203.28,85.72,50.41,380.97,404.46,278.24,135.56,214.36,231.73,221.19,161.22,3608.66,33.42,69.57,74.35,137.03,258.72,73.37,57.81,136.75,131.22,85.17,521.2,21.97,125.77
2019-08-29 00:00:00+00:00,50.96,31.45,95.8,209.18,209.01,47.31,25.81,82.79,114.7,407.24,843.64,28.59,75.74,296.57,49.27,55.51,113.02,146.06,557.72,107.64,50.89,165.6,65.62,124.59,146.37,207.66,87.2,51.21,384.43,392.25,281.38,138.12,216.36,235.61,221.12,167.0,3632.09,33.68,71.51,76.45,138.38,260.75,74.95,58.12,141.31,132.4,85.54,528.79,22.12,126.68
2019-08-30 00:00:00+00:00,50.6,31.45,96.27,206.56,208.74,48.02,25.84,83.28,115.5,409.59,838.42,28.36,75.39,294.76,49.47,56.37,112.84,146.38,556.28,106.94,51.06,165.98,65.61,125.8,147.9,210.51,87.36,51.0,384.11,397.62,281.37,137.86,215.58,234.63,219.08,167.51,3599.0,33.8,71.43,77.77,139.3,260.19,75.27,58.26,141.81,131.97,84.87,538.32,22.12,126.42
2019-09-03 00:00:00+00:00,51.06,30.9,95.33,206.01,205.7,47.61,25.98,82.56,116.02,411.81,827.87,28.5,74.76,292.05,49.79,58.54,115.18,145.62,565.91,105.84,49.02,167.25,65.72,126.37,149.93,212.94,86.35,51.17,384.69,402.11,280.11,136.04,213.14,233.49,225.56,164.17,3599.23,33.99,70.28,75.12,137.77,258.67,74.17,59.77,139.27,131.66,82.49,534.78,21.94,127.04
2019-09-04 00:00:00+00:00,53.5,30.95,96.76,212.49,209.19,49.51,25.98,84.97,118.06,419.47,838.28,28.89,75.66,296.12,50.5,59.15,115.57,146.42,558.49,106.29,49.91,169.85,66.48,127.5,150.65,221.6,87.62,51.99,389.08,408.61,286.1,137.63,213.7,230.2,224.12,168.76,3671.0,34.46,72.37,77.09,137.83,259.2,76.02,60.11,141.52,132.74,84.53,536.58,22.27,127.59
2019-09-05 00:00:00+00:00,54.58,31.5,98.62,218.09,213.28,50.35,26.01,86.73,118.47,422.05,838.11,28.45,80.61,296.97,49.96,57.98,114.5,146.78,551.0,108.7,51.53,174.84,67.17,129.92,151.0,226.74,88.82,51.69,385.15,411.96,292.08,140.05,219.58,235.43,219.81,179.74,3585.6,34.25,75.17,78.99,140.33,264.83,79.33,59.5,145.95,131.35,88.19,532.97,22.6,128.07
2019-09-06 00:00:00+00:00,54.58,30.56,98.95,217.59,213.26,50.1,25.99,86.0,118.39,425.72,836.32,28.66,81.38,303.76,50.13,59.37,113.55,146.76,554.09,108.62,51.57,174.37,67.91,128.91,150.98,227.92,87.62,52.0,386.56,419.4,291.38,139.1,220.54,241.27,220.14,178.65,3649.75,34.57,75.45,78.84,140.3,267.75,79.87,59.68,145.51,130.76,88.22,533.91,22.85,128.43
2019-09-09 00:00:00+00:00,55.19,30.5,97.94,214.58,214.17,50.66,26.3,86.59,117.51,419.78,839.65,29.11,82.29,299.0,49.77,61.17,112.59,144.5,538.21,106.68,52.14,170.8,67.29,131.86,150.51,230.34,84.92,52.44,380.21,369.69,283.36,137.52,217.37,237.51,219.89,180.5,3766.27,34.76,76.0,78.21,135.11,260.76,79.72,59.02,141.26,132.17,91.28,513.58,23.3,126.66
2019-09-10 00:00:00+00:00,56.03,30.23,98.26,210.38,216.7,50.19,26.71,87.3,111.5,421.34,787.98,29.45,80.96,297.0,49.43,61.66,112.25,140.0,531.44,103.69,53.52,165.26,66.41,133.09,148.75,231.94,83.99,53.3,381.32,342.06,272.33,136.08,211.46,228.43,218.12,183.18,3674.9,34.26,76.8,78.71,134.36,252.35,80.3,59.19,135.25,128.4,94.01,504.92,23.22,123.03
2019-09-11 00:00:00+00:00,54.91,29.76,99.93,214.59,223.59,51.56,26.89,85.32,112.81,425.0,799.21,29.5,80.75,290.69,49.45,59.81,112.91,141.14,528.44,102.0,54.74,165.65,65.59,132.66,150.65,234.01,85.24,54.0,381.55,341.43,269.95,136.12,213.09,226.71,220.06,184.33,3675.0,34.77,76.27,79.9,133.69,252.0,83.51,59.71,134.64,122.62,95.05,501.1,23.74,120.7
2019-09-12 00:00:00+00:00,55.45,30.21,100.33,211.08,223.085,51.25,27.02,86.53,114.32,425.0,805.45,29.76,80.88,289.89,49.77,60.3,113.89,141.94,538.88,103.89,54.25,168.03,67.57,132.48,149.61,234.87,86.35,54.58,386.63,345.14,276.4,137.52,212.98,232.39,220.74,184.27,3680.06,35.07,77.8,79.08,133.96,251.88,82.33,59.99,137.39,126.24,96.61,514.76,23.76,121.69
2019-09-13 00:00:00+00:00,55.95,30.69,102.24,212.13,218.75,51.35,27.09,86.75,111.71,425.52,787.86,29.87,81.81,291.9,49.49,61.86,113.52,141.3,536.8,102.6,54.45,167.52,67.86,133.09,150.32,235.56,85.82,53.62,384.86,330.29,276.32,137.32,212.28,229.64,218.49,181.94,3624.81,35.25,77.51,78.41,132.19,250.07,82.14,60.13,134.64,125.1,98.28,519.82,23.36,121.02
2019-09-16 00:00:00+00:00,55.78,30.83,102.13,212.13,219.9,50.92,27.2,84.26,113.0,423.25,799.87,30.44,82.18,288.69,49.03,63.28,113.53,139.98,549.93,103.62,53.45,166.08,68.15,132.75,151.19,234.94,86.3,53.34,392.66,334.35,274.08,136.33,213.33,230.0,218.31,180.21,3576.34,35.2,77.22,78.04,130.71,249.5,81.98,59.86,133.24,128.63,96.4,523.54,22.76,119.64
2019-09-17 00:00:00+00:00,55.35,30.99,101.56,216.13,220.7,51.2,27.24,86.08,113.8,425.15,825.75,29.97,83.44,291.41,49.69,61.65,114.46,141.59,558.91,104.82,52.74,163.74,67.93,132.0,152.6,236.78,86.7,53.1,393.98,342.48,276.25,137.39,218.16,240.15,222.22,181.07,3636.49,35.41,76.35,78.69,133.93,256.12,80.95,60.55,136.7,130.91,95.26,525.59,22.86,122.42
2019-09-18 00:00:00+00:00,55.12,30.42,102.31,217.59,222.77,52.09,27.31,85.53,120.38,425.42,834.97,29.5,82.57,292.43,50.36,61.3,114.65,141.62,561.0,104.34,52.86,164.35,67.84,132.88,157.98,237.64,87.6,54.15,397.04,344.0,275.1,138.52,216.76,233.75,223.9,179.98,3698.69,34.91,76.7,78.9,132.58,254.69,80.24,60.8,136.5,129.76,93.42,530.38,22.81,123.24
2019-09-19 00:00:00+00:00,55.01,30.29,102.13,219.05,220.96,51.68,27.14,86.31,121.8,427.42,832.09,29.66,82.23,287.83,50.87,59.75,115.08,141.34,569.03,104.91,53.06,162.68,67.75,132.3,157.22,236.86,87.37,53.79,393.43,342.75,275.91,141.07,216.57,235.39,224.9,176.94,3665.66,35.46,75.19,78.23,133.51,256.73,79.27,61.06,137.13,130.59,91.34,531.28,22.71,124.27
2019-09-20 00:00:00+00:00,54.76,30.05,101.57,216.57,217.73,50.96,26.72,84.63,121.06,420.35,834.66,29.81,82.58,286.36,51.58,60.04,115.21,141.05,566.45,104.08,52.75,161.62,67.36,132.04,155.5,235.31,86.33,54.1,388.25,338.18,271.17,139.44,214.08,225.73,225.72,172.69,3635.25,35.68,75.98,76.44,134.53,252.78,79.75,61.11,135.72,130.56,91.3,527.26,22.51,125.62
2019-09-23 00:00:00+00:00,54.18,30.64,101.16,216.73,218.72,51.76,26.77,86.9,119.34,421.51,843.29,28.9,81.795,287.57,52.2,59.35,115.63,140.95,581.71,105.04,53.19,159.66,66.92,131.61,157.58,238.24,85.69,54.89,387.67,335.55,273.15,139.14,215.38,225.96,225.28,174.84,3502.99,35.66,77.36,77.24,135.51,252.46,79.84,61.32,137.11,125.73,91.78,529.44,22.4,125.08
2019-09-24 00:00:00+00:00,53.96,29.52,101.59,213.86,217.68,51.16,26.53,86.74,118.66,417.53,824.49,29.56,81.69,287.91,51.93,57.37,117.09,140.85,572.04,103.76,53.34,160.58,65.94,132.56,156.5,235.86,86.01,55.2,389.17,336.1,271.12,137.38,210.58,225.61,228.51,172.53,3523.38,36.02,76.72,75.23,135.62,251.78,79.72,61.98,136.48,125.08,90.84,526.38,21.91,125.05
2019-09-25 00:00:00+00:00,54.94,29.54,101.85,215.64,221.03,51.93,26.49,86.08,121.52,416.66,819.22,29.9,81.04,288.51,52.52,57.78,116.88,142.84,579.25,103.94,53.93,160.59,66.24,132.58,160.59,241.6,87.04,55.56,390.43,333.51,272.75,139.36,213.73,227.06,229.37,178.23,3575.0,36.19,76.93,77.26,136.01,254.58,80.99,61.73,139.39,127.24,92.02,528.06,22.34,124.78
2019-09-26 00:00:00+00:00,54.22,29.47,102.66,220.08,219.89,52.15,26.3,86.38,123.4,411.0,817.57,31.0,80.91,288.26,52.41,56.0,117.55,143.21,583.02,105.07,54.3,160.02,66.48,133.25,161.95,242.83,87.13,55.57,392.92,332.0,273.89,139.54,213.18,223.55,231.72,177.34,3611.92,36.18,75.1,77.35,134.61,256.0,80.36,61.86,140.74,126.77,90.83,530.66,22.44,126.06
2019-09-27 00:00:00+00:00,52.33,28.72,102.5,217.09,218.82,49.43,26.11,87.48,121.79,406.21,818.83,30.28,79.71,285.95,52.14,56.32,117.5,141.31,576.62,102.61,54.48,156.84,65.68,132.52,158.48,230.08,85.02,54.72,387.87,324.71,269.13,137.73,205.88,215.89,231.26,171.76,3626.69,35.92,73.23,76.63,133.6,246.35,77.47,61.77,136.21,123.97,91.88,518.19,23.05,123.9
2019-09-30 00:00:00+00:00,52.92,28.99,103.65,221.36,223.97,49.9,26.0,88.0,123.24,412.12,840.47,30.68,80.33,288.11,52.71,57.07,117.36,140.67,576.8,103.59,54.7,159.0,66.88,133.01,159.45,231.11,85.88,55.85,390.06,327.5,271.57,139.03,204.83,217.75,232.99,174.07,3717.35,36.55,74.14,76.28,135.11,244.98,79.25,61.77,137.25,125.34,92.63,520.67,23.17,124.59
2019-10-01 00:00:00+00:00,52.9,28.76,101.1,216.73,224.59,50.02,25.26,88.69,121.12,405.6,828.84,29.48,79.53,283.93,52.04,56.66,117.32,138.27,569.59,103.15,54.4,158.12,66.96,129.01,158.29,230.39,84.78,55.72,384.19,325.01,270.94,137.07,201.49,216.23,232.03,174.0,3718.71,36.43,73.17,75.47,133.59,242.85,77.41,61.88,135.99,122.91,90.88,506.47,23.22,125.12
2019-10-02 00:00:00+00:00,52.25,28.31,100.24,216.04,218.96,49.46,24.2,85.6,119.82,410.75,809.98,28.31,77.43,285.11,51.4,55.6,116.45,134.42,561.52,100.96,54.44,156.77,65.65,126.58,155.05,228.0,82.96,57.82,378.16,318.73,264.48,134.65,196.81,212.7,229.11,173.04,3634.93,36.22,71.37,73.99,128.88,236.44,75.43,61.15,133.31,119.66,88.6,499.76,22.77,122.29
2019-10-03 00:00:00+00:00,54.07,28.68,101.1,220.24,220.82,49.64,24.25,84.65,119.68,416.67,815.29,27.97,79.22,289.0,51.34,55.87,116.5,136.5,575.75,103.05,54.92,158.56,66.52,127.04,156.96,229.05,83.0,58.51,380.06,336.86,268.29,136.28,199.56,217.84,230.17,181.31,3603.85,36.17,72.83,75.73,130.29,239.62,77.27,61.36,136.03,120.5,89.19,507.23,22.9,124.28
2019-10-04 00:00:00+00:00,55.44,29.01,103.32,224.63,227.01,50.88,24.49,85.6,122.4,427.72,823.93,28.86,79.99,291.67,52.54,56.0,118.77,138.04,581.65,105.7,56.12,160.84,67.36,127.8,161.11,233.27,83.63,59.49,384.95,346.95,274.06,138.12,203.56,221.01,233.59,181.97,3706.34,37.09,74.88,77.49,132.4,244.44,80.645,62.05,138.78,123.33,88.06,513.61,23.31,127.05
2019-10-07 00:00:00+00:00,55.41,28.93,102.58,223.12,227.06,50.65,24.75,86.31,123.12,430.04,814.16,28.63,79.76,293.41,52.33,55.67,117.79,137.76,577.31,104.59,56.23,160.2,67.52,128.13,161.05,232.14,83.8,59.33,383.78,347.79,272.19,137.12,208.21,220.79,232.55,184.33,3676.75,36.75,73.96,76.34,132.18,245.58,80.88,61.92,137.89,122.99,89.02,514.42,23.32,126.07
2019-10-08 00:00:00+00:00,54.13,28.23,102.33,216.63,224.4,49.31,24.87,85.1,122.985,428.07,805.88,27.89,80.15,291.89,52.92,54.2,117.62,136.07,569.5,103.11,55.24,157.52,66.59,126.73,154.52,227.7,81.84,59.14,382.12,346.67,267.07,135.67,205.76,214.51,229.97,177.23,3693.91,36.62,72.46,72.85,130.23,241.85,79.0,61.36,133.94,119.45,86.63,508.66,23.16,125.38
2019-10-09 00:00:00+00:00,53.43,28.46,101.04,220.49,227.03,50.84,25.59,86.6,121.8,429.28,827.29,28.09,80.48,296.9,52.65,55.21,118.06,139.52,575.0,104.7,55.73,161.09,67.67,129.06,157.48,233.13,82.7,59.02,384.61,355.27,272.24,138.24,209.65,219.47,233.36,180.71,3654.92,36.9,73.29,74.35,132.18,248.79,80.71,61.9,135.79,121.87,88.51,509.15,23.38,126.43
2019-10-10 00:00:00+00:00,53.69,28.38,100.7,220.67,230.09,51.01,26.02,87.41,122.54,426.93,827.75,28.35,81.055,297.14,52.5,55.82,117.79,141.51,572.2,105.14,55.68,161.14,67.97,130.45,157.4,234.62,83.05,58.85,386.88,359.09,273.83,139.1,211.05,222.65,232.0,183.03,3602.6,36.95,76.8,74.97,130.47,250.97,84.89,61.8,138.22,122.4,88.03,511.0,23.56,127.41
2019-10-11 00:00:00+00:00,54.82,29.75,101.46,224.16,236.21,51.75,26.45,90.53,124.41,423.16,830.35,28.41,81.37,297.6,51.99,56.44,117.23,143.93,566.61,105.68,56.62,162.92,68.31,133.5,160.22,237.09,83.16,58.52,381.47,348.19,275.91,139.68,214.1,225.33,229.54,185.99,3572.04,36.89,77.36,76.7,129.66,252.99,85.4,61.52,138.61,122.42,91.88,524.78,23.73,128.47
2019-10-14 00:00:00+00:00,55.01,30.53,100.45,225.26,235.87,51.935,26.84,90.03,123.33,422.96,828.13,27.78,81.68,297.52,52.29,55.67,116.61,143.33,567.5,106.02,56.1,164.14,68.15,132.0,159.0,236.28,82.46,58.98,382.61,349.43,276.38,139.55,214.47,225.11,228.9,186.53,3621.82,37.06,77.34,76.3,129.22,251.37,84.98,60.92,138.85,121.16,90.26,518.7,23.76,126.59
2019-10-15 00:00:00+00:00,55.56,30.72,101.79,226.82,235.32,52.91,27.86,92.42,123.36,432.92,826.74,27.08,81.74,298.39,52.63,56.72,115.55,144.96,571.65,106.89,57.01,164.86,69.24,134.18,162.56,242.05,82.23,59.73,382.75,349.32,278.56,141.575,218.69,227.08,227.54,196.37,3650.13,37.31,79.84,77.82,130.45,253.45,86.64,60.7,140.66,123.94,91.04,523.0,23.97,128.71
2019-10-16 00:00:00+00:00,55.59,30.81,103.41,222.18,234.37,51.56,27.51,92.44,123.67,438.1,823.25,26.92,81.38,298.78,53.67,57.01,116.04,145.18,567.89,106.55,57.24,164.77,69.27,134.29,159.64,234.76,81.34,61.17,382.84,340.42,278.27,140.41,217.15,225.98,229.91,194.21,3705.84,38.23,79.07,78.23,131.16,252.3,85.66,61.09,138.74,121.15,91.4,518.84,23.96,127.93
2019-10-17 00:00:00+00:00,55.59,31.14,104.13,220.87,235.28,52.14,27.7,92.73,123.97,441.93,829.07,27.39,81.02,302.4,53.49,57.85,117.28,146.7,571.84,106.19,58.45,163.24,69.71,135.42,161.51,236.1,81.71,61.05,377.06,349.7,276.51,139.69,218.77,229.03,231.09,194.29,3779.41,38.24,78.96,78.97,131.63,253.0,87.55,61.06,136.83,122.74,91.58,526.55,23.94,128.47
2019-10-18 00:00:00+00:00,54.54,30.97,103.95,218.43,236.41,51.68,27.01,94.28,123.91,440.05,841.48,27.15,82.32,302.86,53.97,58.69,118.15,144.68,576.41,105.67,58.92,160.13,69.74,145.25,159.69,233.7,81.62,61.71,372.48,352.88,270.63,137.41,217.3,224.4,232.48,190.49,3892.89,38.3,77.59,77.68,131.21,250.48,87.77,61.14,134.95,122.73,88.49,526.57,24.03,128.12
2019-10-21 00:00:00+00:00,55.51,32.03,105.03,218.78,240.51,52.64,27.04,96.02,124.06,438.16,851.54,27.46,83.62,301.08,53.17,58.66,119.02,145.51,577.35,104.44,58.24,161.35,70.14,146.7,164.0,238.46,80.84,61.02,374.05,353.4,274.3,138.43,219.29,226.15,232.8,196.01,3820.0,38.19,78.75,78.98,130.52,251.42,89.89,61.59,136.68,123.1,89.57,521.93,24.35,126.45
2019-10-22 00:00:00+00:00,54.52,31.51,105.25,214.32,239.96,51.98,27.08,94.18,122.41,437.23,831.07,27.37,83.13,299.97,53.3,59.21,119.41,139.33,569.93,100.79,58.47,155.13,69.28,145.06,162.82,234.91,79.29,61.61,373.68,340.65,261.26,136.37,213.2,216.38,236.24,195.61,3779.0,39.43,78.33,78.47,126.52,246.18,88.96,61.44,132.12,121.99,90.96,510.93,24.24,122.81
2019-10-23 00:00:00+00:00,54.8,31.36,104.37,216.08,243.18,50.53,27.24,94.63,123.04,435.56,788.19,27.61,83.04,297.32,53.34,59.12,120.65,139.37,566.62,101.1,58.38,156.27,69.57,145.85,158.72,233.18,79.24,61.67,373.09,342.18,260.85,137.24,211.97,218.33,236.0,195.09,3775.06,39.83,78.68,77.24,126.74,243.91,89.29,61.95,133.96,122.68,92.43,514.87,24.52,121.8
2019-10-24 00:00:00+00:00,55.44,31.72,113.66,221.52,243.58,55.07,27.43,95.12,124.45,435.07,798.34,27.09,84.63,297.05,53.98,58.05,121.25,137.69,563.34,103.45,60.77,161.24,69.89,145.5,168.74,265.6,80.04,61.97,374.74,349.46,268.75,139.94,215.58,222.58,237.55,196.86,3759.51,41.03,79.41,78.99,127.73,248.4,89.69,61.95,137.72,124.34,97.67,527.79,24.77,122.95
2019-10-25 00:00:00+00:00,55.26,32.71,113.33,220.25,246.58,55.72,27.64,94.77,124.86,462.19,787.87,26.92,83.94,296.5,53.71,57.83,120.27,137.9,565.74,102.51,60.36,161.34,69.35,144.49,169.94,270.05,79.98,61.81,370.73,344.07,270.19,140.73,216.01,222.2,236.88,204.54,3727.75,40.41,79.02,80.17,144.26,249.27,90.06,61.35,137.14,125.33,98.55,523.45,24.82,124.36
2019-10-28 00:00:00+00:00,54.56,33.69,115.32,223.63,249.05,56.95,27.66,94.98,125.99,467.09,782.61,27.3,83.98,298.94,51.82,57.84,118.12,136.69,567.13,102.46,60.67,162.2,69.7,143.65,174.78,281.25,80.81,60.27,371.84,348.87,275.93,144.19,216.29,225.03,233.23,206.79,3643.65,39.47,80.32,83.05,145.45,248.59,91.66,61.01,137.29,122.78,129.72,527.52,25.02,125.13
2019-10-29 00:00:00+00:00,54.0,33.03,115.43,222.3,243.29,55.52,27.69,95.35,126.18,464.07,763.82,27.49,84.68,295.86,51.56,58.95,119.04,135.84,567.52,105.35,60.73,163.2,69.2,143.63,170.28,276.49,86.39,59.47,371.1,351.49,274.29,142.83,220.4,228.07,232.6,202.92,3631.51,39.0,79.85,81.66,146.68,256.22,91.21,60.92,136.68,121.09,126.8,525.97,25.03,126.16
2019-10-30 00:00:00+00:00,55.87,33.13,116.51,225.19,243.26,55.21,27.53,94.77,127.38,468.78,775.52,27.79,84.0,299.84,52.19,58.97,121.56,135.01,571.16,106.3,60.87,165.54,70.12,142.56,172.96,277.56,86.69,60.19,378.64,359.15,277.15,144.61,218.24,229.14,235.46,203.0,3622.09,39.57,79.85,81.44,147.23,254.65,90.97,62.63,137.61,123.13,123.89,531.96,25.2,127.6
2019-10-31 00:00:00+00:00,56.03,33.93,116.04,220.15,248.76,54.26,27.47,93.17,127.91,467.86,778.16,27.05,82.64,297.11,52.37,58.6,121.48,136.71,566.78,106.14,60.05,169.18,70.02,140.78,169.04,271.04,86.23,59.6,376.68,368.59,276.81,143.37,220.69,234.56,238.34,201.02,3636.59,39.24,80.86,80.44,147.92,257.99,91.06,62.66,135.75,120.35,124.51,526.28,25.06,127.92
2019-11-01 00:00:00+00:00,55.82,34.89,118.19,220.0,255.82,55.46,28.54,94.86,131.2,476.48,768.63,27.47,82.91,296.09,53.3,59.54,119.66,138.7,562.24,106.85,61.4,172.35,70.7,146.19,172.42,278.26,85.33,60.88,379.17,366.14,279.05,143.72,220.5,245.91,235.71,202.59,3669.51,40.03,97.22,83.58,147.43,258.8,98.3,62.26,136.1,116.9,127.0,538.28,26.48,125.34
2019-11-04 00:00:00+00:00,55.71,36.29,118.13,217.47,257.5,55.74,28.78,95.42,131.8,473.5,751.77,27.76,82.14,296.82,51.15,61.48,118.59,134.8,543.2,105.29,61.96,169.27,69.74,149.36,174.02,278.1,85.78,59.31,374.48,358.4,276.33,144.55,218.0,245.79,229.6,210.5,3422.48,38.15,101.51,85.09,147.49,256.34,98.48,61.74,135.77,117.2,127.64,533.04,26.61,124.76
2019-11-05 00:00:00+00:00,55.54,36.15,117.1,217.96,257.13,55.88,29.51,95.49,135.81,473.25,740.76,27.61,82.25,299.18,50.71,62.44,116.58,133.25,527.19,104.0,62.0,166.53,68.49,149.76,171.98,277.95,83.18,58.36,373.63,343.73,269.0,144.46,213.06,238.47,227.11,209.61,3390.44,38.28,101.3,85.46,144.38,251.19,98.72,61.36,135.63,117.25,124.3,535.47,26.51,120.25
2019-11-06 00:00:00+00:00,56.36,35.93,116.58,218.73,257.24,55.82,29.44,94.27,132.96,469.03,744.31,27.84,81.86,301.57,52.05,70.51,116.35,135.18,531.88,104.91,61.82,167.06,69.36,151.4,172.52,275.51,85.13,59.22,379.79,347.81,269.86,144.06,215.8,241.28,227.49,207.63,3515.0,38.83,101.4,84.63,143.25,253.39,98.13,61.85,136.57,116.68,124.69,536.42,27.47,121.47
2019-11-07 00:00:00+00:00,54.55,36.28,115.27,225.22,259.43,55.94,28.91,94.09,132.93,468.44,737.34,27.8,81.62,305.21,51.03,69.19,114.73,133.89,522.5,109.65,61.56,168.99,69.7,153.83,171.95,274.11,86.0,57.29,378.75,349.6,272.79,144.26,218.27,246.68,223.09,208.34,3427.42,38.05,101.31,89.98,142.18,255.59,98.64,60.71,135.23,116.91,125.0,538.3,27.86,121.03
2019-11-08 00:00:00+00:00,54.3,36.29,115.65,224.31,260.14,56.03,28.97,93.88,133.52,469.75,731.62,27.44,81.46,302.62,51.15,69.85,114.9,133.96,530.31,110.61,62.06,170.26,69.64,153.31,174.21,272.68,87.2,57.8,381.86,347.15,274.89,145.96,218.13,245.0,222.08,207.78,3423.25,38.18,104.04,94.03,143.85,255.3,100.44,61.26,136.21,116.96,125.67,541.08,27.87,117.86
2019-11-11 00:00:00+00:00,52.52,36.31,115.66,227.35,262.2,56.59,29.51,94.16,134.11,473.5,743.37,27.55,82.97,300.84,52.65,69.43,114.09,134.94,535.0,110.25,61.67,171.99,68.9,153.18,174.43,271.26,87.67,58.97,381.38,359.74,277.0,146.11,218.05,245.0,222.22,208.18,3590.39,38.8,102.29,91.84,143.88,255.07,100.38,60.47,137.81,119.65,125.57,543.11,27.36,117.03
2019-11-12 00:00:00+00:00,51.95,36.71,114.7,230.21,261.96,56.42,29.5,95.26,133.82,474.07,757.27,27.58,82.3,300.5,54.27,69.93,114.86,135.11,531.24,110.65,62.38,171.86,69.26,152.51,174.42,270.01,89.01,58.52,386.3,365.93,277.14,147.07,217.46,246.18,223.22,209.61,3588.06,38.77,102.58,90.97,144.15,255.13,101.59,60.69,138.89,118.99,124.15,544.5,26.65,117.2
2019-11-13 00:00:00+00:00,52.33,37.52,116.72,229.0,264.47,57.12,29.5,95.88,135.48,480.16,753.3,28.31,83.6,302.9,54.33,69.3,117.52,135.96,540.73,111.33,62.68,173.58,70.21,154.23,176.35,272.46,89.49,59.31,387.69,374.36,278.07,147.31,218.74,249.21,227.91,208.57,3594.07,39.24,103.89,90.47,145.28,258.62,101.14,61.91,139.2,120.27,122.56,549.2,26.4,116.45
2019-11-14 00:00:00+00:00,52.7,38.35,117.19,229.37,262.64,56.96,30.22,96.84,132.82,479.97,749.2,28.44,85.82,304.59,54.26,68.93,116.89,137.66,544.71,114.1,63.15,177.5,71.55,153.33,176.6,275.09,90.44,59.74,390.16,379.22,279.63,148.06,218.86,250.0,229.87,209.79,3687.42,39.35,103.7,90.48,145.42,260.0,98.75,62.39,138.13,122.3,123.01,559.77,26.48,116.25
2019-11-15 00:00:00+00:00,53.44,38.56,119.12,235.15,265.76,62.06,30.86,98.0,136.55,475.6,754.66,28.81,85.99,303.66,53.5,70.83,116.71,138.4,550.41,113.91,63.06,179.23,71.38,153.54,177.86,283.68,91.03,59.35,393.55,381.06,280.78,149.97,220.15,250.0,231.42,204.19,3595.17,38.91,103.75,90.81,147.1,262.89,99.42,62.2,139.71,123.82,125.08,559.78,26.8,117.92
2019-11-18 00:00:00+00:00,52.73,39.88,118.41,238.67,267.1,62.35,31.06,99.73,137.64,474.07,771.31,29.05,86.0,304.54,54.63,71.04,116.89,139.49,558.21,114.5,63.57,179.63,71.17,154.66,177.0,282.7,91.39,60.04,392.76,389.52,280.86,150.34,221.38,252.59,232.16,212.28,3652.64,39.49,103.25,90.48,147.78,264.08,97.45,62.48,139.23,123.15,124.58,567.68,27.08,118.8
2019-11-19 00:00:00+00:00,53.28,41.29,119.21,242.42,266.29,60.94,31.01,100.15,137.8,478.97,766.78,29.32,86.38,302.24,54.14,72.41,116.19,141.34,564.96,116.04,62.24,181.72,71.88,154.16,175.99,276.76,91.71,59.64,390.81,400.17,285.31,150.39,223.87,257.5,232.66,207.99,3657.3,39.38,102.84,87.96,149.39,267.87,96.61,62.21,141.75,123.65,123.5,568.16,27.35,120.33
2019-11-20 00:00:00+00:00,54.085,40.98,117.5,245.49,263.19,59.65,30.83,99.57,137.7,479.08,775.94,29.49,84.92,300.57,54.57,72.5,117.06,139.9,568.76,115.35,61.95,180.51,72.01,152.0,173.67,274.13,91.66,59.73,392.7,404.49,285.38,149.62,223.91,256.37,235.22,211.18,3632.19,39.64,101.89,85.62,149.64,268.1,96.04,62.78,140.84,123.4,123.33,575.0,26.97,119.56
2019-11-21 00:00:00+00:00,53.69,39.52,118.52,246.38,262.01,56.44,30.61,98.18,137.59,474.65,773.46,28.22,87.85,300.27,53.91,72.09,115.9,137.99,560.17,114.08,62.56,178.39,71.62,152.87,161.59,263.9,90.05,59.1,390.26,393.89,284.45,149.48,224.14,255.62,235.14,210.18,3665.55,38.98,100.9,85.11,146.34,264.39,96.41,62.68,138.77,122.54,126.5,573.14,27.03,120.22
2019-11-22 00:00:00+00:00,53.04,39.15,119.05,246.38,261.78,55.94,30.55,97.58,136.44,468.5,772.61,28.73,89.26,299.31,54.11,72.48,115.72,138.12,557.58,113.92,62.95,178.65,71.85,151.93,158.49,261.98,88.5,58.78,390.74,392.33,282.57,149.59,222.95,257.97,233.38,210.89,3689.54,38.88,101.72,84.89,145.25,265.21,97.84,62.89,135.38,119.48,125.51,562.4,27.0,119.81
2019-11-25 00:00:00+00:00,53.73,39.79,119.81,249.42,266.37,58.28,30.96,97.83,138.02,466.06,786.51,28.85,89.94,299.05,54.82,73.39,115.38,138.84,553.85,114.74,63.77,179.65,72.23,154.02,163.35,269.01,90.03,59.43,389.98,397.18,287.61,151.23,225.74,264.01,232.56,221.21,3720.88,39.44,104.31,85.29,146.31,265.85,100.82,62.18,138.19,119.36,133.25,571.01,27.38,120.61
2019-11-26 00:00:00+00:00,54.17,38.99,122.16,252.48,264.29,57.57,31.29,98.64,136.99,467.31,815.84,29.06,90.8,301.24,55.39,72.58,116.47,141.3,554.68,116.22,64.8,180.52,72.81,154.57,162.13,269.56,90.71,60.45,392.5,401.9,289.38,152.03,226.73,259.77,234.92,217.0,3806.99,40.09,104.11,84.63,149.58,266.9,99.12,62.25,140.07,120.44,133.22,573.44,27.37,121.89
2019-11-27 00:00:00+00:00,54.48,39.41,121.56,255.45,267.84,58.29,31.26,98.31,136.45,473.78,816.75,29.18,90.23,300.76,55.3,72.69,116.92,141.33,565.19,116.32,64.38,181.06,72.9,154.56,165.65,270.94,90.98,59.75,394.24,406.43,291.7,152.32,226.53,258.18,233.07,218.24,3803.18,39.82,105.03,84.8,150.83,265.5,99.63,62.31,141.77,121.58,133.52,567.33,27.28,121.63
2019-11-29 00:00:00+00:00,54.83,39.15,120.03,254.69,267.25,57.9,30.96,97.26,135.05,470.01,813.92,28.87,89.0,299.81,55.35,71.77,116.39,139.64,566.85,116.24,63.26,181.1,72.65,152.42,163.86,266.83,90.84,59.65,391.03,403.82,292.23,151.38,226.67,259.19,233.82,216.74,3791.89,39.65,104.21,83.55,149.6,264.65,98.3,61.99,141.04,121.35,133.8,567.1,26.88,120.52
2019-12-02 00:00:00+00:00,54.23,38.73,120.36,250.7,264.16,56.7,30.56,96.69,134.08,470.33,813.78,28.76,87.96,297.39,54.85,71.93,115.98,138.23,549.74,114.28,62.43,178.07,72.11,151.77,161.06,262.94,89.85,58.86,383.62,398.97,286.47,149.55,225.2,256.57,231.25,209.25,3758.0,39.14,102.97,82.45,149.01,262.19,98.36,61.6,135.49,120.73,133.55,556.58,26.91,119.91
2019-12-03 00:00:00+00:00,54.59,38.9,120.18,250.37,259.45,55.34,30.7,95.99,133.14,469.86,814.91,28.6,87.28,295.67,54.76,72.29,116.92,136.16,552.6,114.42,62.23,177.42,72.31,149.49,156.38,257.84,89.66,58.93,381.62,397.67,287.09,149.31,224.8,254.35,232.23,207.66,3720.28,39.37,102.14,80.58,149.47,264.0,97.44,62.37,135.21,123.11,133.36,555.51,26.75,120.53
2019-12-04 00:00:00+00:00,53.88,39.69,121.79,252.14,261.74,56.09,30.32,96.41,135.33,462.05,809.4,29.39,87.05,296.52,55.34,72.56,118.11,136.42,562.93,114.79,63.16,175.97,72.5,149.21,160.26,262.87,89.74,58.83,384.58,393.99,286.84,149.85,226.8,259.03,234.26,209.42,3783.35,39.39,104.03,82.08,150.15,268.46,98.82,62.69,136.01,121.96,133.72,563.0,26.76,119.74
2019-12-05 00:00:00+00:00,54.99,39.62,122.3,252.99,265.58,55.84,30.48,96.08,134.42,467.27,819.73,28.78,88.24,293.1,55.76,72.51,118.42,137.94,560.06,114.79,63.9,176.92,72.71,150.35,161.5,264.82,89.95,59.8,385.94,381.18,289.85,149.93,229.36,260.42,234.56,208.74,3854.48,40.2,105.8,82.585,150.18,271.54,99.98,62.76,131.88,123.97,133.55,565.05,26.84,120.11
2019-12-06 00:00:00+00:00,55.21,39.63,122.99,256.63,270.71,56.6,31.02,97.37,136.66,467.85,822.48,28.9,88.58,294.945,54.2,72.7,118.09,138.5,559.19,114.49,64.6,176.66,73.72,152.64,162.89,269.86,90.68,58.75,386.86,375.9,290.4,151.75,231.77,266.32,234.39,212.17,3760.62,40.06,106.62,83.82,150.59,274.38,101.36,62.14,134.21,123.73,133.55,570.11,26.86,121.72
2019-12-09 00:00:00+00:00,54.39,38.93,124.09,255.08,266.92,56.6,30.79,96.69,134.34,468.66,827.03,29.3,88.2,295.16,54.89,72.11,118.18,137.66,560.72,114.75,64.1,175.18,73.11,151.37,160.88,268.02,90.1,59.4,383.34,367.02,289.06,151.36,230.55,263.53,234.27,212.17,3804.1,40.16,108.44,84.92,149.32,272.06,103.23,61.44,132.24,120.06,133.48,564.01,26.93,121.23
2019-12-10 00:00:00+00:00,55.94,39.44,124.09,252.57,268.48,56.62,31.01,96.94,135.75,461.71,817.73,29.22,88.375,295.78,55.13,72.31,117.67,136.52,557.73,113.84,64.0,173.98,73.33,151.16,162.37,268.99,89.64,59.13,384.44,370.0,288.61,151.13,231.05,261.5,234.45,213.98,3820.0,40.27,109.86,84.115,148.98,271.66,104.39,60.33,131.61,122.29,133.46,569.25,26.81,122.78
2019-12-11 00:00:00+00:00,56.48,39.47,125.69,251.63,270.77,59.04,31.23,99.03,135.66,465.87,822.74,28.63,88.29,295.3,55.91,72.63,118.18,135.95,559.14,114.61,65.16,174.99,73.65,153.42,167.12,275.4,92.08,59.72,386.24,376.81,290.05,151.7,233.25,260.79,235.78,217.34,3838.02,40.71,113.84,86.99,150.48,272.15,109.29,60.69,132.08,122.4,133.43,570.05,26.59,123.56
2019-12-12 00:00:00+00:00,58.56,42.59,124.47,251.02,271.46,60.36,31.62,99.05,136.8,469.6,811.2,28.23,88.48,297.34,54.36,73.24,116.92,138.53,547.8,115.18,65.52,175.07,74.04,151.86,171.46,284.7,91.19,58.06,384.05,369.46,292.21,153.24,234.33,259.86,233.9,224.07,3752.95,39.63,115.35,89.05,152.25,270.29,111.49,60.71,135.88,125.27,133.57,567.58,27.05,124.33
2019-12-13 00:00:00+00:00,58.65,41.15,123.01,253.93,275.15,59.87,31.65,97.88,137.77,475.27,815.32,28.38,88.62,291.87,54.81,72.71,118.3,138.7,551.84,116.75,65.09,178.93,74.6,151.44,171.24,281.95,91.84,58.3,386.47,373.89,296.09,154.53,235.08,260.09,236.95,223.99,3798.35,40.38,113.41,87.83,153.63,271.2,111.86,60.76,136.7,121.82,133.7,575.81,27.23,124.45
2019-12-16 00:00:00+00:00,58.61,42.35,121.66,257.94,279.86,59.96,31.8,98.0,140.69,470.23,822.79,28.8,90.19,293.5,54.7,72.48,119.12,138.25,562.8,116.51,65.46,179.3,74.91,152.99,172.06,284.25,91.64,58.11,385.95,374.69,296.96,155.53,236.1,261.19,239.47,225.15,3860.0,40.02,115.0,88.43,156.0,272.61,113.16,62.27,136.6,122.71,133.6,575.34,27.13,126.46
2019-12-17 00:00:00+00:00,58.26,42.77,123.53,257.07,280.41,60.79,31.48,98.9,139.36,471.13,832.05,29.19,90.38,295.55,53.7,71.58,118.82,136.16,557.52,116.78,65.98,180.47,75.13,154.04,175.96,290.57,91.53,57.21,386.89,373.54,296.0,154.69,235.36,258.49,239.82,228.29,3817.27,39.55,114.35,88.32,156.48,271.56,113.1,63.7,136.94,122.57,133.7,570.32,26.86,127.1
2019-12-18 00:00:00+00:00,59.02,42.3,123.61,254.67,279.74,60.38,30.77,98.64,140.62,466.52,826.88,29.05,89.9,291.87,52.79,73.45,119.66,137.65,565.45,115.89,65.74,181.27,74.23,153.93,175.26,288.02,95.68,56.24,380.57,369.9,294.74,154.37,236.48,257.5,240.29,229.51,3735.75,38.92,115.29,87.98,156.02,269.45,115.87,63.63,138.1,122.46,133.65,567.44,26.87,126.99
2019-12-19 00:00:00+00:00,59.13,42.83,123.68,255.75,280.02,60.67,31.0,98.79,142.25,475.67,833.92,33.66,89.4,293.71,52.35,73.75,119.51,137.78,575.92,116.5,65.26,183.39,74.73,153.04,175.46,293.29,96.28,55.24,383.15,377.57,297.53,155.71,238.2,259.78,240.65,235.46,3705.49,38.6,117.28,88.49,156.04,272.48,117.85,63.07,139.5,121.82,133.45,574.96,27.17,128.74
2019-12-20 00:00:00+00:00,59.22,44.15,124.2,258.89,279.44,61.81,31.39,92.71,143.92,476.22,834.53,35.07,90.72,294.83,53.69,73.7,120.17,138.61,577.71,116.67,65.3,183.45,75.36,155.1,177.47,297.41,98.01,56.64,386.47,376.32,298.57,157.41,238.14,259.25,242.71,239.37,3840.74,39.62,116.67,88.85,155.93,271.66,118.9,63.86,139.88,123.61,133.54,591.29,27.43,132.68
2019-12-23 00:00:00+00:00,58.89,45.46,123.42,255.73,284.0,61.08,31.53,89.18,142.87,480.72,828.29,34.02,89.87,293.31,52.8,74.23,118.57,139.44,571.64,116.33,64.47,182.26,75.41,153.66,177.11,294.45,97.82,55.64,391.9,371.36,297.27,157.41,237.06,258.72,238.78,238.82,3786.71,38.9,116.94,88.45,155.69,271.37,120.03,63.26,139.91,122.12,133.52,593.03,27.14,132.37
2019-12-24 00:00:00+00:00,58.81,46.54,123.87,256.49,284.27,61.5,31.31,88.86,142.97,480.86,828.89,34.05,90.91,294.23,53.2,75.02,119.44,139.5,573.24,116.63,65.31,182.84,75.13,153.26,178.11,294.48,98.03,56.79,390.17,374.08,297.48,157.38,238.18,260.36,240.51,238.62,3817.15,39.15,117.96,88.77,156.7,272.5,122.16,63.13,138.21,123.93,133.59,592.63,27.07,132.92
2019-12-26 00:00:00+00:00,58.89,46.63,124.64,258.33,289.91,61.31,31.2,89.03,144.63,485.73,838.6,33.69,91.02,295.73,53.01,74.77,119.52,140.21,579.51,116.03,65.49,183.49,75.01,153.56,178.75,294.92,98.53,56.02,392.3,376.1,299.2,158.67,239.06,260.48,241.96,239.19,3810.55,38.98,117.6,88.4,155.79,273.56,122.28,63.17,140.07,123.99,133.62,597.78,27.29,133.03
2019-12-27 00:00:00+00:00,59.185,46.18,124.59,258.68,289.8,61.17,31.14,88.4,143.96,483.69,836.79,34.18,90.82,294.11,52.91,74.75,119.86,140.21,582.5,117.08,65.59,182.89,75.64,154.48,178.52,293.7,98.23,56.0,393.6,375.0,300.74,158.96,239.3,259.99,242.51,236.87,3816.37,38.79,116.84,88.8,156.2,274.29,122.29,63.46,140.62,124.47,133.78,563.98,27.37,133.25
2019-12-30 00:00:00+00:00,58.88,45.52,124.12,256.8,291.52,60.93,30.87,87.43,142.78,483.08,836.07,34.04,90.86,295.14,52.55,74.08,119.28,138.92,580.24,115.47,65.38,181.35,74.79,153.09,178.37,292.54,98.07,55.74,391.9,374.5,297.72,157.59,237.66,256.92,241.29,232.32,3823.0,38.8,116.21,88.43,154.59,271.94,121.03,63.34,139.1,122.35,133.48,562.01,26.78,132.21
2019-12-31 00:00:00+00:00,59.42,45.86,124.54,257.41,293.65,61.04,30.77,87.67,142.84,485.08,837.11,34.24,90.94,293.92,52.75,75.03,119.8,140.12,583.7,115.63,65.34,182.56,75.35,153.16,178.17,292.4,97.89,55.79,389.38,379.11,298.59,157.7,237.41,258.18,242.16,235.3,3808.41,38.8,116.23,88.23,154.97,273.05,120.88,63.7,139.2,122.43,133.65,560.0,26.78,132.35
2020-01-02 00:00:00+00:00,58.65,49.1,125.39,259.59,300.35,62.2,31.54,89.51,143.88,490.43,858.19,33.63,93.48,291.49,52.57,75.25,117.93,142.39,579.35,115.52,65.81,185.67,75.79,155.45,182.57,297.89,98.62,55.81,399.37,380.25,303.39,160.62,241.72,266.05,238.62,239.91,3735.5,38.68,115.96,88.69,156.11,277.84,121.67,62.62,142.87,122.08,133.85,567.44,26.19,134.14
2020-01-03 00:00:00+00:00,58.67,48.6,123.84,256.97,297.43,61.21,31.49,87.26,142.15,494.47,865.13,33.34,92.66,291.73,52.96,75.08,118.73,142.87,585.12,116.37,65.39,184.4,75.82,155.26,179.08,294.69,99.48,56.47,413.74,380.05,300.43,158.62,241.12,260.75,240.32,236.07,3781.43,39.02,112.34,87.02,155.29,276.91,118.65,62.56,141.76,122.21,133.77,577.84,26.1,134.16
2020-01-06 00:00:00+00:00,59.74,48.39,123.61,254.59,299.8,59.89,31.21,87.05,141.08,497.45,858.02,33.52,93.49,291.81,53.41,75.55,119.15,143.48,584.48,116.93,65.89,187.97,76.24,154.89,175.05,289.19,100.36,58.05,413.11,374.08,301.23,159.03,241.87,262.05,241.52,237.06,3783.27,39.31,111.64,86.51,156.03,279.04,116.56,62.81,141.98,124.69,133.65,584.8,25.85,133.13
2020-01-07 00:00:00+00:00,60.335,48.25,122.13,256.67,298.39,61.62,31.41,87.23,140.92,499.16,860.08,32.32,93.37,291.35,53.21,75.11,119.13,143.21,581.88,116.48,65.56,187.37,76.43,155.35,176.44,296.24,99.99,57.14,414.5,375.25,300.21,157.58,241.0,262.41,241.31,239.93,3806.12,39.57,111.23,88.97,155.15,280.98,117.67,62.62,142.96,125.51,133.63,587.0,25.97,133.58
2020-01-08 00:00:00+00:00,59.88,47.83,122.65,257.73,303.19,61.58,30.72,87.08,140.71,500.77,856.73,31.87,94.01,294.69,53.5,75.53,118.96,146.28,583.8,116.8,66.79,188.86,77.21,158.76,176.67,299.97,99.87,57.59,411.03,364.3,305.1,160.09,245.62,266.56,241.2,240.38,3785.81,39.93,112.92,88.71,156.27,285.01,119.54,62.6,145.86,127.82,133.84,585.63,26.2,133.29
2020-01-09 00:00:00+00:00,59.34,48.97,122.87,261.43,309.63,61.97,29.77,87.6,141.97,507.28,862.67,32.21,95.29,299.42,53.27,75.58,120.26,147.98,588.99,117.8,66.63,191.37,78.19,159.91,175.49,297.93,101.08,57.69,414.93,371.7,309.1,162.09,248.85,267.83,243.09,243.02,3741.7,39.81,111.96,89.91,157.58,289.58,119.65,63.26,148.67,128.02,133.79,595.41,26.66,135.06
2020-01-10 00:00:00+00:00,58.95,48.165,123.43,260.8,310.33,61.47,28.85,89.09,142.36,505.03,857.77,31.83,95.31,297.24,53.77,75.95,120.61,146.72,594.0,117.13,66.96,190.44,78.26,158.25,173.01,294.34,101.02,59.72,413.83,363.07,311.17,161.34,248.03,265.72,243.55,244.32,3781.31,39.99,113.42,90.26,156.89,288.94,120.08,63.66,148.46,126.76,133.83,595.47,26.26,135.57
2020-01-13 00:00:00+00:00,59.24,48.745,124.65,264.05,316.96,61.81,29.45,91.03,143.35,510.15,863.0,32.03,96.26,299.87,53.57,76.92,121.52,148.59,594.96,118.53,68.1,193.3,79.93,160.15,175.1,297.29,101.15,60.55,419.02,368.6,315.21,163.28,251.49,271.99,246.4,251.98,3809.51,40.43,115.74,90.97,158.27,294.24,124.51,64.54,149.93,128.45,133.86,604.57,26.5,136.51
2020-01-14 00:00:00+00:00,60.05,48.21,124.72,262.87,312.68,62.35,29.58,91.94,143.96,509.62,859.22,32.15,96.34,299.75,54.29,77.75,121.58,147.18,586.5,117.55,68.02,191.31,79.06,159.31,177.48,300.76,100.79,61.63,416.14,366.61,310.64,162.13,249.43,266.67,247.73,247.28,3819.04,40.94,115.91,90.56,158.32,290.17,123.34,64.92,148.19,126.93,134.04,609.0,26.67,137.27
2020-01-15 00:00:00+00:00,59.64,48.545,125.32,264.28,311.34,61.93,29.19,92.88,144.6,515.4,865.09,31.93,96.67,300.82,54.94,78.05,123.74,149.77,586.24,118.51,69.07,194.38,79.35,159.71,177.92,298.34,102.14,62.79,420.95,368.1,314.25,163.18,253.03,269.74,251.58,245.57,3903.99,41.31,112.5,89.67,158.72,294.38,120.42,65.58,147.91,126.61,134.08,619.66,27.07,138.54
2020-01-16 00:00:00+00:00,60.43,49.77,128.51,266.81,315.24,63.21,30.0,94.7,144.2,508.78,870.24,32.3,97.21,303.03,55.38,78.99,124.95,151.02,595.12,120.21,69.6,195.95,78.08,161.63,180.91,305.95,102.29,63.19,425.7,370.01,320.3,166.17,256.05,277.29,252.27,248.93,3870.52,41.66,113.8,91.79,160.73,298.19,123.09,66.15,149.69,127.64,134.12,633.33,27.59,139.24
2020-01-17 00:00:00+00:00,61.24,50.93,128.05,270.28,318.73,62.85,29.32,95.68,136.85,502.73,878.15,33.33,97.12,304.68,55.71,79.47,126.31,153.03,588.0,120.68,69.41,198.62,79.27,166.52,178.73,308.0,103.39,63.09,425.66,369.06,323.66,167.1,257.63,279.07,253.4,249.28,3893.41,41.79,114.74,95.91,160.57,296.79,124.17,67.26,151.86,130.01,134.25,636.66,27.77,140.16
2020-01-21 00:00:00+00:00,61.42,51.05,127.14,273.82,316.57,63.2,29.4,95.9,136.08,503.59,870.73,32.76,98.6,313.26,56.97,79.9,127.36,154.34,590.0,120.61,69.9,198.79,80.14,165.46,178.81,308.68,103.27,64.94,426.15,370.69,321.93,166.5,256.34,278.03,256.89,247.94,3905.14,42.54,114.87,94.54,161.94,296.2,123.8,68.12,153.58,130.39,134.29,643.8,27.32,141.93
2020-01-22 00:00:00+00:00,60.32,51.43,129.45,274.73,317.7,63.89,28.84,97.35,136.58,510.76,879.18,32.29,99.64,311.89,57.42,80.55,127.89,154.75,591.67,122.05,69.98,200.06,80.69,164.81,180.13,311.34,102.47,65.77,424.42,370.4,324.31,165.7,257.47,279.23,259.9,250.05,3932.0,42.88,116.33,92.97,164.38,297.42,124.9,68.3,153.41,130.11,134.05,644.02,27.58,141.5
2020-01-23 00:00:00+00:00,60.13,51.71,129.8,277.71,319.23,63.89,29.53,98.11,138.73,513.14,879.84,32.69,99.9,312.88,58.99,80.5,129.95,154.95,596.01,122.23,70.56,199.78,80.59,166.73,182.55,312.42,102.63,67.27,428.78,367.28,324.98,166.72,257.09,279.15,260.08,252.86,4028.24,43.85,118.68,92.0,161.39,297.19,128.19,68.96,154.96,129.07,134.21,657.93,27.75,138.34
2020-01-24 00:00:00+00:00,59.4,50.35,128.0,277.34,318.31,62.0,29.11,96.73,137.92,504.67,869.71,32.28,100.29,310.51,58.51,83.19,130.73,154.01,591.96,120.84,69.51,198.77,79.89,166.58,179.4,306.54,101.62,66.64,432.5,359.27,323.67,165.04,255.62,276.11,263.72,250.48,3983.6,43.71,113.39,89.65,162.39,294.83,122.31,69.44,154.05,125.28,134.29,656.73,27.1,136.31
2020-01-27 00:00:00+00:00,58.32,49.26,127.67,270.7,308.95,59.05,30.67,95.98,133.87,504.08,865.03,32.53,99.5,309.45,59.67,82.03,129.55,153.03,593.95,119.3,67.46,195.5,79.37,164.08,170.31,293.79,100.77,67.29,432.38,357.86,315.77,162.28,255.12,273.94,266.74,240.2,3946.22,44.3,109.98,87.05,160.62,293.13,116.88,69.74,150.38,123.07,134.08,650.51,27.15,135.96
2020-01-28 00:00:00+00:00,60.03,50.53,129.44,278.36,317.69,60.19,31.47,98.57,135.46,499.34,877.82,33.32,100.71,310.85,61.38,82.9,129.99,154.65,602.57,120.43,67.89,198.03,80.05,167.52,175.93,301.69,102.31,67.78,437.17,359.87,320.27,165.46,260.19,278.17,265.81,247.97,4030.0,46.84,113.56,89.15,163.3,297.28,119.79,70.05,152.05,125.97,134.09,657.86,27.49,138.26
2020-01-29 00:00:00+00:00,60.4,47.51,130.82,277.72,324.34,59.82,31.15,98.5,134.86,490.74,879.3,33.2,100.72,309.58,60.73,83.08,130.55,154.42,602.68,120.04,67.26,199.27,79.79,169.7,171.72,298.22,101.83,67.78,433.84,352.04,320.32,168.04,260.67,282.28,265.76,245.54,3898.56,46.01,112.57,88.23,165.84,297.31,117.89,70.1,150.44,125.91,134.09,654.18,27.51,138.51
2020-01-30 00:00:00+00:00,60.89,48.78,130.66,280.14,323.87,60.25,30.45,99.36,133.83,492.98,879.95,33.25,102.35,309.47,60.3,82.66,131.72,152.73,603.0,121.23,71.01,200.04,79.95,170.65,172.92,310.95,102.58,67.26,435.9,358.16,324.46,172.78,263.81,292.77,269.93,245.81,3966.76,45.68,111.79,87.78,165.44,299.86,116.23,70.85,150.82,127.43,134.08,653.88,27.6,138.03
2020-01-31 00:00:00+00:00,58.48,47.0,129.32,274.33,309.51,57.99,29.95,97.04,130.45,517.46,866.76,32.92,101.46,305.52,59.2,79.87,131.52,149.9,589.73,118.61,68.71,195.45,78.86,168.69,165.74,298.21,100.47,66.36,428.12,354.18,315.94,170.23,256.79,285.8,268.2,236.43,3816.97,44.65,105.86,85.31,158.97,293.73,113.15,70.4,147.51,124.64,134.02,643.28,26.9,134.21
2020-02-03 00:00:00+00:00,58.21,48.02,132.18,281.33,308.66,59.72,30.06,95.06,132.89,532.05,867.33,32.94,100.8,302.0,58.74,79.22,132.19,152.27,603.6,121.94,68.98,198.06,79.66,171.45,169.93,308.44,102.46,66.66,423.86,355.5,324.52,174.38,261.01,292.65,266.81,240.33,3810.0,44.66,107.56,86.48,163.14,295.67,115.03,70.7,150.26,124.35,134.2,652.28,27.09,135.52
2020-02-04 00:00:00+00:00,59.21,49.45,135.25,289.22,318.85,63.01,30.48,96.75,136.15,531.75,884.82,31.92,102.65,304.9,57.67,80.67,130.56,155.34,607.85,123.89,71.24,202.94,80.79,172.49,178.8,325.4,105.31,65.62,430.78,355.0,329.12,180.12,266.86,301.15,264.54,247.13,3791.77,44.08,107.89,88.93,166.85,297.92,117.96,69.54,155.81,126.93,134.08,641.27,27.46,138.97
2020-02-05 00:00:00+00:00,58.85,49.84,133.28,283.95,321.45,63.8,31.26,97.97,136.04,522.18,854.01,32.67,102.16,308.95,59.68,82.17,130.56,155.89,601.26,121.67,72.06,200.65,80.36,172.64,171.28,325.62,106.63,67.96,435.19,341.85,328.32,179.9,264.34,295.18,266.71,250.76,3853.48,45.27,111.32,90.91,167.74,294.77,119.64,69.03,154.21,120.76,134.22,626.18,27.92,137.89
2020-02-06 00:00:00+00:00,60.26,49.32,132.41,285.88,325.21,63.19,31.4,96.97,134.64,526.56,857.0,32.09,102.95,310.61,60.6,83.07,131.41,155.97,603.73,121.67,71.54,201.67,80.85,171.99,171.74,323.52,109.96,68.15,438.97,345.67,329.3,183.63,268.01,296.9,268.33,254.245,3886.96,45.49,109.77,90.61,170.51,295.52,117.68,68.84,154.77,127.74,134.12,633.78,27.97,138.97
2020-02-07 00:00:00+00:00,61.53,49.73,134.04,284.83,320.03,61.71,31.3,96.3,132.66,525.21,864.22,31.95,102.58,313.63,60.7,81.34,131.94,155.61,606.0,121.86,70.75,200.79,80.42,171.86,165.1,315.4,110.11,68.99,439.17,344.29,327.0,183.89,267.5,297.83,269.54,251.59,3921.63,46.1,105.15,87.42,171.46,295.48,113.94,68.38,154.28,112.6,134.11,634.54,27.65,138.9
2020-02-10 00:00:00+00:00,61.63,52.26,136.38,286.52,321.55,62.92,31.65,97.65,133.99,530.34,890.51,32.24,102.53,313.79,61.52,82.75,132.89,154.72,612.03,123.21,71.73,204.64,81.1,172.0,168.92,319.83,110.6,70.08,439.76,341.25,330.28,188.7,268.43,301.47,271.74,262.97,3952.21,46.66,105.35,88.6,173.19,296.56,116.28,68.44,156.92,111.0,134.21,643.27,28.3,142.55
2020-02-11 00:00:00+00:00,61.19,53.8,137.89,288.29,319.61,64.45,32.02,98.84,135.97,530.94,890.75,32.8,102.31,310.68,61.86,88.5,132.89,153.31,613.57,120.71,72.37,203.18,80.62,170.24,173.04,325.67,112.14,71.22,439.85,342.28,330.92,184.44,270.99,303.57,272.15,267.89,3981.86,46.98,108.59,90.0,174.35,294.12,119.17,68.59,158.22,112.39,134.27,650.05,28.24,144.03
2020-02-12 00:00:00+00:00,62.8,53.89,138.57,292.46,327.2,65.37,32.81,98.23,136.59,534.0,900.37,32.63,102.49,315.12,61.6,87.0,131.56,154.52,623.14,119.14,72.48,201.65,80.52,170.78,175.97,334.62,111.0,70.36,436.6,335.5,334.16,184.71,273.41,308.18,270.26,272.54,3976.78,46.7,111.73,91.72,172.76,303.83,123.05,68.62,159.52,114.02,134.31,650.23,26.13,142.98
2020-02-13 00:00:00+00:00,62.59,54.53,136.83,291.68,324.87,67.37,32.95,98.89,137.28,534.73,912.95,32.58,103.35,318.2,61.67,86.24,133.24,162.26,635.75,121.06,72.64,202.73,80.27,173.46,178.72,341.58,113.1,69.76,434.7,338.15,335.84,183.71,272.77,313.4,275.47,270.78,4021.75,46.69,109.17,90.03,174.88,301.35,122.59,69.54,161.37,112.21,134.36,655.67,26.06,144.94
2020-02-14 00:00:00+00:00,63.52,55.31,138.9,291.98,324.95,66.85,33.36,98.81,138.29,534.89,921.94,32.69,103.25,318.31,61.81,85.98,134.13,162.96,648.65,122.32,72.99,206.37,80.76,173.64,176.28,339.3,112.81,70.35,437.85,345.69,340.95,185.35,277.83,322.56,278.52,289.79,3993.63,46.69,106.02,89.6,176.6,307.65,118.99,69.02,163.35,113.43,134.27,646.75,26.24,144.17
2020-02-18 00:00:00+00:00,63.74,56.89,134.36,290.9,319.0,65.16,33.18,98.27,134.87,537.6,927.56,30.68,102.42,322.05,61.83,85.4,134.78,159.63,643.585,122.25,72.61,207.07,80.29,177.2,169.23,325.34,123.22,70.12,435.55,347.18,341.24,187.23,280.68,327.09,282.04,296.57,3960.0,46.65,103.23,88.03,174.8,306.74,116.77,69.4,162.92,113.43,134.27,641.46,25.79,143.65
2020-02-19 00:00:00+00:00,64.37,58.9,131.16,296.14,323.62,67.41,34.07,100.13,136.63,542.46,933.84,29.8,104.5,323.02,61.88,85.49,133.09,161.88,643.72,123.55,72.33,206.98,81.11,176.39,172.98,333.85,120.33,70.44,434.48,341.68,344.56,187.28,285.31,332.11,274.67,314.7,3965.95,46.55,104.24,90.56,176.62,311.16,119.14,68.61,164.99,113.54,134.25,641.26,26.22,144.06
2020-02-20 00:00:00+00:00,64.0,57.27,129.85,294.02,320.3,66.4,33.7,101.9,138.24,539.22,927.59,29.88,97.3,324.08,62.05,84.65,131.45,161.43,648.39,121.84,72.99,208.47,80.44,175.97,167.3,328.49,119.27,71.03,425.97,344.6,344.45,184.42,278.87,321.71,277.03,308.7,4037.77,46.67,101.56,89.47,176.0,303.41,117.5,69.81,155.08,115.13,134.19,634.32,26.5,143.55
2020-02-21 00:00:00+00:00,63.375,53.28,128.58,287.11,313.05,64.27,33.47,101.21,133.91,535.34,920.14,29.59,95.25,321.95,61.88,84.09,129.96,159.53,655.99,119.49,71.03,204.39,79.06,174.23,161.12,316.8,117.22,70.65,427.8,340.09,339.7,178.59,271.83,309.08,277.59,294.07,4031.14,46.41,98.19,87.03,173.88,293.25,114.63,68.99,149.33,116.03,134.24,629.9,25.77,142.23
2020-02-24 00:00:00+00:00,62.31,49.12,126.95,276.74,298.18,61.08,33.07,97.45,129.54,528.7,885.0,29.23,92.77,313.62,60.43,82.86,129.74,155.7,644.9,116.59,69.34,200.42,77.45,167.33,153.73,300.46,113.83,69.16,419.35,341.91,324.67,170.89,266.26,303.53,273.94,273.28,3988.41,45.25,96.34,83.32,169.83,290.9,111.19,67.8,145.94,113.02,133.96,601.45,25.11,138.39
2020-02-25 00:00:00+00:00,59.51,47.57,124.0,266.44,288.08,58.86,31.71,93.29,125.15,517.99,856.01,28.38,88.94,304.87,58.09,81.05,126.3,152.19,631.98,113.25,67.11,191.2,74.91,161.44,147.41,292.22,109.15,66.45,400.36,331.2,302.89,168.07,260.03,300.31,270.33,262.05,3860.28,43.35,96.6,80.22,165.81,282.63,106.17,66.86,142.16,110.97,133.75,572.21,24.06,134.82
2020-02-26 00:00:00+00:00,59.37,47.49,123.66,270.19,292.65,59.81,31.85,91.3,124.84,518.09,847.29,26.94,88.36,305.69,56.57,81.04,125.65,153.39,629.84,112.87,64.83,189.65,74.79,160.81,147.27,296.6,110.82,64.82,400.9,338.28,298.04,170.17,261.01,305.61,269.47,267.65,3849.5,42.07,96.13,79.66,165.92,282.77,103.81,66.19,142.04,109.47,133.51,564.63,23.81,136.15
2020-02-27 00:00:00+00:00,58.33,44.01,118.18,244.15,273.52,57.0,30.38,88.19,116.08,508.55,755.55,26.37,84.59,293.13,55.86,79.23,120.8,145.09,597.49,108.54,62.3,183.75,71.64,152.34,147.99,285.7,105.11,62.99,384.6,333.34,285.82,158.18,244.07,297.36,255.85,252.6,3746.04,41.74,94.8,75.94,162.72,267.15,97.56,62.88,136.83,107.84,133.0,549.47,22.71,133.95
2020-02-28 00:00:00+00:00,58.13,45.48,114.99,242.19,273.36,58.12,29.35,87.31,114.22,493.17,773.58,26.69,84.48,281.14,53.27,77.62,116.91,142.04,572.8,109.36,61.75,183.97,71.24,150.68,153.71,293.43,102.65,60.34,369.87,324.33,290.25,162.01,240.03,295.44,252.76,270.07,3667.18,40.2,100.58,78.3,158.96,265.91,100.18,60.36,137.93,107.48,133.59,557.81,22.39,133.23
