date,ABBV,ADBE,AAP,ALB,AGN,AMZN,AEE,AMT,ADI,ANTM,AMAT,ARNC,AJG,BLL,BIIB,COG,CAH,CHTR,CLX,CTSH,CL,DE,EBAY,FMC,GILD,HPQ,INCY,IPGP,JKHY,J,SJM,KEYS,KR,LH,LDOS,MSCI,NFLX,NEM,NVDA,PM,REGN,RMD,ROL,SBAC,TMUS,TIF,TJX,TWTR,VRTX,ZTS
2019-03-01 00:00:00+00:00,80.1,264.01,160.62,90.79,140.72,1671.73,70.93,177.92,108.44,307.68,38.56,18.7,80.32,55.21,334.1,25.24,53.05,346.58,157.8,72.13,66.0,163.31,37.35,90.44,66.01,19.6,88.17,156.68,133.76,74.01,105.42,85.9,28.02,148.73,64.98,190.21,357.32,33.82,156.45,87.51,439.57,103.11,39.78,182.11,72.34,95.93,52.02,30.62,192.16,95.75
2019-03-04 00:00:00+00:00,79.46,258.16,158.4,88.49,139.12,1696.17,71.3,179.69,108.66,292.59,39.08,18.49,79.62,55.25,327.26,25.34,50.9,346.1,157.97,71.76,66.03,165.82,37.25,78.96,65.45,19.53,85.41,156.36,132.98,73.64,102.54,85.23,28.64,147.02,64.1,187.16,351.04,34.45,156.78,87.28,433.83,101.9,40.3,182.48,71.65,94.6,51.41,30.5,190.04,95.87
2019-03-05 00:00:00+00:00,78.91,257.38,157.31,87.93,140.16,1692.43,71.07,181.06,108.23,298.69,38.93,18.61,80.0,55.96,326.87,25.75,49.86,343.75,156.76,71.39,65.72,161.45,37.12,79.09,64.39,19.36,85.04,156.08,133.0,73.0,102.08,85.26,28.92,147.37,63.58,187.67,354.3,34.5,156.52,86.98,437.13,102.43,40.26,182.1,71.41,94.87,51.66,31.03,187.8,95.78
2019-03-06 00:00:00+00:00,78.09,256.4,157.97,86.37,137.51,1668.95,71.07,181.65,106.79,294.46,38.07,18.61,78.88,55.42,317.97,25.41,48.23,340.56,156.84,71.46,65.61,158.24,36.81,78.46,62.92,19.08,83.37,152.35,131.82,72.25,103.41,85.25,28.44,145.21,63.03,186.46,359.61,33.14,152.05,87.02,423.69,100.61,40.21,182.3,70.78,94.79,51.93,30.8,181.11,94.17
2019-03-07 00:00:00+00:00,78.24,255.46,154.13,84.6,143.0,1625.95,71.22,181.75,105.68,291.42,37.57,18.32,78.24,54.68,315.29,25.12,47.5,340.03,157.11,72.33,65.34,158.02,36.21,77.82,62.53,18.82,82.45,147.99,131.0,72.11,102.63,84.58,25.61,145.81,62.43,182.06,352.6,33.22,149.26,86.97,409.58,100.49,39.97,183.38,71.32,94.49,51.75,30.12,178.61,92.55
2019-03-08 00:00:00+00:00,77.58,254.74,151.77,82.97,145.06,1620.8,71.7,181.61,105.41,295.04,37.74,18.49,77.91,55.01,307.93,24.67,47.7,337.54,157.83,71.15,65.35,159.01,35.89,77.53,63.23,18.74,82.12,148.09,131.33,71.9,102.49,83.99,24.47,146.51,62.44,182.44,349.6,33.71,150.64,87.45,402.64,101.0,40.11,183.47,70.65,94.33,50.72,30.04,177.26,92.41
2019-03-11 00:00:00+00:00,78.08,260.96,155.46,85.51,146.64,1670.62,72.57,185.16,107.68,295.97,38.51,18.81,79.04,55.6,311.46,24.9,48.85,341.08,159.07,72.35,65.85,160.42,36.25,78.44,64.34,19.04,84.17,151.32,133.46,73.04,103.13,85.0,24.67,149.01,63.18,183.66,358.86,33.45,161.14,89.24,412.05,101.4,40.7,185.91,71.47,96.28,51.7,30.87,180.52,94.73
2019-03-12 00:00:00+00:00,78.74,263.51,154.87,85.47,147.76,1673.1,72.37,185.75,107.91,296.98,38.71,18.87,79.07,56.63,312.72,25.52,49.33,342.51,159.19,71.78,65.74,159.14,36.28,78.47,64.83,19.06,84.9,152.16,134.31,73.06,102.8,84.89,24.48,151.41,63.03,185.02,356.27,34.52,162.52,88.8,417.62,102.77,40.68,187.12,71.7,95.87,51.94,31.16,182.57,95.75
2019-03-13 00:00:00+00:00,78.93,264.38,154.7,86.21,150.47,1690.81,72.94,187.23,108.08,303.61,38.6,18.95,79.06,57.11,320.56,25.98,50.65,348.13,160.13,71.21,66.52,159.68,36.46,78.48,65.75,19.61,85.06,153.9,135.7,73.27,103.26,84.21,24.73,154.93,63.35,185.59,361.21,34.41,168.62,89.5,409.01,102.63,41.05,188.96,72.25,96.55,52.48,31.3,185.66,96.93
2019-03-14 00:00:00+00:00,79.95,267.69,154.0,84.73,149.8,1686.22,72.61,187.97,108.25,305.45,38.93,18.95,79.59,57.27,321.52,26.05,50.8,352.71,159.83,70.93,66.25,157.76,36.35,77.16,64.79,19.64,84.31,149.51,135.84,73.08,103.85,85.33,24.75,152.82,62.74,186.81,358.82,33.42,165.56,89.79,407.5,101.0,41.02,189.44,72.34,95.47,52.1,31.03,186.11,96.2
2019-03-15 00:00:00+00:00,81.34,257.09,154.84,85.42,151.25,1712.36,73.04,188.97,109.39,303.0,40.39,18.99,80.28,57.5,329.87,25.93,50.27,355.92,160.67,72.13,67.2,158.15,36.3,77.24,65.63,19.94,84.8,153.61,137.24,73.81,105.58,85.98,24.36,154.36,62.83,189.58,361.46,33.14,169.81,90.85,414.47,100.37,40.46,190.95,73.46,96.56,51.77,31.22,188.09,96.91
2019-03-18 00:00:00+00:00,80.65,257.76,161.57,86.43,150.84,1742.15,72.51,188.89,109.15,308.23,40.0,19.23,79.53,57.88,325.645,25.95,49.97,357.35,159.47,71.88,66.29,160.3,36.27,76.92,65.02,19.95,85.62,149.5,138.13,74.34,107.02,85.74,24.55,154.89,63.49,190.97,363.44,33.0,168.95,90.73,407.6,97.4,40.99,191.56,73.68,97.35,52.35,31.08,187.48,97.77
2019-03-19 00:00:00+00:00,80.82,260.42,163.42,85.23,154.1,1761.85,72.0,189.91,109.95,307.99,40.37,19.12,79.23,58.06,323.76,25.96,50.55,360.45,156.87,72.02,65.75,160.97,36.87,76.27,65.49,20.0,85.67,151.72,136.98,73.75,106.91,86.29,24.33,155.96,63.3,191.77,358.78,33.28,175.71,90.5,406.99,97.9,40.83,191.89,72.59,97.02,52.22,31.27,181.76,98.72
2019-03-20 00:00:00+00:00,80.43,259.74,164.15,84.44,153.67,1797.27,72.23,191.54,108.61,303.01,39.57,19.08,77.82,58.12,320.59,26.41,49.36,362.44,155.95,71.71,65.11,159.66,36.7,75.68,64.6,19.99,86.31,147.65,135.06,73.72,107.07,86.36,23.99,154.11,63.26,191.97,375.22,33.87,174.4,90.74,405.5,98.81,40.55,192.61,72.06,97.07,52.54,32.57,179.98,98.5
2019-03-21 00:00:00+00:00,81.24,264.18,169.07,85.51,153.53,1819.26,73.26,194.71,110.18,304.86,41.33,19.2,78.9,58.84,226.88,26.59,50.16,366.27,158.06,72.2,65.83,159.73,37.2,77.61,64.92,20.22,87.08,153.09,137.87,74.67,111.59,87.53,24.32,156.3,63.75,195.67,377.87,34.33,183.94,91.91,402.59,100.97,41.09,196.07,72.26,100.06,52.49,32.61,182.56,99.64
2019-03-22 00:00:00+00:00,79.76,259.69,164.84,82.72,149.3,1764.77,73.75,193.65,107.4,301.51,39.86,18.72,78.88,57.94,216.71,25.96,48.64,360.78,158.13,70.89,66.0,155.94,36.65,74.98,63.77,19.34,85.34,144.77,135.77,73.07,114.3,84.76,24.34,154.32,62.99,191.86,361.01,34.5,177.5,91.17,391.8,100.14,40.38,197.12,71.9,103.21,52.34,33.02,181.53,97.93
2019-03-25 00:00:00+00:00,79.51,262.27,167.78,81.58,146.34,1774.26,74.3,195.69,105.25,297.75,39.4,18.6,78.6,58.11,220.26,26.39,47.56,356.84,158.15,70.75,66.26,157.33,36.72,74.47,63.79,18.97,86.02,144.74,135.18,73.18,115.93,84.78,24.15,152.92,62.63,191.58,366.23,34.9,173.78,88.27,395.0,101.42,40.57,195.58,72.31,102.8,52.79,32.59,183.85,97.93
2019-03-26 00:00:00+00:00,80.76,265.59,168.27,81.04,149.39,1783.76,74.75,195.05,107.1,288.3,39.63,18.8,78.69,58.25,232.91,26.39,47.79,356.03,159.95,71.09,66.92,157.6,36.9,75.08,64.24,19.13,87.12,148.28,137.16,73.74,115.71,85.36,24.47,151.14,63.37,194.44,359.97,35.56,176.87,88.59,405.62,102.32,40.99,195.0,73.34,103.13,52.84,33.06,189.91,98.82
2019-03-27 00:00:00+00:00,79.89,262.34,166.89,80.15,147.22,1765.7,74.39,194.09,104.96,283.0,38.93,18.92,78.22,58.19,229.95,26.3,48.06,355.51,160.33,71.03,67.01,158.27,36.83,75.32,63.66,18.93,86.02,147.86,137.61,73.43,114.9,85.32,24.27,150.91,63.27,193.36,353.37,35.71,176.5,87.03,402.87,101.5,41.21,193.75,72.24,104.42,53.06,32.28,185.82,98.52
2019-03-28 00:00:00+00:00,79.96,263.53,168.75,81.17,146.86,1773.42,73.46,194.93,104.07,282.35,38.51,19.13,77.13,57.94,232.82,26.36,47.92,352.87,161.31,71.58,67.37,158.08,36.78,76.09,63.69,19.0,85.74,148.17,138.17,74.94,116.05,86.51,24.44,150.62,63.73,196.64,354.61,35.57,177.25,87.28,404.83,102.7,41.69,194.93,69.15,104.79,53.06,32.87,182.42,99.39
2019-03-29 00:00:00+00:00,80.59,266.49,170.53,81.98,146.41,1780.75,73.55,197.06,105.27,286.98,39.66,19.11,78.1,57.86,236.38,26.1,48.15,346.91,160.46,72.45,68.54,159.84,37.14,76.82,65.01,19.43,86.01,151.78,138.74,75.19,116.5,87.2,24.6,152.98,64.09,198.84,356.56,35.77,179.56,88.39,410.62,103.97,41.62,199.66,69.1,105.55,53.21,32.88,183.95,100.67
2019-04-01 00:00:00+00:00,80.78,272.17,173.63,84.2,147.65,1814.19,72.79,192.51,108.28,288.33,41.13,19.66,79.03,58.4,232.49,25.87,49.12,346.22,158.54,73.85,68.3,161.91,37.68,78.94,65.88,20.05,85.95,162.09,140.34,77.1,115.73,89.14,24.48,154.79,64.89,201.88,366.96,35.61,182.28,88.2,410.05,104.67,41.96,197.91,69.97,105.81,53.21,33.44,186.05,101.54
2019-04-02 00:00:00+00:00,83.07,271.35,173.34,82.9,146.26,1813.98,72.56,195.12,108.11,288.2,40.99,19.75,78.57,57.98,233.27,25.9,47.16,346.63,157.64,73.57,68.37,162.12,37.92,78.96,66.24,19.72,86.7,162.27,141.78,76.59,116.05,89.29,23.76,157.58,63.64,204.89,367.72,35.83,183.0,88.01,414.82,105.01,41.87,199.64,69.73,106.21,53.08,33.75,187.11,102.04
2019-04-03 00:00:00+00:00,83.08,271.5,171.69,84.21,145.71,1820.7,72.24,194.29,109.84,287.66,42.43,19.58,78.37,58.02,231.4,25.49,47.08,345.37,156.94,74.18,67.82,163.39,37.99,79.15,66.66,19.75,84.35,166.56,142.59,76.28,115.34,89.99,23.8,156.68,63.68,206.34,369.75,35.95,188.62,85.81,407.0,103.0,42.16,200.12,69.0,106.9,53.17,34.38,187.89,102.12
2019-04-04 00:00:00+00:00,82.81,267.89,174.0,85.55,149.35,1818.86,71.56,193.05,110.54,291.2,42.62,19.87,78.67,58.0,235.04,25.82,46.87,345.72,156.97,73.79,67.55,164.24,38.05,80.33,66.84,19.76,83.22,167.6,141.75,76.15,115.69,88.97,23.68,157.45,63.98,206.28,367.88,36.48,188.26,86.07,406.53,101.3,41.7,198.13,70.05,107.3,54.25,34.42,184.15,101.98
2019-04-05 00:00:00+00:00,83.45,267.45,176.78,86.14,149.64,1837.28,72.39,195.76,111.46,293.31,43.04,20.11,78.3,58.11,241.72,26.17,47.49,351.44,155.6,74.2,67.92,165.03,37.84,80.42,67.54,19.79,84.76,167.03,141.95,76.71,116.54,89.44,23.9,158.98,64.6,206.99,365.49,36.5,190.95,85.44,408.94,100.91,41.74,201.01,70.35,107.5,54.11,34.72,188.89,102.12
2019-04-08 00:00:00+00:00,83.98,268.81,177.59,86.94,150.49,1849.86,71.67,196.22,111.74,289.5,42.92,20.26,77.96,58.2,239.74,26.82,47.55,354.14,153.39,74.41,68.02,165.0,37.81,80.72,67.38,19.94,84.43,168.96,141.37,76.7,117.98,89.85,23.86,158.77,64.8,211.0,361.41,36.66,191.79,85.31,401.26,101.46,41.81,201.49,71.23,106.62,54.33,34.86,188.93,102.23
2019-04-09 00:00:00+00:00,82.69,268.99,175.65,84.78,147.44,1835.84,72.02,196.72,110.49,290.1,42.01,20.0,77.98,57.64,237.58,27.14,47.34,354.56,152.94,74.37,68.11,158.83,37.75,80.04,66.09,19.59,82.73,164.66,141.2,75.57,119.48,90.12,23.94,157.64,64.0,211.89,364.71,36.6,189.26,85.84,395.73,101.35,41.67,201.19,71.42,105.72,53.82,35.14,188.31,101.46
2019-04-10 00:00:00+00:00,82.95,271.58,178.8,85.55,146.1,1847.33,71.5,196.62,112.07,288.04,42.17,20.08,78.6,58.25,240.28,27.15,46.94,354.35,153.79,74.6,68.11,158.63,37.72,80.42,67.4,19.97,83.41,166.57,142.06,75.51,119.07,90.62,24.98,159.61,64.62,214.61,363.92,36.27,192.1,85.71,408.23,101.62,41.84,202.53,72.16,105.88,54.44,34.75,190.37,101.33
2019-04-11 00:00:00+00:00,81.77,271.9,180.96,82.71,145.04,1844.07,71.84,196.65,111.82,276.29,42.47,20.37,79.67,58.62,233.83,27.07,46.38,355.25,155.33,74.19,68.09,160.16,36.32,79.89,66.31,19.94,81.06,166.32,143.13,76.38,119.46,91.37,25.74,157.87,65.25,216.3,367.65,35.97,191.54,85.51,393.48,100.84,42.41,203.32,73.0,106.04,53.89,34.58,185.12,101.06
2019-04-12 00:00:00+00:00,80.78,271.86,180.11,83.66,144.95,1843.06,71.98,197.96,114.21,252.85,42.99,20.71,80.52,58.03,234.5,27.3,46.79,356.05,155.49,74.29,68.77,161.46,36.17,79.97,65.28,20.21,79.4,168.92,144.12,77.0,118.34,91.84,25.67,157.45,65.34,217.99,351.14,36.25,190.01,85.77,382.94,102.28,42.93,204.24,73.71,106.18,53.97,34.37,182.78,101.67
2019-04-15 00:00:00+00:00,81.03,272.22,181.43,82.26,143.58,1844.87,72.03,196.09,112.94,262.88,42.71,20.55,80.61,58.34,232.37,27.36,47.08,357.34,154.45,74.32,68.71,162.49,36.23,79.76,65.43,20.2,78.15,169.23,144.06,76.42,119.18,91.7,25.47,159.07,64.96,218.99,348.87,36.17,184.7,86.19,375.5,103.1,43.06,203.11,73.79,105.87,54.24,34.71,182.49,101.26
2019-04-16 00:00:00+00:00,80.21,271.43,179.95,83.21,145.41,1863.04,70.85,192.2,114.6,245.13,43.72,20.68,80.9,57.56,228.72,27.43,46.75,358.05,152.34,71.9,69.04,164.56,36.39,80.76,64.54,20.57,76.98,172.03,143.84,77.11,118.93,90.52,25.57,152.61,65.13,219.34,359.46,34.79,188.21,86.21,367.69,101.85,43.15,198.88,74.1,107.23,54.49,34.46,179.74,99.17
2019-04-17 00:00:00+00:00,77.98,269.45,176.81,82.1,140.03,1864.82,70.61,191.17,114.4,236.25,43.89,19.92,80.26,57.05,227.18,27.04,44.88,361.69,153.01,72.15,68.68,165.45,35.97,80.75,63.25,20.5,74.32,173.76,143.83,76.77,119.26,88.3,25.54,144.16,65.1,219.0,354.74,34.18,187.29,85.48,342.97,97.37,42.95,197.3,72.46,106.18,55.06,34.48,166.97,97.98
2019-04-18 00:00:00+00:00,77.57,270.57,175.4,82.57,140.31,1861.69,70.48,192.91,114.79,239.62,43.95,20.04,80.42,58.51,226.39,26.13,46.0,359.37,153.48,71.34,69.35,169.05,35.98,79.95,62.95,20.52,73.96,175.48,143.5,76.93,120.7,89.84,25.78,145.22,65.25,221.35,360.35,33.04,186.3,84.49,333.34,99.22,43.3,198.18,73.75,107.12,55.12,34.4,168.16,99.03
2019-04-22 00:00:00+00:00,78.15,272.21,170.08,82.17,140.26,1887.31,70.52,192.32,113.61,244.0,43.79,20.28,80.18,58.71,228.81,26.17,45.26,358.05,154.51,71.48,69.6,169.15,36.15,79.47,61.87,19.88,73.66,176.55,144.5,78.68,121.22,90.59,25.5,144.25,65.4,222.53,377.34,32.55,188.47,84.29,334.03,100.01,43.45,199.37,73.72,105.72,54.41,34.39,168.52,100.12
2019-04-23 00:00:00+00:00,78.66,278.49,172.47,79.05,142.17,1923.77,71.15,193.4,114.11,250.64,43.83,20.68,81.58,59.5,230.21,26.19,46.08,358.63,153.53,72.85,69.01,167.76,36.67,80.14,63.04,20.09,75.41,178.69,146.37,80.33,121.72,92.27,25.22,151.29,66.51,226.03,381.89,32.37,190.67,84.91,344.14,101.49,43.75,199.98,73.75,107.74,55.19,39.77,175.37,101.97
2019-04-24 00:00:00+00:00,78.67,275.45,171.86,76.8,139.66,1901.75,71.99,193.23,117.29,251.0,44.46,21.1,82.06,58.9,224.4,26.11,46.58,360.5,154.22,72.67,68.86,165.31,38.52,79.74,62.8,19.87,73.52,181.63,146.84,79.43,122.36,92.79,25.57,153.96,66.53,224.77,374.23,32.2,191.17,84.45,340.46,101.73,39.35,200.84,73.33,106.75,55.42,39.29,172.58,101.1
2019-04-25 00:00:00+00:00,79.34,277.66,170.64,74.87,141.49,1902.25,72.26,192.29,115.02,255.91,44.45,20.64,82.79,58.96,229.89,26.01,46.85,366.76,155.09,72.93,68.69,161.81,38.11,78.99,64.14,19.6,73.94,173.69,147.3,78.37,121.22,87.74,25.77,154.72,66.39,223.28,368.33,31.63,186.91,83.59,349.99,102.25,39.11,199.53,72.71,104.82,55.08,38.48,174.61,101.83
2019-04-26 00:00:00+00:00,79.7,281.96,170.19,75.56,145.39,1950.63,72.18,193.21,114.44,266.4,44.66,20.68,83.15,59.7,230.53,26.66,47.51,370.15,157.56,73.37,71.3,165.01,38.36,79.49,65.15,19.41,75.03,173.8,148.14,78.98,122.79,85.88,25.0,154.62,66.55,226.02,374.85,31.46,178.09,84.76,343.66,103.94,39.1,201.07,72.92,107.74,55.06,38.67,172.85,103.35
2019-04-29 00:00:00+00:00,80.3,286.14,166.77,75.71,146.3,1938.43,71.36,192.44,113.88,266.29,44.24,20.7,82.95,59.63,229.38,25.96,47.44,370.97,156.38,72.4,71.38,166.29,38.25,79.31,64.92,19.66,74.38,173.01,148.62,78.46,122.06,86.73,25.57,155.48,66.87,223.78,371.83,30.76,179.33,84.9,344.15,103.07,38.9,199.81,73.6,107.6,54.78,39.78,172.52,101.26
2019-04-30 00:00:00+00:00,79.39,289.25,166.32,75.06,147.0,1926.52,72.77,195.3,116.24,263.03,44.07,21.48,83.62,59.94,229.24,25.89,48.71,371.19,159.73,72.96,72.79,165.63,38.75,79.06,65.04,19.95,76.8,174.73,149.06,77.94,122.63,87.03,25.78,159.92,73.48,225.38,370.54,31.06,181.0,86.56,343.14,104.51,38.67,203.73,72.99,107.82,54.88,39.91,168.98,101.84
2019-05-01 00:00:00+00:00,78.89,283.35,163.83,74.07,145.33,1911.52,72.24,192.91,114.7,260.72,43.38,21.46,82.32,58.67,229.5,25.38,47.6,371.04,148.16,72.18,71.29,164.54,37.8,76.98,64.87,19.93,78.91,170.84,140.69,77.59,122.52,85.86,25.58,161.16,72.85,222.72,378.81,30.32,180.47,85.78,340.79,104.45,37.14,203.81,73.58,106.33,53.94,39.29,172.6,101.79
2019-05-02 00:00:00+00:00,78.47,279.64,166.78,76.09,144.25,1900.82,72.34,192.8,116.96,261.59,43.7,21.91,82.89,60.0,230.52,25.11,48.74,370.41,148.74,66.61,71.82,164.12,37.59,76.67,65.3,20.04,80.94,169.79,138.81,76.74,122.93,87.35,25.78,165.63,73.14,221.29,379.06,30.1,183.19,84.92,335.41,105.74,37.52,204.19,73.61,107.9,54.45,39.95,169.54,103.15
2019-05-03 00:00:00+00:00,78.71,285.58,163.27,77.05,145.81,1962.46,72.95,192.95,116.95,261.7,43.96,22.41,83.13,61.54,231.18,25.37,49.56,377.68,148.18,59.25,71.95,166.91,38.28,77.55,67.13,20.29,83.06,171.49,137.58,77.01,123.54,88.18,25.74,164.95,74.45,226.93,385.03,30.22,183.01,85.7,336.89,112.68,37.86,206.92,74.74,109.55,54.03,40.8,173.87,103.75
2019-05-06 00:00:00+00:00,79.26,283.66,161.99,77.05,147.76,1950.55,72.75,192.18,114.93,268.7,43.11,22.39,83.56,61.95,236.07,25.47,49.44,376.28,148.25,59.6,71.69,160.18,37.88,76.25,67.69,20.09,85.0,161.51,137.93,77.01,125.15,88.14,25.71,165.44,74.11,229.63,378.67,29.94,179.85,85.12,344.23,112.63,37.57,206.04,74.46,105.61,54.19,40.23,174.76,103.33
2019-05-07 00:00:00+00:00,77.95,277.07,160.66,75.85,141.36,1921.0,72.7,189.85,113.68,264.89,42.05,22.29,82.26,61.97,229.02,25.5,48.94,374.74,148.46,58.51,70.51,157.76,37.68,78.51,66.4,19.61,83.23,158.56,135.01,78.23,125.09,86.42,25.77,162.22,73.53,221.93,370.46,30.72,173.11,84.43,322.4,112.34,36.75,204.35,74.0,103.97,53.42,38.62,170.28,101.37
2019-05-08 00:00:00+00:00,77.99,276.77,158.62,72.58,140.05,1917.77,71.36,191.64,110.55,264.65,41.58,22.39,82.69,61.95,230.98,25.58,49.71,372.32,148.82,58.98,70.99,155.59,37.54,78.96,66.07,19.53,82.85,158.63,134.41,79.03,124.62,86.75,25.28,163.5,74.17,223.83,364.37,30.2,173.92,83.81,329.0,111.42,36.73,207.94,72.63,105.74,54.01,38.58,169.01,101.86
2019-05-09 00:00:00+00:00,77.91,275.79,159.89,72.61,140.26,1899.87,71.9,192.52,110.55,266.05,40.94,22.09,82.22,62.37,228.47,25.94,50.14,374.33,146.96,59.1,70.85,155.48,37.62,79.71,66.13,19.29,82.02,153.62,133.91,78.63,125.96,86.3,25.36,165.92,75.02,221.88,362.75,29.93,170.19,83.93,324.17,112.05,36.48,207.31,74.25,104.92,53.84,38.79,169.91,101.67
2019-05-10 00:00:00+00:00,77.45,278.48,158.12,72.63,140.16,1889.98,73.29,195.66,110.6,268.31,40.8,22.48,83.47,64.31,226.23,25.96,48.85,377.89,148.19,59.13,71.5,156.05,37.38,79.44,65.57,19.12,80.68,153.69,134.77,78.66,126.9,85.83,25.83,166.34,75.48,224.28,361.04,30.15,168.82,84.54,312.86,112.09,36.44,210.39,75.23,104.85,54.24,38.45,168.85,102.29
2019-05-13 00:00:00+00:00,76.87,267.7,155.37,68.55,135.01,1822.68,74.6,196.88,104.23,261.2,39.09,21.51,81.95,64.41,225.66,25.84,46.07,368.89,149.14,56.88,71.56,146.28,35.87,74.99,64.17,18.27,75.75,142.41,132.95,75.81,126.76,82.62,25.39,162.02,73.77,215.35,345.26,30.91,158.45,83.7,305.15,110.85,35.7,209.27,73.42,97.68,52.48,36.59,164.61,101.35
2019-05-14 00:00:00+00:00,78.44,271.86,155.75,70.22,135.96,1840.12,73.85,198.07,106.75,261.33,40.01,21.86,82.48,63.44,229.18,26.3,46.1,373.15,147.23,57.75,71.15,147.11,36.8,75.13,65.08,18.3,76.11,145.86,135.21,76.49,126.78,83.79,25.25,163.33,74.3,220.44,345.61,30.83,162.04,84.09,304.62,112.06,36.13,209.47,73.6,98.34,52.58,36.93,166.72,101.25
2019-05-15 00:00:00+00:00,78.78,276.82,155.83,69.58,136.71,1871.15,73.72,200.47,107.89,258.65,41.5,22.01,82.71,62.51,230.59,26.36,46.18,377.19,148.32,58.6,71.34,144.84,37.04,75.68,65.3,18.73,75.99,145.58,134.83,76.81,127.5,84.41,25.21,165.36,75.05,220.9,354.99,30.69,159.58,85.34,305.85,112.82,36.32,210.4,74.63,98.36,52.34,37.9,166.88,101.84
2019-05-16 00:00:00+00:00,79.5,283.55,157.28,69.41,140.04,1907.57,74.24,202.02,104.7,263.82,41.66,22.12,83.79,62.57,230.87,26.27,45.23,382.19,148.72,58.64,72.5,145.99,37.27,75.77,65.78,18.94,77.64,138.01,136.1,77.5,125.74,85.19,24.66,164.99,76.29,226.07,359.31,30.55,160.19,85.51,308.04,113.43,36.9,212.31,75.38,99.44,52.69,38.3,170.23,102.93
2019-05-17 00:00:00+00:00,79.46,279.85,157.97,67.76,140.2,1869.0,74.71,202.43,100.83,265.07,42.7,21.96,83.35,62.57,229.28,26.17,45.03,386.41,147.05,59.44,71.97,134.82,36.9,75.23,66.36,19.02,77.2,134.05,135.75,76.54,126.9,81.86,24.22,164.41,75.99,224.81,354.45,30.92,156.53,86.81,304.94,112.78,36.88,209.98,75.37,96.02,53.04,37.5,168.73,101.97
2019-05-20 00:00:00+00:00,79.82,275.45,158.64,67.78,138.78,1858.97,74.69,198.25,97.5,266.31,40.35,22.01,83.29,62.04,230.76,26.45,45.98,377.29,146.72,59.99,71.7,135.37,36.56,72.97,65.86,18.96,76.83,130.08,135.68,76.07,127.39,74.56,24.07,165.59,75.27,222.67,348.11,31.17,151.75,86.23,302.57,112.06,37.02,203.23,78.29,95.39,52.97,37.15,165.73,102.22
2019-05-21 00:00:00+00:00,80.88,278.07,161.3,68.5,138.48,1857.52,74.29,198.17,99.88,277.06,41.27,22.38,83.85,62.4,232.92,27.35,46.9,379.21,148.18,61.0,71.53,138.89,36.58,74.33,66.52,19.44,78.68,134.08,136.69,77.48,126.69,75.36,24.3,166.37,76.73,224.91,354.27,31.34,155.06,85.76,309.95,112.49,37.54,205.5,77.15,97.86,53.26,37.47,169.12,102.38
2019-05-22 00:00:00+00:00,81.59,281.82,166.29,67.96,139.51,1859.68,74.87,200.67,101.44,277.14,40.49,22.37,84.79,61.5,235.04,26.6,46.84,378.08,150.6,61.5,71.53,138.78,36.31,73.23,66.5,19.2,79.02,133.81,135.65,76.78,127.28,75.76,24.0,167.46,76.97,225.12,359.73,31.32,152.2,85.49,320.09,113.12,37.5,206.84,76.35,98.51,51.72,38.58,172.37,102.94
2019-05-23 00:00:00+00:00,81.15,274.25,159.8,66.34,138.04,1815.48,75.71,202.92,98.73,277.72,39.94,22.21,84.15,61.05,229.11,25.61,45.91,375.51,150.88,61.08,71.75,136.47,35.95,71.36,67.17,19.19,80.5,130.49,132.28,75.2,127.14,73.56,23.53,166.24,76.13,217.67,352.21,31.64,147.32,86.24,315.26,112.74,36.86,210.03,76.01,95.38,52.16,37.19,173.01,102.89
2019-05-24 00:00:00+00:00,80.06,274.77,158.09,66.8,135.51,1823.28,75.38,203.0,98.42,277.25,39.5,22.25,84.28,61.35,227.06,25.7,45.95,375.0,149.63,61.87,71.2,138.95,36.13,70.92,66.89,20.03,81.75,131.01,132.49,75.85,126.69,73.69,23.72,166.8,76.27,218.86,354.39,31.92,145.15,84.64,312.56,113.89,37.03,208.74,77.27,93.65,51.62,37.41,171.77,102.4
2019-05-28 00:00:00+00:00,78.03,278.25,154.56,67.43,131.41,1836.43,74.32,202.55,97.11,272.26,39.01,22.14,83.91,61.2,225.54,25.7,45.48,377.0,146.83,62.07,70.11,137.57,36.22,71.43,63.97,19.66,81.76,129.65,130.96,74.71,123.68,73.13,23.62,165.25,74.98,221.36,354.78,31.67,143.33,81.55,307.93,113.38,36.58,203.83,75.91,91.19,50.07,37.29,172.76,102.02
2019-05-29 00:00:00+00:00,78.06,273.38,155.78,65.8,125.67,1819.19,73.19,201.13,98.11,275.57,39.37,22.03,84.04,60.5,223.4,25.27,43.68,375.37,147.4,61.88,69.97,141.13,36.1,72.62,63.37,19.0,77.59,129.51,131.44,73.87,120.95,71.42,23.03,163.7,74.8,220.54,349.19,31.6,140.34,81.14,307.78,112.17,36.92,203.77,76.13,90.82,49.73,36.85,166.55,101.15
2019-05-30 00:00:00+00:00,77.61,274.51,159.39,65.57,122.42,1816.32,72.92,204.69,98.06,277.82,39.75,22.0,84.48,61.04,223.78,25.17,42.93,379.22,149.64,62.36,70.85,141.68,36.38,73.33,63.34,19.14,78.74,128.46,132.22,75.19,121.17,79.49,22.78,163.37,74.83,222.78,351.85,32.09,139.11,79.6,307.96,113.3,37.73,212.61,76.03,90.05,50.56,37.14,170.26,102.33
2019-05-31 00:00:00+00:00,76.71,270.9,155.0,63.3,121.91,1775.07,73.34,208.77,96.62,277.98,38.69,21.9,84.2,61.39,219.29,25.02,42.07,376.8,148.81,61.93,69.62,140.17,35.93,73.45,62.25,18.68,78.63,125.17,131.22,75.29,121.56,75.13,22.81,162.61,75.33,220.01,343.28,33.09,135.46,77.13,301.72,114.12,37.57,216.41,73.44,89.11,50.29,36.44,166.18,101.05
2019-06-03 00:00:00+00:00,75.7,259.03,153.17,65.05,123.13,1692.69,74.48,209.29,96.07,276.44,38.78,22.12,85.58,62.05,223.37,25.29,42.92,377.65,152.58,60.54,70.69,143.29,35.62,74.75,63.63,18.66,79.56,126.6,130.7,76.85,124.3,74.21,22.96,163.68,75.92,216.26,336.63,33.63,133.78,78.61,303.95,112.76,37.32,217.42,74.2,90.17,49.89,34.43,166.64,103.95
2019-06-04 00:00:00+00:00,76.75,268.71,154.61,67.54,128.61,1729.56,74.45,208.01,100.97,279.81,40.42,22.55,85.87,63.09,227.0,25.48,43.95,387.67,152.8,61.1,70.82,145.62,36.54,78.14,64.32,19.39,81.56,131.54,132.67,78.92,124.6,78.16,23.63,166.43,78.0,224.83,353.4,34.36,143.0,78.5,302.06,114.07,37.97,217.46,75.69,92.51,50.7,36.1,171.27,108.12
2019-06-05 00:00:00+00:00,77.06,272.86,154.61,67.37,126.5,1738.5,76.14,212.77,99.87,276.92,40.59,22.98,87.76,64.45,226.09,25.28,43.3,384.96,155.4,62.18,71.92,146.22,36.56,78.61,64.44,19.56,81.02,130.41,133.6,80.04,125.26,79.08,23.37,166.84,78.12,234.5,355.73,34.49,141.28,77.25,300.0,115.13,37.99,220.72,76.29,92.45,51.16,36.33,173.27,108.5
2019-06-06 00:00:00+00:00,77.07,274.8,154.9,68.46,125.05,1754.36,76.53,212.7,99.97,277.5,41.38,23.28,87.31,65.66,224.35,25.43,42.79,387.31,158.96,61.9,73.11,146.49,36.81,79.5,63.73,19.66,79.86,130.65,133.38,79.63,122.37,79.92,23.7,167.23,78.7,237.58,357.13,35.31,143.78,77.2,299.6,116.89,37.97,221.48,75.95,91.19,50.9,36.59,167.75,108.89
2019-06-07 00:00:00+00:00,77.43,278.16,155.35,69.08,127.13,1804.03,75.88,212.46,100.69,278.13,41.51,23.54,87.79,65.9,227.23,25.44,43.85,394.04,156.63,62.78,73.99,148.71,37.51,80.72,65.35,19.71,80.83,131.8,135.39,79.4,124.53,82.13,23.93,166.98,79.42,240.3,360.87,35.67,145.5,78.17,306.72,117.4,38.49,220.5,77.03,90.47,51.92,37.93,173.51,110.06
2019-06-10 00:00:00+00:00,76.95,280.34,153.52,70.93,126.61,1860.63,75.92,209.85,106.55,282.14,43.14,23.29,87.82,66.32,228.4,24.18,44.0,395.41,156.79,63.03,73.03,149.81,38.12,79.93,66.12,19.88,76.8,132.92,136.92,80.14,122.64,82.36,24.39,167.44,79.17,243.99,352.01,35.29,148.43,76.96,304.25,118.33,38.22,221.54,76.67,92.14,51.63,37.64,172.84,110.22
2019-06-11 00:00:00+00:00,78.17,275.99,152.17,73.43,122.85,1863.7,74.93,208.97,105.17,283.45,43.75,23.01,87.45,66.44,229.08,23.99,44.64,391.64,156.13,63.37,73.33,150.0,38.23,79.69,66.1,19.86,75.56,136.09,136.79,78.37,123.11,83.67,24.66,166.61,78.33,236.35,351.27,34.92,150.75,78.14,306.84,118.19,37.54,223.27,75.46,92.09,52.06,37.21,172.0,110.16
2019-06-12 00:00:00+00:00,78.57,276.84,150.54,72.18,122.27,1855.32,76.24,211.5,104.37,281.1,41.5,22.66,87.71,66.6,230.43,23.72,44.22,391.16,156.92,62.15,73.05,148.79,39.02,79.91,66.78,19.92,75.8,133.17,138.59,77.84,123.86,84.36,24.63,166.47,79.25,234.85,345.56,35.47,146.2,77.21,306.16,119.53,37.79,226.85,75.38,91.4,52.13,37.49,170.63,111.44
2019-06-13 00:00:00+00:00,78.95,276.3,150.61,72.76,121.0,1870.3,76.21,209.01,105.78,285.1,41.65,23.19,87.12,64.92,231.26,23.9,45.27,389.72,155.98,62.34,72.75,151.53,39.0,80.48,66.99,19.99,76.37,137.31,137.97,78.33,123.51,84.83,24.62,168.01,78.42,234.82,343.43,35.55,148.26,77.59,307.42,119.44,37.75,224.5,74.45,91.16,52.82,36.34,168.89,110.03
2019-06-14 00:00:00+00:00,78.69,274.28,151.8,70.88,115.92,1869.67,76.71,211.23,104.02,285.32,41.23,22.98,87.7,65.41,227.67,23.77,44.16,392.08,156.88,61.64,73.35,151.51,38.91,79.91,66.36,19.91,77.71,131.94,137.81,78.3,123.31,83.83,24.26,166.39,78.84,235.78,339.73,35.93,144.64,77.2,305.24,118.09,37.65,226.5,74.9,91.02,53.34,36.15,170.22,110.79
2019-06-17 00:00:00+00:00,78.65,275.6,151.74,71.24,115.73,1886.03,76.2,214.09,105.1,287.45,40.5,22.88,86.29,65.32,231.78,24.0,44.46,394.07,154.82,62.56,73.41,154.37,39.01,79.59,67.1,19.9,81.84,132.39,137.09,78.2,122.4,83.34,24.36,166.13,78.25,232.59,350.62,36.22,145.03,77.99,310.98,118.5,37.48,227.75,75.27,91.43,53.56,36.44,173.78,110.81
2019-06-18 00:00:00+00:00,78.25,276.78,154.83,70.77,120.64,1901.37,76.43,214.39,109.94,288.33,42.31,23.53,86.04,66.45,233.01,23.88,44.54,395.21,153.64,63.72,72.89,159.38,39.67,80.68,68.2,20.52,84.28,138.4,137.34,79.86,120.6,86.0,23.94,166.09,78.63,233.59,357.12,36.01,152.88,77.11,306.63,119.63,37.69,229.55,76.44,92.04,53.83,36.65,177.94,113.38
2019-06-19 00:00:00+00:00,77.61,291.21,153.77,68.94,128.16,1908.79,76.9,216.17,111.04,291.07,42.53,23.69,86.79,66.66,233.89,24.07,45.04,397.75,153.08,62.61,73.53,159.94,40.13,82.04,68.26,20.63,84.87,140.69,138.19,80.63,120.87,86.79,23.64,169.5,78.63,236.65,363.52,36.36,153.12,76.65,310.83,120.54,37.85,233.48,78.28,92.78,54.14,36.29,181.75,114.28
2019-06-20 00:00:00+00:00,78.34,302.11,153.27,69.49,130.82,1918.19,77.36,217.52,112.56,291.23,43.21,24.15,87.5,67.25,234.97,23.59,44.77,398.77,154.58,64.17,73.6,162.76,39.92,82.06,68.57,20.86,86.57,144.61,138.62,81.9,121.1,88.4,23.13,167.99,79.66,237.44,365.21,37.58,154.1,77.18,320.48,123.27,37.97,233.68,77.93,96.12,53.83,35.44,182.17,112.97
2019-06-21 00:00:00+00:00,78.78,299.33,153.24,68.34,130.81,1911.3,77.45,215.18,113.67,293.76,42.96,24.33,86.54,67.08,239.09,23.43,44.7,394.69,154.92,64.46,72.95,164.28,40.05,82.6,69.38,20.7,88.7,146.48,137.34,82.31,121.52,86.42,22.24,170.8,78.92,232.4,369.21,37.49,151.76,79.22,320.26,120.07,37.58,231.91,75.7,93.62,52.93,35.02,183.97,112.88
2019-06-24 00:00:00+00:00,78.45,299.87,152.33,68.01,129.57,1913.9,76.9,214.55,112.9,290.53,42.33,24.3,86.98,67.18,235.91,23.23,45.01,392.44,155.21,64.05,73.97,166.88,39.71,81.81,68.84,20.66,86.92,146.16,136.91,81.98,121.31,86.45,22.08,169.32,78.96,235.01,371.04,38.44,152.66,77.83,312.55,121.17,36.65,232.52,75.54,91.85,52.78,35.58,181.02,113.47
2019-06-25 00:00:00+00:00,65.7,287.97,154.5,67.79,162.43,1878.27,76.58,210.81,110.28,285.18,41.98,24.39,86.2,68.06,240.29,22.96,45.75,390.91,155.77,63.16,73.91,166.31,39.02,82.61,68.48,20.6,87.61,143.89,135.65,82.32,120.57,85.22,21.85,169.41,79.13,230.75,360.3,37.94,151.48,78.82,312.9,119.89,36.64,228.33,74.58,91.24,53.05,34.72,180.15,113.86
2019-06-26 00:00:00+00:00,68.0,288.72,149.93,69.16,164.0,1897.83,74.73,205.8,110.87,278.84,43.58,24.89,84.63,67.75,238.07,22.63,45.63,388.24,151.65,63.06,72.35,166.12,39.2,83.38,66.68,20.79,85.63,148.18,134.41,82.81,116.0,87.23,21.43,168.17,78.51,231.52,362.2,38.27,159.26,77.38,305.08,119.5,35.41,223.5,73.04,91.94,52.85,35.22,177.66,113.05
2019-06-27 00:00:00+00:00,70.0,293.23,151.71,69.52,166.01,1904.28,74.65,205.85,112.84,282.42,44.69,25.39,85.94,68.1,239.77,22.66,46.61,391.41,152.27,63.06,72.14,164.82,39.29,83.09,67.08,20.74,84.72,150.52,134.54,84.01,116.89,87.12,21.39,170.97,79.39,234.1,370.02,38.08,163.23,77.92,310.67,120.6,36.63,224.83,73.29,91.98,52.88,34.75,178.58,112.76
2019-06-28 00:00:00+00:00,72.72,294.65,154.14,70.41,167.43,1893.63,75.11,204.45,112.87,282.21,44.91,25.82,87.59,69.99,233.87,22.96,47.1,395.18,153.11,63.39,71.67,165.71,39.5,82.95,67.56,20.79,84.96,154.25,133.92,84.39,115.19,89.81,21.71,172.9,79.85,238.79,367.32,38.47,164.23,78.53,313.0,122.03,35.87,224.84,74.14,93.64,52.88,34.9,183.38,113.49
2019-07-01 00:00:00+00:00,73.4,300.97,156.59,70.33,167.52,1922.19,75.21,202.3,115.0,282.72,45.68,26.08,89.44,70.26,235.49,23.01,47.56,397.74,152.8,64.28,72.08,165.14,39.89,85.03,67.83,20.99,85.42,156.66,136.42,84.8,116.51,92.83,21.6,175.03,80.17,240.51,374.6,37.91,166.17,77.98,316.56,123.76,36.24,224.99,74.15,94.28,52.96,36.08,181.84,113.57
2019-07-02 00:00:00+00:00,74.23,301.39,159.79,69.87,169.54,1934.31,75.9,205.63,113.51,280.66,44.66,26.15,90.33,71.56,236.37,23.02,47.17,398.69,154.16,64.36,72.74,165.13,40.08,83.5,68.84,21.06,85.01,154.59,135.94,84.38,117.58,90.85,21.44,176.18,80.14,244.58,375.43,38.44,162.23,79.75,315.53,123.37,36.68,230.42,75.48,92.2,52.78,36.22,179.53,114.59
2019-07-03 00:00:00+00:00,74.96,305.7,160.63,71.54,169.61,1939.0,76.52,210.17,113.17,282.78,44.67,25.87,91.4,72.25,238.27,23.53,48.0,400.0,156.95,64.18,74.0,165.29,39.9,84.79,69.0,21.16,86.52,155.72,137.61,84.79,119.73,91.36,21.55,176.22,81.4,245.57,381.72,38.76,162.75,80.63,318.39,123.88,37.06,234.29,75.82,93.6,53.92,36.02,183.26,115.34
2019-07-05 00:00:00+00:00,72.99,303.98,160.62,70.51,167.69,1942.91,76.45,209.04,112.86,284.06,43.98,26.1,90.59,71.77,234.25,23.64,48.23,401.68,155.77,64.71,73.14,163.42,39.8,84.69,68.53,21.16,85.28,149.0,137.15,84.71,119.49,91.47,21.75,177.78,82.02,242.29,380.55,38.42,160.23,80.12,307.0,124.33,37.19,232.61,76.23,94.48,54.43,36.25,178.34,114.18
2019-07-08 00:00:00+00:00,71.22,302.92,158.19,70.19,164.95,1952.32,76.47,208.95,111.83,284.74,43.45,25.82,90.37,70.6,230.84,23.84,47.49,399.395,156.88,64.2,73.38,163.89,39.54,83.74,67.48,20.74,83.01,141.23,136.12,83.55,119.21,89.83,21.8,175.88,81.41,234.7,376.16,38.29,157.21,79.61,302.84,123.81,37.06,233.42,75.63,93.77,54.95,36.45,176.75,114.1
2019-07-09 00:00:00+00:00,71.24,304.2,155.5,70.62,166.45,1988.3,76.61,211.31,113.29,284.16,43.97,25.84,90.76,70.92,234.22,23.93,47.2,401.22,155.45,64.38,73.11,163.35,39.94,82.33,67.75,20.63,83.82,140.93,136.68,84.0,118.77,90.05,21.71,174.7,81.52,238.0,379.93,38.76,157.31,79.44,307.97,124.02,37.02,234.75,75.15,93.11,54.79,37.65,178.46,113.26
2019-07-10 00:00:00+00:00,71.65,306.98,156.43,70.49,166.7,2017.41,76.65,211.53,114.01,287.92,44.72,25.79,90.86,70.43,232.43,24.03,47.46,407.21,154.51,64.06,73.49,160.81,40.01,81.54,67.46,20.59,83.77,141.92,137.4,83.82,118.14,88.95,21.65,174.31,81.5,238.0,381.0,39.05,160.06,80.28,301.43,124.0,37.23,235.97,78.63,92.77,55.16,37.47,178.76,114.57
2019-07-11 00:00:00+00:00,71.24,307.6,156.29,70.58,165.97,2001.07,76.68,209.26,113.92,303.88,45.28,25.72,91.38,71.15,231.6,23.81,48.26,410.25,155.24,65.29,73.89,161.26,39.6,82.7,66.19,20.85,81.23,138.17,138.89,84.05,114.51,89.76,21.76,174.95,81.94,240.28,379.5,39.28,166.28,81.26,291.82,124.72,37.27,235.18,78.26,94.13,55.86,37.21,176.01,114.35
2019-07-12 00:00:00+00:00,70.28,309.42,158.58,72.63,165.85,2011.0,76.16,208.98,116.2,310.48,46.51,26.0,91.83,70.0,231.42,24.0,47.59,414.31,158.06,65.86,74.38,165.37,40.06,83.26,66.26,21.23,80.1,140.67,139.91,85.21,114.2,91.37,21.89,175.45,82.43,245.12,373.25,39.42,167.61,81.89,292.56,124.39,37.46,233.97,79.45,94.66,56.69,37.84,175.79,113.31
2019-07-15 00:00:00+00:00,70.27,308.76,158.92,72.42,166.08,2020.99,76.29,210.7,117.02,306.85,46.28,25.82,92.22,69.29,233.62,23.51,47.5,414.63,158.53,65.82,74.0,166.0,40.27,83.99,68.07,21.35,81.39,135.1,140.5,84.79,115.09,91.01,22.08,174.6,82.34,245.2,366.6,39.17,167.27,81.47,298.2,123.75,37.67,235.27,79.31,93.82,56.47,38.68,176.37,113.57
2019-07-16 00:00:00+00:00,69.16,305.7,161.76,73.05,164.26,2009.9,76.23,209.31,115.46,305.41,46.01,25.78,92.19,69.07,231.55,23.25,46.79,414.84,159.94,65.95,74.5,166.15,39.92,84.47,66.94,21.31,79.88,132.86,140.46,85.75,115.46,89.42,21.96,175.05,82.04,241.57,365.99,38.69,167.08,81.58,298.37,123.37,37.77,232.31,79.04,94.03,56.22,37.99,176.16,113.48
2019-07-17 00:00:00+00:00,68.32,309.39,157.67,72.64,162.46,1992.03,76.74,208.74,113.94,304.69,46.22,25.3,91.95,68.51,229.44,22.39,45.07,414.56,159.58,65.24,73.75,163.08,39.03,83.45,66.92,21.18,80.23,130.97,141.05,84.74,116.01,88.22,21.64,173.87,80.77,241.58,362.44,39.06,169.71,81.05,299.42,123.78,37.8,231.85,78.93,93.29,56.3,37.7,177.14,113.68
2019-07-18 00:00:00+00:00,68.25,310.08,157.9,73.0,162.05,1977.9,77.16,208.66,116.01,304.57,48.17,25.14,92.05,70.9,232.23,22.4,45.19,415.62,162.05,65.93,73.88,163.24,39.77,83.8,67.21,21.38,81.31,130.69,142.6,83.94,115.89,87.38,21.66,174.97,80.96,245.73,325.21,39.7,170.18,87.71,303.09,124.76,37.9,231.8,77.97,93.16,55.22,37.66,178.09,114.94
2019-07-19 00:00:00+00:00,68.54,306.87,156.93,74.47,163.16,1964.52,75.98,205.56,115.78,302.12,47.81,25.18,91.81,70.7,231.27,22.32,44.99,409.79,161.86,65.14,72.7,165.61,40.21,83.37,65.04,21.39,80.54,131.6,141.6,83.91,114.3,87.46,21.69,173.24,79.59,240.98,315.1,39.29,168.44,88.73,298.11,123.46,37.82,228.4,77.43,92.67,54.64,36.77,174.13,114.09
2019-07-22 00:00:00+00:00,68.0,308.55,158.9,73.18,162.63,1985.63,76.28,206.7,117.71,301.78,50.73,25.13,91.25,71.11,232.48,22.26,44.53,407.86,161.59,65.55,72.35,165.14,40.67,84.38,64.91,21.44,81.71,134.98,138.84,84.13,112.12,87.43,20.86,172.15,79.58,240.59,310.62,39.9,171.32,86.95,296.52,123.64,38.03,230.3,77.66,91.73,54.2,37.58,174.08,115.94
2019-07-23 00:00:00+00:00,67.73,307.88,157.64,74.58,161.89,1994.49,76.23,206.8,119.92,302.59,51.03,25.16,91.95,71.78,243.88,22.27,44.4,407.53,164.4,65.87,72.28,168.35,41.03,84.89,66.4,21.63,78.51,140.49,138.85,84.93,112.64,88.78,20.82,175.97,80.83,235.61,307.3,39.62,175.66,86.75,309.26,123.83,38.15,233.17,78.14,92.53,54.65,37.9,175.24,115.94
2019-07-24 00:00:00+00:00,67.46,310.27,158.5,75.53,160.98,2000.81,76.43,204.79,124.64,288.91,52.14,25.65,92.37,72.03,241.24,22.11,44.75,409.67,163.59,65.76,71.28,167.18,41.03,85.79,66.64,21.57,79.15,143.68,136.49,85.65,112.1,93.71,21.24,178.1,81.6,232.25,317.94,39.3,178.66,85.02,313.63,125.46,34.16,234.08,80.61,94.43,55.0,38.73,173.34,115.44
2019-07-25 00:00:00+00:00,66.66,308.73,150.03,74.61,160.05,1973.82,76.25,205.42,122.18,293.95,50.82,25.61,91.85,71.29,238.21,21.79,44.91,405.5,163.55,65.78,71.93,166.91,40.81,85.24,66.32,21.33,78.8,141.13,138.0,84.5,113.05,90.75,21.14,171.77,81.15,231.89,326.46,38.25,173.38,85.63,303.42,123.84,34.02,233.79,79.91,93.59,55.05,38.12,169.56,114.65
2019-07-26 00:00:00+00:00,67.76,311.27,152.62,74.58,160.98,1943.05,76.59,204.59,121.8,299.98,50.74,25.74,92.33,72.14,238.21,19.16,45.12,398.79,166.33,66.4,73.69,170.39,41.23,85.57,66.92,21.52,80.15,141.19,140.26,84.96,114.26,90.8,21.48,166.53,82.43,237.27,335.78,37.28,175.07,85.98,309.18,126.87,34.26,236.82,84.25,93.27,55.76,41.52,166.83,115.11
2019-07-29 00:00:00+00:00,67.18,307.22,153.04,73.09,160.97,1912.45,76.85,205.57,121.21,298.32,50.67,25.15,92.0,72.28,237.11,19.13,45.81,393.65,165.37,66.04,75.57,170.26,41.57,84.07,67.87,21.5,80.26,139.42,141.01,84.18,114.35,90.26,21.43,167.3,83.32,232.37,332.7,37.71,174.82,86.76,306.04,129.41,33.88,236.98,82.38,92.93,55.44,41.5,166.23,115.55
2019-07-30 00:00:00+00:00,67.18,303.64,151.8,73.6,160.87,1898.53,76.21,208.65,120.96,299.64,50.73,25.14,91.81,72.78,241.51,19.33,46.41,394.56,165.17,65.33,74.74,170.03,41.38,84.8,67.09,21.54,85.43,137.22,139.12,84.24,113.13,91.21,21.43,170.62,84.38,227.88,325.93,37.73,175.45,86.3,311.13,130.22,34.01,248.43,81.3,94.12,54.98,41.0,169.54,115.79
2019-07-31 00:00:00+00:00,66.62,298.86,150.64,72.96,160.5,1866.78,75.69,211.62,117.46,294.61,49.37,25.04,90.43,71.48,237.82,19.16,45.73,385.38,162.6,65.14,71.74,165.65,41.19,86.42,65.52,21.04,84.92,131.01,139.7,82.51,111.19,89.52,21.16,167.52,82.1,227.24,322.99,36.52,168.72,83.61,304.76,128.7,33.53,245.41,79.73,93.92,54.56,42.31,166.62,114.89
2019-08-01 00:00:00+00:00,65.8,298.44,149.95,69.59,160.91,1855.32,76.64,211.41,114.46,292.95,48.47,24.36,89.97,74.74,243.06,18.73,46.67,384.38,156.14,66.41,71.26,161.21,41.1,85.06,65.47,20.99,84.85,125.97,140.47,80.57,111.73,89.59,21.52,166.0,83.41,225.33,319.5,37.15,164.92,82.45,309.43,131.55,33.07,246.79,79.31,91.23,52.59,42.08,179.29,115.7
2019-08-02 00:00:00+00:00,65.35,293.71,145.78,68.68,161.02,1823.24,75.74,215.47,112.68,290.57,47.55,23.76,90.08,74.73,242.27,18.27,46.11,384.66,156.9,63.49,71.2,158.7,40.58,85.92,64.95,20.14,83.47,118.5,138.77,79.67,112.15,88.1,22.24,164.77,81.86,220.18,318.83,36.91,161.19,84.17,305.24,130.28,33.01,248.62,77.73,90.08,52.36,42.85,178.39,116.36
2019-08-05 00:00:00+00:00,65.23,280.36,143.16,65.41,160.63,1765.13,75.05,213.9,107.63,283.62,45.46,23.56,86.45,73.25,235.21,17.45,45.55,379.74,155.03,62.04,68.8,151.06,38.81,81.62,63.36,19.16,80.92,118.06,133.8,81.0,110.37,83.54,21.92,159.77,78.98,209.24,307.63,37.42,150.79,80.26,299.57,126.9,32.15,244.98,76.19,87.86,50.7,40.37,175.56,112.57
2019-08-06 00:00:00+00:00,64.77,286.21,145.64,65.45,159.49,1787.83,75.0,216.95,109.28,291.04,46.33,24.57,88.56,73.95,240.17,17.29,42.92,381.99,154.32,62.58,69.85,152.78,39.69,84.06,63.98,19.25,82.63,120.06,135.87,84.17,110.67,85.88,22.28,161.65,80.04,214.34,310.1,37.99,152.35,81.32,300.26,129.43,32.51,247.98,77.28,88.6,52.35,41.32,176.94,121.17
2019-08-07 00:00:00+00:00,64.46,289.02,144.04,67.59,158.84,1793.4,75.22,217.43,109.82,286.5,46.68,25.21,88.33,75.29,237.58,17.46,42.75,375.03,157.63,62.21,70.44,151.24,39.72,84.9,63.88,19.09,80.46,118.97,137.08,83.63,111.42,85.23,23.9,161.93,80.57,217.18,304.29,39.35,153.89,81.36,302.22,129.0,32.72,247.73,76.48,88.84,52.17,41.73,175.65,120.89
2019-08-08 00:00:00+00:00,65.45,297.78,144.43,73.49,159.85,1832.89,76.32,221.02,112.33,288.65,47.86,25.43,90.2,76.08,238.23,17.67,43.89,380.03,158.98,63.96,71.71,155.06,41.25,88.79,64.82,19.53,81.26,124.74,140.82,85.53,113.54,89.26,23.35,164.44,83.9,225.47,315.9,39.29,158.26,82.48,309.87,131.41,33.21,252.56,77.9,91.16,53.53,42.07,182.94,124.11
2019-08-09 00:00:00+00:00,65.58,294.83,144.33,70.25,159.84,1807.58,76.69,222.23,110.66,287.33,47.15,25.22,90.42,77.46,235.8,17.37,44.35,379.57,158.27,62.46,71.52,154.84,40.31,88.32,65.24,19.28,81.79,121.71,140.62,85.9,111.84,87.39,23.32,164.94,83.06,224.05,308.93,39.03,154.18,82.59,304.89,131.4,32.93,254.29,77.52,89.56,52.96,41.53,182.98,125.07
2019-08-12 00:00:00+00:00,64.53,288.65,142.16,67.38,158.65,1784.92,76.64,222.22,108.96,282.0,46.46,25.2,88.73,76.84,230.96,17.35,43.78,376.28,158.58,61.17,70.73,147.05,39.74,85.57,63.98,18.94,82.48,118.62,138.32,83.01,113.52,86.25,23.07,163.92,83.05,219.96,310.83,38.46,151.45,82.38,295.87,131.61,32.5,254.84,76.94,87.06,51.72,40.48,179.84,123.96
2019-08-13 00:00:00+00:00,65.01,293.17,142.23,68.45,159.94,1824.34,76.51,221.1,113.02,286.9,48.06,25.39,90.02,79.29,233.23,16.99,44.67,379.37,158.96,61.74,71.69,147.17,40.98,86.46,64.3,19.54,82.89,121.98,140.21,83.89,114.0,88.47,23.05,166.2,84.27,226.31,312.28,37.66,156.05,83.95,304.86,134.99,32.56,259.77,77.62,87.84,53.54,41.81,183.91,124.7
2019-08-14 00:00:00+00:00,63.5,283.66,136.49,64.29,157.4,1762.96,75.25,218.88,110.31,272.9,46.71,24.77,87.92,76.85,226.72,16.16,42.41,375.18,157.29,60.65,70.52,143.17,39.64,83.83,63.12,19.28,81.06,116.45,138.18,80.77,113.36,84.01,22.11,163.63,82.82,218.9,299.11,37.97,150.07,83.33,293.53,131.15,32.2,254.75,76.93,82.73,51.43,40.65,179.53,121.79
2019-08-15 00:00:00+00:00,62.98,282.71,137.5,61.66,156.34,1776.12,75.81,224.2,108.45,274.11,47.16,24.57,88.5,78.0,227.63,16.3,42.0,380.94,158.95,60.58,71.37,143.71,39.44,83.54,62.87,18.63,80.61,116.62,141.94,81.68,113.53,83.34,22.23,163.63,82.91,222.16,295.76,38.52,148.77,84.49,293.11,132.33,32.55,259.85,77.27,80.57,50.2,40.09,181.12,123.68
2019-08-16 00:00:00+00:00,64.43,287.45,136.59,63.09,158.25,1792.57,76.64,222.93,110.52,275.54,46.63,24.84,89.72,79.63,231.68,16.47,43.19,384.51,160.9,61.22,72.28,149.23,40.02,85.59,63.14,19.08,83.12,119.42,141.92,83.48,114.35,85.69,22.66,166.15,83.82,226.23,302.8,38.58,159.56,84.91,296.85,134.44,33.05,260.29,77.75,80.8,51.39,40.58,184.94,125.37
2019-08-19 00:00:00+00:00,66.56,287.97,136.35,64.92,159.25,1816.12,76.97,225.19,111.17,273.41,47.1,25.03,90.54,79.74,235.72,16.75,43.48,388.42,162.13,61.86,73.08,152.39,40.39,86.21,64.11,19.21,84.52,124.16,141.53,83.99,116.26,87.37,22.99,168.62,85.08,230.31,309.38,38.13,170.78,85.01,298.38,136.0,33.25,260.84,78.23,82.09,51.55,41.7,187.09,126.75
2019-08-20 00:00:00+00:00,66.41,285.71,135.38,64.17,159.11,1801.38,76.66,225.56,110.29,266.57,46.73,25.23,89.56,79.19,231.28,16.81,43.76,391.55,158.98,61.58,72.54,152.1,40.03,85.39,63.44,18.91,84.1,123.18,140.77,83.57,114.58,87.3,22.91,167.01,84.47,231.5,298.99,38.57,167.87,83.0,296.03,135.32,33.16,260.05,77.68,82.26,51.51,42.29,183.72,126.05
2019-08-21 00:00:00+00:00,67.54,291.53,136.23,65.91,161.25,1823.54,76.92,227.38,108.59,267.88,46.83,25.2,90.46,79.73,233.18,16.84,43.57,392.13,158.07,61.94,72.61,154.86,40.38,86.18,64.13,18.96,86.07,124.24,142.36,86.03,113.34,89.14,23.34,168.58,85.54,235.03,297.81,38.53,171.23,83.05,297.78,136.56,33.23,260.42,78.18,84.53,53.5,42.8,186.4,127.64
2019-08-22 00:00:00+00:00,67.52,287.69,137.5,63.22,160.93,1805.6,76.82,228.51,108.63,261.06,47.03,25.1,90.87,79.76,232.06,16.82,43.76,391.25,159.15,61.2,73.04,155.37,40.0,86.06,64.22,18.93,85.56,124.73,142.9,86.55,113.9,100.35,23.67,167.94,85.56,236.0,296.93,38.49,171.48,82.95,295.02,136.04,33.01,260.53,77.79,85.34,54.88,42.18,184.24,126.64
2019-08-23 00:00:00+00:00,65.97,282.44,135.05,59.95,158.96,1749.62,75.33,226.57,104.17,260.38,45.12,24.31,88.01,78.2,225.85,16.84,42.79,385.51,155.93,60.0,72.23,147.02,38.7,82.82,62.51,17.81,81.91,118.26,138.85,85.01,111.2,93.18,23.29,165.86,83.41,233.0,291.44,39.3,162.44,81.22,286.85,132.18,31.97,260.8,76.48,81.32,53.09,41.0,180.18,123.07
2019-08-26 00:00:00+00:00,66.46,288.74,135.0,60.81,160.22,1768.87,75.85,230.07,106.03,260.51,45.61,25.05,88.39,78.76,223.76,16.55,43.83,396.78,156.96,59.87,72.77,150.81,39.4,83.53,63.0,17.84,82.81,117.92,140.37,85.61,112.93,95.17,23.92,165.22,84.3,231.64,294.98,39.45,165.45,77.73,284.73,135.12,31.72,264.99,78.06,83.08,53.45,41.44,180.64,126.2
2019-08-27 00:00:00+00:00,65.67,289.45,134.89,59.3,160.77,1761.83,75.75,229.79,107.05,251.3,45.51,25.18,88.04,79.02,220.79,16.6,41.93,398.49,158.65,59.7,73.44,150.1,39.0,83.24,63.31,17.73,80.26,116.52,142.6,85.02,103.69,94.51,23.12,163.93,85.03,231.23,291.03,40.75,161.8,71.7,281.41,135.98,31.53,264.84,77.12,82.67,53.41,42.14,178.25,125.24
2019-08-28 00:00:00+00:00,66.07,282.13,136.76,59.32,159.98,1764.25,75.75,230.14,108.03,253.81,45.9,25.43,87.9,79.27,221.07,16.79,41.74,400.5,159.98,60.24,74.0,152.72,40.09,84.05,63.64,17.79,81.35,117.9,142.59,85.5,104.37,96.09,23.51,164.22,85.72,231.73,291.77,40.87,161.22,74.32,287.64,137.03,31.99,263.15,77.06,85.17,54.61,41.68,178.34,125.77
2019-08-29 00:00:00+00:00,66.22,286.63,138.07,60.49,159.66,1786.4,77.15,230.41,109.02,259.79,47.31,25.81,88.78,80.43,220.16,17.23,42.27,407.24,159.25,61.38,74.2,156.48,40.53,85.52,63.75,18.09,82.44,122.62,145.0,87.79,102.83,96.82,23.67,167.85,87.2,235.61,296.78,40.11,167.0,72.72,290.57,138.38,32.64,262.52,78.01,85.54,55.4,42.49,178.98,126.68
2019-08-30 00:00:00+00:00,65.74,284.51,137.95,61.73,159.72,1776.29,77.15,230.19,109.83,261.52,48.02,25.84,90.71,80.41,219.75,17.12,43.13,409.59,158.16,61.39,74.15,154.91,40.29,86.33,63.54,18.29,81.82,123.73,144.96,88.86,105.16,96.86,23.68,167.56,87.36,234.63,293.75,39.89,167.51,72.09,290.05,139.3,32.81,262.43,78.05,84.87,54.97,42.65,180.02,126.42
2019-09-03 00:00:00+00:00,65.4,282.45,140.36,60.23,159.8,1789.84,78.49,237.84,106.38,258.1,47.61,25.98,89.66,79.93,217.44,17.02,43.3,411.81,162.35,61.48,74.31,150.82,39.74,85.1,62.97,18.15,80.06,117.26,144.57,89.29,106.98,94.79,24.01,167.59,86.35,233.49,289.29,40.39,164.17,72.66,285.12,137.77,33.14,265.87,77.13,82.49,54.27,41.96,178.7,127.04
2019-09-04 00:00:00+00:00,66.38,284.6,141.89,61.31,161.69,1800.62,78.49,241.07,109.19,254.23,49.51,25.98,90.02,80.78,219.29,17.13,44.35,419.47,164.36,62.41,74.87,151.72,39.64,86.71,63.27,18.36,77.62,124.69,145.83,90.87,106.28,95.84,24.66,168.19,87.62,230.2,291.52,41.02,168.76,73.02,286.5,137.83,33.58,269.28,77.61,84.53,54.4,43.36,176.83,127.59
2019-09-05 00:00:00+00:00,67.03,287.75,146.55,62.97,162.41,1840.72,77.14,235.75,113.02,251.22,50.35,26.01,89.73,78.71,223.96,17.4,44.38,422.05,162.2,64.26,74.29,156.3,40.8,87.48,64.06,18.91,79.27,134.37,148.51,91.36,104.68,99.3,24.83,170.49,88.82,235.43,293.25,39.34,179.74,71.95,289.37,140.33,34.2,263.2,77.83,88.19,55.77,45.3,179.86,128.07
2019-09-06 00:00:00+00:00,67.62,284.94,147.21,63.23,163.26,1833.51,76.19,232.59,112.67,249.38,50.1,25.99,90.5,78.3,224.57,17.55,45.43,425.72,162.04,64.45,74.7,156.52,40.37,87.4,64.82,19.1,79.24,133.51,147.74,92.32,105.21,98.05,24.7,172.93,87.62,241.27,290.17,38.66,178.65,72.97,292.0,140.3,33.92,262.38,79.15,88.22,56.14,45.42,181.33,128.43
2019-09-09 00:00:00+00:00,66.7,279.3,147.43,65.36,162.37,1831.35,75.18,224.0,112.87,250.45,50.66,26.3,89.87,75.07,230.0,18.4,46.82,419.78,158.33,64.18,73.19,158.36,41.4,87.02,66.33,19.01,78.97,138.43,147.51,92.12,105.12,98.63,25.19,172.48,84.92,237.51,294.34,38.06,180.5,73.3,279.0,135.11,34.32,252.0,79.13,91.28,56.79,44.26,174.81,126.66
2019-09-10 00:00:00+00:00,68.18,276.14,154.7,68.28,164.0,1820.55,74.21,216.21,113.98,252.59,50.19,26.71,88.08,71.89,233.0,18.59,47.95,421.34,158.28,64.74,72.12,164.04,40.27,86.6,67.08,18.99,77.91,142.77,142.66,89.97,106.69,98.44,25.82,174.12,83.99,228.43,287.99,38.16,183.18,74.5,283.72,134.36,34.56,241.09,78.38,94.01,56.92,43.25,171.01,123.03
2019-09-11 00:00:00+00:00,69.49,277.78,158.86,69.25,165.84,1822.99,74.77,212.7,115.04,249.81,51.56,26.89,87.95,71.88,235.96,19.01,48.88,425.0,158.93,65.36,72.85,165.15,39.9,88.87,68.08,19.06,78.48,148.87,145.02,89.8,108.2,98.53,25.57,174.16,85.24,226.71,288.27,38.72,184.33,75.07,283.33,133.69,34.81,242.24,79.74,95.05,56.7,43.25,173.11,120.7
2019-09-12 00:00:00+00:00,70.83,278.02,155.2,69.28,166.35,1843.55,76.5,218.85,116.21,248.16,51.25,27.02,87.81,73.36,232.31,18.65,48.48,425.0,160.2,64.84,72.29,163.26,40.29,89.96,66.36,18.75,76.07,146.82,146.38,90.38,105.85,99.04,25.59,172.8,86.35,232.39,288.86,38.66,184.27,74.9,284.18,133.96,34.72,245.9,79.69,96.61,56.75,43.2,172.45,121.69
2019-09-13 00:00:00+00:00,70.51,278.35,157.0,69.28,166.14,1839.34,76.6,215.37,116.52,253.08,51.35,27.09,86.98,72.73,236.63,18.81,48.22,425.52,158.94,64.33,70.71,165.42,40.37,91.05,66.52,19.08,76.43,146.34,145.21,91.21,106.51,99.58,26.23,172.32,85.82,229.64,294.15,38.62,181.94,73.05,281.62,132.19,34.54,243.515,79.4,98.28,56.58,42.63,174.94,121.02
2019-09-16 00:00:00+00:00,70.58,282.93,156.07,68.84,165.56,1807.84,77.17,216.77,115.26,258.58,50.92,27.2,87.56,72.2,236.12,18.15,48.91,423.25,153.77,63.99,69.43,164.59,40.3,91.09,65.88,18.87,78.34,145.46,146.11,92.67,107.18,98.98,25.98,172.75,86.3,230.0,294.29,38.48,180.21,72.6,285.89,130.71,34.64,246.29,79.56,96.4,55.43,42.76,177.55,119.64
2019-09-17 00:00:00+00:00,71.6,284.69,156.07,67.76,166.1,1822.55,77.54,221.3,115.28,257.29,51.2,27.24,89.64,75.0,238.7,18.35,48.26,425.15,155.54,64.0,69.86,163.99,40.53,90.65,66.17,18.87,79.1,141.87,147.22,93.55,108.72,101.38,25.65,171.38,86.7,240.15,298.6,39.6,181.07,72.02,288.12,133.93,35.0,252.99,80.21,95.26,55.89,43.24,176.0,122.42
2019-09-18 00:00:00+00:00,71.27,279.72,153.79,67.4,166.0,1817.46,78.48,221.61,116.56,251.79,52.09,27.31,89.88,74.51,235.17,18.33,47.88,425.42,155.8,63.51,70.75,165.38,40.36,90.88,65.72,18.71,78.54,139.19,147.53,93.17,108.83,101.34,25.22,171.25,87.6,233.75,291.56,39.05,179.98,71.56,285.06,132.58,34.57,253.39,80.12,93.42,56.27,43.24,174.52,123.24
2019-09-19 00:00:00+00:00,71.67,281.26,152.8,68.29,165.73,1821.5,78.66,227.07,115.88,255.45,51.68,27.14,89.47,74.28,235.62,18.17,48.02,427.42,154.21,63.47,70.95,164.44,40.4,90.39,65.96,18.75,78.12,137.05,147.86,92.24,107.64,100.01,25.82,171.11,87.37,235.39,286.6,39.39,176.94,71.71,286.15,133.51,34.76,251.21,81.0,91.34,56.46,42.93,176.14,124.27
2019-09-20 00:00:00+00:00,72.39,277.91,155.69,68.86,166.47,1794.16,79.04,225.56,115.33,252.09,50.96,26.72,88.8,73.84,238.79,18.05,47.89,420.35,151.78,61.8,70.95,164.07,40.36,89.9,66.42,18.47,81.21,133.08,147.69,91.79,107.81,98.77,25.68,172.69,86.33,225.73,270.75,39.84,172.69,71.2,295.87,134.53,34.55,256.77,80.59,91.3,54.81,43.23,178.12,125.62
2019-09-23 00:00:00+00:00,72.93,277.44,161.22,68.22,166.86,1785.3,78.97,225.38,114.29,251.4,51.76,26.77,88.39,74.48,239.96,18.12,47.17,421.51,150.23,60.825,71.5,165.21,40.24,88.7,65.73,18.52,77.64,133.83,145.36,91.29,107.03,99.87,25.72,172.08,85.69,225.96,265.92,39.85,174.84,72.0,294.7,135.51,34.08,255.57,79.96,91.78,55.19,43.38,175.88,125.08
2019-09-24 00:00:00+00:00,72.95,272.47,159.22,67.89,166.69,1741.61,79.56,225.16,110.96,248.19,51.16,26.53,88.84,74.72,236.2,17.94,47.06,417.53,151.0,59.92,72.49,165.96,39.555,87.94,64.56,18.15,76.95,129.91,146.83,90.42,107.76,98.1,25.81,170.43,86.01,225.61,254.59,40.29,172.53,71.56,289.71,135.62,34.09,254.77,79.36,90.84,55.3,41.42,172.52,125.05
2019-09-25 00:00:00+00:00,72.09,277.43,162.28,68.3,165.95,1768.33,80.26,222.04,112.68,244.0,51.93,26.49,88.94,73.5,235.9,17.58,47.67,416.66,150.77,60.19,72.24,165.19,39.24,87.67,64.2,18.41,75.07,134.22,146.75,91.27,107.97,99.6,25.77,167.95,87.04,227.06,264.75,39.57,178.23,75.28,286.65,136.01,33.99,246.01,79.81,92.02,55.52,42.5,171.5,124.78
2019-09-26 00:00:00+00:00,74.03,283.81,160.38,67.19,166.89,1739.84,80.38,223.0,113.14,238.8,52.15,26.3,89.8,74.47,230.22,17.17,47.3,411.0,150.59,59.655,72.72,166.41,38.925,87.43,63.3,18.42,73.76,134.08,146.74,90.98,109.15,99.28,25.78,167.0,87.13,223.55,263.31,39.37,177.34,75.29,281.31,134.61,33.82,245.97,79.0,90.83,55.22,42.44,169.55,126.06
2019-09-27 00:00:00+00:00,74.85,277.54,161.68,68.14,168.25,1725.45,80.0,218.98,111.04,237.69,49.43,26.11,88.81,72.79,230.22,17.53,47.57,406.21,152.68,58.75,73.26,166.26,38.37,86.13,62.9,18.53,72.82,132.83,143.72,90.69,109.04,96.29,25.74,165.43,85.02,215.89,263.08,38.4,171.76,75.13,273.46,133.6,33.44,236.83,77.56,91.88,54.83,41.35,166.74,123.9
2019-09-30 00:00:00+00:00,75.72,276.25,165.4,69.52,168.29,1735.91,80.05,221.13,111.73,240.1,49.9,26.0,89.57,72.81,232.82,17.57,47.19,412.12,151.87,60.265,73.51,168.68,38.98,87.68,63.38,18.92,74.23,135.6,145.97,91.5,110.02,97.25,25.78,168.0,85.88,217.75,267.62,37.92,174.07,75.93,277.4,135.11,34.07,241.15,78.77,92.63,55.74,41.2,169.42,124.59
2019-10-01 00:00:00+00:00,73.23,272.71,167.29,68.31,166.46,1735.65,79.66,220.89,109.78,238.44,50.02,25.26,87.94,72.11,227.2,17.58,47.28,405.6,151.28,60.62,71.73,165.5,38.54,84.19,63.22,18.59,73.96,132.36,146.26,89.52,107.96,95.92,25.59,167.96,84.78,216.23,269.58,37.56,174.0,77.83,276.47,133.59,33.5,237.08,78.2,90.88,55.39,40.25,167.58,125.12
2019-10-02 00:00:00+00:00,72.13,266.66,162.96,66.57,165.4,1713.23,78.75,219.99,108.97,237.9,49.46,24.2,86.33,70.82,221.26,17.13,45.76,410.75,149.35,59.94,70.52,163.25,38.17,83.36,61.62,18.59,73.04,128.92,144.55,87.89,106.79,94.8,25.05,164.44,82.96,212.7,268.03,37.87,173.04,76.72,274.13,128.88,33.41,233.78,76.41,88.6,54.19,39.7,166.71,122.29
2019-10-03 00:00:00+00:00,73.85,272.4,159.86,67.23,167.22,1724.42,78.5,223.9,110.87,238.23,49.64,24.25,87.11,71.64,222.5,17.67,45.81,416.67,147.02,60.18,70.87,164.83,37.95,83.2,62.23,18.4,74.88,128.78,144.5,88.01,106.33,95.46,24.59,164.43,83.0,217.84,268.15,38.12,181.31,76.77,280.72,130.29,34.01,237.28,77.025,89.19,53.98,40.0,170.5,124.28
2019-10-04 00:00:00+00:00,74.66,276.96,159.94,66.32,168.44,1739.65,79.53,225.93,113.03,241.79,50.88,24.49,89.02,72.73,224.0,17.98,46.07,427.72,151.38,60.51,72.07,167.69,38.31,82.19,62.56,16.64,74.87,131.82,145.94,89.82,107.68,96.58,24.79,167.15,83.63,221.01,272.79,38.31,181.97,78.28,282.93,132.4,34.46,236.58,77.99,88.06,55.29,40.36,172.42,127.05
2019-10-07 00:00:00+00:00,74.33,276.9,158.27,65.68,167.98,1732.66,78.94,225.28,110.84,241.03,50.65,24.75,88.56,72.45,226.99,18.17,45.6,430.04,151.16,60.28,71.62,166.55,37.82,81.06,62.73,16.8,74.76,131.68,144.81,88.9,107.36,96.21,24.84,166.98,83.8,220.79,274.46,38.26,184.33,77.17,283.81,132.18,34.22,236.35,78.48,89.02,55.73,40.8,172.05,126.07
2019-10-08 00:00:00+00:00,73.53,270.83,154.33,63.7,167.1,1705.51,77.42,226.1,106.13,235.52,49.31,24.87,86.76,71.41,221.94,17.69,44.96,428.07,149.8,58.9,70.68,164.97,37.32,79.04,61.69,16.3,74.44,124.72,142.28,88.34,105.95,91.42,24.46,163.48,81.84,214.51,270.72,38.92,177.23,76.37,285.1,130.23,34.05,237.16,77.615,86.63,55.42,39.7,169.55,125.38
2019-10-09 00:00:00+00:00,73.3,274.27,154.41,63.6,166.74,1721.99,77.34,226.57,108.07,238.25,50.84,25.59,87.32,72.27,222.13,17.34,45.3,429.28,150.11,59.44,70.63,166.43,37.85,79.48,61.98,16.4,74.68,127.08,142.34,89.06,106.28,94.61,24.53,165.36,82.7,219.47,267.53,38.78,180.71,77.45,290.83,132.18,34.49,238.64,77.79,88.51,56.11,39.5,168.73,126.43
2019-10-10 00:00:00+00:00,74.45,274.98,155.95,65.46,167.83,1720.26,76.85,226.28,108.44,237.23,51.01,26.02,87.47,72.84,223.0,17.51,46.05,426.93,150.75,59.8,70.77,167.8,37.93,79.92,63.26,16.03,75.77,129.96,142.75,89.64,107.02,94.43,23.84,164.5,83.05,222.65,280.48,38.94,183.03,77.75,298.36,130.47,34.82,242.82,78.3,88.03,57.43,39.54,170.22,127.41
2019-10-11 00:00:00+00:00,73.63,278.29,158.56,68.91,169.09,1731.92,77.05,224.45,111.22,237.55,51.75,26.45,87.98,72.61,223.21,17.56,46.92,423.16,150.25,60.61,70.51,170.95,38.55,83.75,63.99,16.24,76.12,136.01,142.1,91.85,107.02,95.0,24.25,165.76,83.16,225.33,282.93,37.62,185.99,77.95,300.77,129.66,35.17,241.47,79.53,91.88,58.57,40.36,172.41,128.47
2019-10-14 00:00:00+00:00,73.76,277.78,157.32,67.56,168.94,1736.43,76.29,225.64,110.34,234.82,51.935,26.84,88.19,72.92,225.76,17.59,46.78,422.96,148.72,60.38,69.41,168.93,38.36,82.45,64.51,16.54,77.46,125.4,141.98,91.35,106.9,95.48,24.1,165.45,82.46,225.11,285.53,38.0,186.53,78.03,305.44,129.22,35.06,240.86,78.63,90.26,58.12,39.78,173.59,126.59
2019-10-15 00:00:00+00:00,74.5,279.39,159.73,67.87,170.16,1767.38,75.8,224.21,113.29,248.94,52.91,27.86,88.52,72.16,226.06,17.99,47.9,432.92,148.21,61.335,68.4,172.64,38.88,83.04,65.3,16.81,78.52,131.84,142.63,92.59,107.33,97.73,24.31,167.78,82.23,227.08,284.25,37.69,196.37,78.32,303.82,130.45,35.29,239.01,79.74,91.04,58.48,40.28,176.14,128.71
2019-10-16 00:00:00+00:00,74.75,272.7,162.75,67.58,170.92,1777.43,75.72,221.97,110.59,245.02,51.56,27.51,88.81,72.58,227.72,17.85,49.07,438.1,148.51,61.39,67.85,171.06,38.92,83.77,65.35,17.04,78.12,130.09,143.7,91.81,107.55,95.59,24.51,169.98,81.34,225.98,286.28,37.83,194.21,79.1,299.4,131.16,35.39,232.94,80.01,91.4,59.29,39.91,176.09,127.93
2019-10-17 00:00:00+00:00,75.14,269.24,163.75,68.22,172.5,1787.48,75.8,225.91,110.0,249.25,52.14,27.7,89.23,73.87,225.6,17.9,51.21,441.93,149.4,61.38,68.08,172.14,39.09,84.4,65.23,16.96,77.43,134.95,143.4,93.26,108.29,97.04,24.43,170.5,81.71,229.03,293.35,38.31,194.29,79.85,301.57,131.63,35.63,240.04,81.05,91.58,60.49,39.61,177.72,128.47
2019-10-18 00:00:00+00:00,76.46,265.52,163.5,67.13,173.6,1757.51,76.62,229.09,109.48,249.4,51.68,27.01,89.55,74.11,220.06,17.95,51.54,440.05,149.7,60.64,68.03,173.92,38.82,83.01,64.91,16.85,77.76,134.76,143.48,92.9,107.62,98.26,23.94,167.46,81.62,224.4,275.3,38.44,190.49,80.55,300.19,131.21,35.96,244.1,81.6,88.49,60.36,38.99,176.23,128.12
2019-10-21 00:00:00+00:00,77.3,266.84,166.03,67.24,174.7,1785.66,76.66,229.4,111.11,253.07,52.64,27.04,90.33,72.29,223.51,18.25,50.41,438.16,149.07,60.78,68.3,174.03,39.26,83.54,65.21,17.0,78.59,136.74,141.73,93.11,108.27,102.97,24.11,168.04,80.84,226.15,278.05,37.96,196.01,81.8,297.99,130.52,36.62,245.83,82.09,89.57,59.91,40.09,183.53,126.45
2019-10-22 00:00:00+00:00,77.87,261.09,165.98,66.79,174.92,1765.73,77.05,226.74,110.88,260.25,51.98,27.08,89.68,70.85,281.87,18.52,50.74,437.23,148.44,59.9,67.06,175.15,38.94,82.16,65.86,17.12,78.51,139.65,139.16,93.52,106.76,102.5,24.85,167.62,79.29,216.38,266.69,37.8,195.61,81.17,301.31,126.52,35.98,244.98,81.67,90.96,60.36,38.81,191.06,122.81
2019-10-23 00:00:00+00:00,77.75,261.32,165.12,67.46,175.0,1762.17,77.06,226.02,105.57,263.51,50.53,27.24,90.15,71.08,278.82,18.52,50.02,435.56,149.81,60.35,67.54,175.0,39.2,82.53,66.58,17.12,78.1,136.93,138.49,92.9,107.81,103.43,24.98,169.05,79.24,218.33,271.27,38.38,195.09,81.78,305.02,126.74,38.53,247.98,81.36,92.43,59.68,38.83,190.51,121.8
2019-10-24 00:00:00+00:00,76.8,269.7,166.81,69.45,173.93,1780.78,77.49,223.47,105.32,259.49,55.07,27.43,91.21,71.8,285.68,18.46,49.69,435.07,150.76,60.51,68.34,172.11,35.62,83.39,66.0,17.12,77.5,139.1,139.02,93.37,108.37,100.73,24.93,164.26,80.04,222.58,271.5,39.1,196.86,81.45,305.77,127.73,38.6,246.56,81.48,97.67,59.11,30.75,194.47,122.95
2019-10-25 00:00:00+00:00,76.53,270.98,165.56,63.59,173.84,1761.33,76.59,216.67,106.83,263.07,55.72,27.64,89.45,71.91,288.04,18.81,50.05,462.19,151.4,60.46,68.41,173.11,35.84,83.98,63.32,17.33,77.55,143.07,139.53,93.93,108.28,101.28,25.28,165.69,79.98,222.2,276.82,39.18,204.54,81.98,306.21,144.26,38.38,244.15,81.62,98.55,59.1,30.3,194.49,124.36
2019-10-28 00:00:00+00:00,78.33,271.35,166.41,63.74,174.22,1777.08,75.84,210.75,108.83,267.67,56.95,27.66,89.7,71.34,295.54,18.11,50.28,467.09,150.77,60.67,67.35,173.35,35.94,84.03,63.73,17.63,79.86,143.83,140.75,94.41,106.98,102.43,25.33,163.82,80.81,225.03,281.86,38.85,206.79,82.09,308.56,145.45,38.0,242.51,82.39,129.72,58.34,30.06,194.02,125.13
2019-10-29 00:00:00+00:00,78.47,271.45,164.35,63.03,174.64,1762.71,76.48,216.16,108.06,272.64,55.52,27.69,89.94,72.74,297.5,18.96,51.23,464.07,149.46,60.45,67.92,174.11,36.11,84.91,63.45,17.6,83.35,124.45,141.33,94.29,108.09,104.39,24.63,165.09,86.39,228.07,281.21,38.84,202.92,81.85,310.46,146.68,38.17,238.68,81.77,126.8,57.51,29.85,197.89,126.16
2019-10-30 00:00:00+00:00,79.66,278.41,163.97,62.67,175.79,1779.99,77.58,217.24,108.25,273.46,55.21,27.53,91.27,73.96,299.89,18.49,50.16,468.78,150.8,59.89,68.58,173.82,35.86,90.97,63.15,17.62,83.66,133.56,141.48,94.84,106.34,103.28,24.74,166.28,86.69,229.14,291.45,39.04,203.0,81.21,311.0,147.23,38.12,241.89,83.27,123.89,58.56,29.86,199.28,127.6
2019-10-31 00:00:00+00:00,79.55,277.93,162.48,60.74,176.11,1776.66,77.7,218.08,106.63,269.08,54.26,27.47,91.22,69.97,298.71,18.64,49.45,467.86,147.69,60.94,68.6,174.14,35.25,91.5,63.71,17.37,83.92,134.28,141.56,93.58,105.68,100.91,24.64,164.77,86.23,234.56,287.41,39.73,201.02,81.44,306.28,147.92,38.11,240.65,82.66,124.51,57.65,29.97,195.48,127.92
2019-11-01 00:00:00+00:00,81.75,277.82,164.82,64.49,178.29,1791.44,77.36,215.52,109.37,270.75,55.46,28.54,91.52,68.36,299.2,18.43,50.44,476.48,147.04,61.23,66.81,176.11,35.25,95.01,64.66,17.78,83.58,139.69,141.74,96.07,105.58,101.9,24.99,166.53,85.33,245.91,286.81,39.61,202.59,82.97,310.48,147.43,38.67,240.18,82.47,127.0,58.01,29.62,200.94,125.34
2019-11-04 00:00:00+00:00,82.99,277.5,166.61,67.7,178.8,1804.66,76.09,211.07,111.39,271.72,55.74,28.78,90.62,66.55,293.43,18.75,51.74,473.5,146.5,62.07,65.41,179.1,35.41,95.99,65.21,18.0,84.43,145.51,142.72,96.99,106.92,104.3,24.99,166.04,85.78,245.79,292.86,38.89,210.5,83.44,311.04,147.49,38.63,234.6,80.92,127.64,58.65,30.05,199.42,124.76
2019-11-05 00:00:00+00:00,81.84,289.29,168.14,67.37,178.41,1801.71,74.96,206.01,113.45,273.0,55.88,29.51,89.98,64.71,292.18,18.11,51.5,473.25,147.83,61.92,65.96,178.92,35.48,96.88,65.39,18.4,84.13,153.1,145.64,97.33,107.44,104.12,27.83,165.14,83.18,238.47,288.03,37.55,209.61,84.2,332.6,144.38,38.68,228.76,81.47,124.3,59.22,29.81,197.14,120.25
2019-11-06 00:00:00+00:00,82.08,287.4,169.7,66.72,178.55,1795.77,75.56,207.98,112.03,277.32,55.82,29.44,91.64,66.66,289.0,18.38,51.43,469.03,148.65,62.26,66.52,175.97,35.5,97.52,65.41,19.57,83.68,148.54,147.49,96.94,108.33,103.38,27.0,165.27,85.13,241.28,288.59,37.65,207.63,83.7,324.49,143.25,38.42,231.5,81.86,124.69,58.83,29.54,195.97,121.47
2019-11-07 00:00:00+00:00,82.01,290.77,169.28,71.39,178.68,1788.2,74.63,205.69,112.29,279.77,55.94,28.91,91.05,65.07,286.87,18.36,53.2,468.44,147.02,63.03,66.87,177.89,34.89,96.83,63.96,19.39,82.76,148.01,148.65,95.71,107.13,103.72,26.86,165.8,86.0,246.68,289.57,36.93,208.34,82.25,326.39,142.18,38.88,226.73,81.86,125.0,59.3,29.05,195.83,121.03
2019-11-08 00:00:00+00:00,85.21,292.46,167.4,67.98,181.28,1785.88,73.81,205.87,113.02,282.09,56.03,28.97,91.15,64.65,293.25,18.37,53.75,469.75,148.0,62.86,66.63,178.36,35.14,97.7,65.38,19.52,85.1,147.25,149.51,94.6,106.27,105.25,27.02,168.41,87.2,245.0,291.57,36.61,207.78,83.57,341.79,143.85,38.68,228.46,80.94,125.67,59.23,29.21,201.31,117.86
2019-11-11 00:00:00+00:00,85.66,290.27,168.82,67.73,181.58,1771.65,74.09,207.35,112.55,279.15,56.59,29.51,91.49,64.54,294.14,17.74,53.68,473.5,146.88,62.64,66.54,179.8,35.25,99.01,64.64,19.64,84.86,142.79,148.66,95.12,104.43,105.62,26.61,165.83,87.67,245.0,294.18,36.71,208.18,83.74,344.28,143.88,38.34,228.62,79.62,125.57,58.55,29.34,201.9,117.03
2019-11-12 00:00:00+00:00,86.44,291.72,156.14,65.31,181.96,1778.0,74.2,206.75,113.26,283.67,56.42,29.5,91.49,64.37,291.4,17.8,54.03,474.07,145.36,62.84,66.64,176.39,35.07,98.35,64.32,19.53,86.14,140.9,147.31,95.21,105.13,107.06,27.0,166.12,89.01,246.18,292.01,36.9,209.61,84.46,348.41,144.15,37.5,226.39,77.43,124.15,58.4,29.05,203.86,117.2
2019-11-13 00:00:00+00:00,86.66,293.54,158.58,65.18,181.6,1753.11,75.58,210.32,114.17,283.74,57.12,29.5,92.12,65.13,281.89,17.9,54.79,480.16,147.29,62.51,66.88,175.67,34.64,96.34,63.33,19.53,87.43,139.82,148.3,93.22,105.78,106.65,27.06,167.18,89.49,249.21,283.11,37.37,208.57,84.73,348.3,145.28,37.44,231.32,77.97,122.56,58.44,29.08,207.1,116.45
2019-11-14 00:00:00+00:00,87.63,294.53,156.83,65.54,182.47,1754.6,76.53,211.8,113.32,282.01,56.96,30.22,92.3,65.74,275.15,17.85,54.75,479.97,146.28,63.11,66.64,174.38,34.96,97.04,63.81,20.13,85.79,139.16,148.09,94.5,104.49,106.83,26.91,169.4,90.44,250.0,289.62,37.54,209.79,83.64,338.39,145.42,37.48,234.98,76.84,123.01,59.18,28.89,205.0,116.25
2019-11-15 00:00:00+00:00,88.63,297.5,162.66,66.14,183.61,1739.49,76.62,213.37,113.4,297.82,62.06,30.86,91.94,65.6,282.27,18.17,56.24,475.6,145.3,63.38,66.37,174.48,35.27,97.0,65.07,20.18,86.7,140.85,149.71,94.33,105.0,109.08,26.75,171.55,91.03,250.0,295.03,37.61,204.19,84.79,344.87,147.1,36.68,237.26,78.07,125.08,59.82,29.25,209.8,117.92
2019-11-18 00:00:00+00:00,88.73,297.16,163.67,67.1,184.5,1752.53,75.73,214.33,111.97,294.0,62.35,31.06,91.78,67.59,282.62,17.17,56.01,474.07,145.74,63.63,67.13,174.91,35.1,96.96,64.29,20.01,87.49,136.52,150.66,93.7,105.33,107.37,27.01,168.43,91.39,252.59,302.57,38.06,212.28,84.79,340.19,147.78,36.7,236.16,78.19,124.58,59.55,29.49,210.0,118.8
2019-11-19 00:00:00+00:00,89.02,300.6,161.98,66.46,185.22,1752.79,75.45,215.57,111.71,292.72,60.94,31.01,92.43,67.25,285.43,16.9,55.68,478.97,146.51,63.92,67.16,173.65,35.06,97.45,65.0,20.11,87.94,137.55,151.11,94.51,104.15,108.13,26.87,171.24,91.71,257.5,302.6,38.35,207.99,83.46,344.46,149.39,36.62,239.99,77.16,123.5,60.64,29.44,215.0,120.33
2019-11-20 00:00:00+00:00,87.2,300.1,161.74,65.05,184.96,1745.53,75.47,217.9,108.58,292.7,59.65,30.83,93.1,67.44,285.4,16.39,55.41,479.08,146.38,63.51,67.21,172.07,34.86,97.08,64.88,19.7,88.9,137.14,150.35,94.26,105.45,107.51,26.59,170.87,91.66,256.37,305.16,38.47,211.18,83.48,344.24,149.64,36.58,240.75,77.64,123.33,59.32,29.17,215.07,119.56
2019-11-21 00:00:00+00:00,86.52,298.8,158.33,65.13,184.54,1734.71,75.19,213.54,108.78,293.73,56.44,30.61,92.1,66.16,288.46,16.05,55.17,474.65,145.02,63.4,66.75,176.03,34.94,97.91,65.73,19.65,88.4,138.53,148.86,93.29,104.15,105.75,26.7,169.7,90.05,255.62,311.69,38.21,210.18,83.46,350.78,146.34,35.77,237.71,77.7,126.5,59.12,29.79,215.5,120.22
2019-11-22 00:00:00+00:00,86.05,299.3,157.87,64.9,183.79,1745.72,74.95,210.11,110.65,291.83,55.94,30.55,91.74,65.73,299.08,16.39,55.69,468.5,146.26,63.19,66.71,175.38,35.12,97.23,65.26,19.94,88.73,139.42,149.45,93.38,108.4,103.66,27.05,169.76,88.5,257.97,310.48,38.09,210.89,82.38,360.66,145.25,35.48,232.35,78.59,125.51,59.18,30.03,218.0,119.81
2019-11-25 00:00:00+00:00,87.76,305.28,159.15,65.14,185.0,1773.84,74.17,209.71,112.93,293.89,58.28,30.96,91.87,64.97,302.61,16.69,56.35,466.06,145.25,63.36,66.98,176.61,35.85,98.52,67.22,20.15,94.0,142.78,150.57,90.75,105.83,106.3,27.0,172.78,90.03,264.01,315.55,37.76,221.21,82.37,366.82,146.31,35.31,231.54,78.0,133.25,59.35,30.54,223.27,120.61
2019-11-26 00:00:00+00:00,87.72,307.9,157.09,65.59,184.92,1796.94,74.13,214.79,114.89,287.24,57.57,31.29,92.53,66.7,302.99,16.01,54.21,467.31,148.19,63.73,67.79,176.65,35.75,98.52,67.28,20.06,93.76,140.85,151.79,91.47,107.19,105.73,27.04,173.47,90.71,259.77,312.49,38.14,217.0,82.27,363.83,149.58,35.78,237.09,78.45,133.22,60.35,30.96,219.05,121.89
2019-11-27 00:00:00+00:00,88.33,309.06,158.78,65.5,185.38,1818.51,74.18,214.91,113.7,289.45,58.29,31.26,93.3,66.55,303.35,16.25,55.22,473.78,148.95,64.15,67.68,169.06,35.85,98.78,67.12,19.79,94.12,144.82,152.61,92.53,106.08,108.04,27.23,173.61,90.98,258.18,315.93,38.18,218.24,82.48,371.58,150.83,35.88,237.54,78.98,133.52,60.97,31.17,220.06,121.63
2019-11-29 00:00:00+00:00,87.73,309.53,157.08,65.38,184.94,1800.8,74.33,214.03,112.95,288.66,57.9,30.96,93.27,66.06,299.81,15.94,55.03,470.01,148.23,64.11,67.82,168.05,35.52,97.96,67.24,20.08,94.16,142.09,151.94,92.09,105.09,107.03,27.34,172.29,90.84,259.19,314.66,38.4,216.74,82.93,369.0,149.6,35.85,236.47,78.55,133.8,61.13,30.91,221.75,120.52
2019-12-02 00:00:00+00:00,87.03,302.75,156.55,65.04,184.34,1781.6,73.68,209.57,111.26,287.43,56.7,30.56,92.23,65.79,292.39,16.0,54.64,470.33,148.93,63.54,67.57,165.29,34.9,97.86,66.12,19.83,94.47,139.26,150.44,89.36,105.7,103.29,27.74,172.6,89.85,256.57,309.99,38.74,209.25,82.6,366.08,149.01,35.44,232.14,77.64,133.55,60.4,30.42,220.79,119.91
2019-12-03 00:00:00+00:00,85.95,303.91,152.61,63.65,185.09,1769.96,73.81,211.21,110.25,286.19,55.34,30.7,91.35,66.44,290.7,15.71,54.53,469.86,147.95,62.75,67.3,163.5,34.75,97.25,66.07,19.63,94.1,139.57,150.15,88.63,106.2,101.74,27.39,170.29,89.66,254.35,306.16,39.38,207.66,82.97,368.81,149.47,35.35,234.97,78.01,133.36,59.5,29.97,221.13,120.53
2019-12-04 00:00:00+00:00,87.2,302.51,152.33,62.92,186.66,1760.69,74.36,213.36,114.39,287.38,56.09,30.32,92.58,65.75,289.52,16.1,54.78,462.05,150.3,62.4,68.08,165.27,34.97,96.91,66.75,20.04,95.0,143.25,151.1,86.29,106.27,103.16,27.64,171.82,89.74,259.03,304.32,39.13,209.42,82.1,369.97,150.15,35.12,235.36,78.34,133.72,59.88,30.0,223.91,119.74
2019-12-05 00:00:00+00:00,86.72,303.03,152.29,63.68,186.08,1740.48,75.09,213.53,113.43,286.3,55.84,30.48,92.9,66.14,299.39,15.96,54.25,467.27,150.79,62.21,67.82,164.58,34.79,97.99,65.93,20.32,93.99,140.17,150.72,85.64,106.75,100.77,26.8,170.97,89.95,260.42,302.86,40.0,208.74,82.38,368.34,150.18,34.43,235.94,76.94,133.55,59.57,30.04,223.07,120.11
2019-12-06 00:00:00+00:00,86.98,306.23,154.62,64.3,186.37,1751.6,75.19,212.2,115.89,285.27,56.6,31.02,93.75,63.55,300.26,16.08,54.87,467.85,151.86,62.66,68.24,165.21,34.86,98.42,67.08,20.5,94.48,141.98,150.65,85.02,107.3,103.2,27.49,171.68,90.68,266.32,307.35,39.8,212.17,83.25,372.26,150.59,34.25,236.49,77.74,133.55,59.84,30.19,223.25,121.72
2019-12-09 00:00:00+00:00,86.44,307.05,151.57,64.72,185.27,1749.51,74.95,212.65,114.62,282.33,56.6,30.79,94.15,64.13,295.55,16.11,54.34,468.66,152.75,61.88,68.6,167.9,34.57,99.19,66.93,20.47,94.79,137.38,148.87,85.84,106.53,101.72,27.84,169.08,90.1,263.53,302.5,39.72,212.17,83.59,365.63,149.32,34.61,237.75,75.87,133.48,60.36,30.21,219.37,121.23
2019-12-10 00:00:00+00:00,86.56,304.17,156.17,65.3,185.61,1739.21,74.59,210.0,114.41,283.85,56.62,31.01,93.88,63.91,297.2,16.19,53.82,461.71,152.43,61.1,67.93,169.9,34.72,97.83,67.08,20.2,95.72,136.81,148.71,87.13,106.06,101.6,27.87,167.54,89.64,261.5,293.12,39.99,213.98,83.9,367.67,148.98,33.68,235.6,75.02,133.46,60.24,29.84,220.27,122.78
2019-12-11 00:00:00+00:00,86.7,303.74,155.9,65.67,186.64,1748.72,74.95,211.56,115.85,280.6,59.04,31.23,94.44,63.87,292.23,16.0,54.28,465.87,152.13,60.68,67.46,169.7,34.92,98.25,67.78,20.07,94.93,138.64,145.54,88.09,104.43,103.24,28.02,167.42,92.08,260.79,298.93,40.9,217.34,84.84,373.53,150.48,33.47,235.77,74.62,133.43,60.39,30.55,220.0,123.56
2019-12-12 00:00:00+00:00,88.73,305.96,156.12,68.02,188.27,1760.33,74.71,209.69,117.81,284.42,60.36,31.62,94.62,63.41,293.85,16.16,54.66,469.6,152.26,61.77,67.23,173.82,35.31,99.5,67.63,20.43,92.85,143.2,146.79,90.02,102.47,107.3,28.2,169.16,91.19,259.86,298.44,41.12,224.07,84.05,372.16,152.25,33.24,228.05,74.89,133.57,60.86,30.3,220.55,124.33
2019-12-13 00:00:00+00:00,87.84,317.94,155.21,66.63,188.34,1760.94,75.02,212.52,118.77,284.12,59.87,31.65,94.45,63.34,296.83,16.1,53.66,475.27,151.7,61.64,68.69,172.5,35.48,99.18,65.77,20.35,91.51,144.62,145.86,90.03,101.51,107.81,28.09,166.59,91.84,260.09,298.5,41.29,223.99,84.67,376.42,153.63,32.95,235.48,75.47,133.7,60.37,30.39,218.98,124.45
2019-12-16 00:00:00+00:00,89.43,323.8,153.5,66.2,190.12,1769.21,75.76,215.6,118.86,291.78,59.96,31.8,95.02,63.97,301.4,16.89,53.7,470.23,151.59,61.66,68.87,172.85,35.4,99.52,66.12,20.52,92.66,145.78,146.38,89.27,102.64,105.17,28.31,167.31,91.64,261.19,304.21,40.99,225.15,86.25,376.01,156.0,32.97,234.68,75.47,133.6,60.6,30.97,219.5,126.46
2019-12-17 00:00:00+00:00,90.08,322.85,157.98,68.77,190.63,1790.66,75.61,211.93,118.82,290.74,60.79,31.48,95.67,64.19,297.11,16.69,51.57,471.13,150.08,61.76,67.84,173.84,35.9,100.92,66.2,20.37,91.31,148.72,146.98,89.44,102.14,103.94,28.7,167.5,91.53,258.49,315.48,40.47,228.29,85.95,369.1,156.48,32.99,227.6,75.49,133.7,60.75,30.7,217.62,127.1
2019-12-18 00:00:00+00:00,89.33,324.38,158.03,68.9,190.34,1784.03,76.03,217.95,117.0,293.18,60.38,30.77,94.43,64.4,296.61,16.85,51.1,466.52,149.82,62.32,68.27,172.61,35.635,100.27,65.68,20.33,91.18,147.39,145.78,88.37,103.16,103.93,28.33,167.89,95.68,257.5,320.8,40.98,229.51,85.7,371.36,156.02,32.95,233.895,76.31,133.65,60.5,31.68,219.35,126.99
2019-12-19 00:00:00+00:00,88.77,327.63,156.48,69.45,189.61,1792.28,75.45,224.2,118.7,298.22,60.67,31.0,95.31,63.72,297.58,17.01,50.61,475.67,151.48,62.71,68.34,172.76,36.04,98.37,65.29,20.3,91.14,146.29,146.09,88.54,104.51,103.86,28.76,169.1,96.28,259.78,332.22,40.88,235.46,85.99,372.55,156.04,32.75,238.15,77.22,133.45,60.25,32.03,217.78,128.74
2019-12-20 00:00:00+00:00,89.29,327.61,158.12,70.36,190.3,1786.5,76.57,227.74,119.82,303.0,61.81,31.39,95.42,65.18,301.05,17.41,51.8,476.22,152.66,63.22,68.85,174.65,36.19,99.04,66.85,20.56,90.1,142.97,146.82,90.04,103.71,103.12,29.0,167.8,98.01,259.25,336.9,40.93,239.37,85.27,375.62,155.93,33.27,241.22,77.4,133.54,59.98,32.13,220.69,132.68
2019-12-23 00:00:00+00:00,90.25,328.95,159.97,72.43,191.53,1793.0,75.64,226.97,119.17,303.18,61.08,31.53,94.26,65.25,301.56,17.59,51.13,480.72,152.34,62.63,68.72,175.05,36.21,100.26,66.75,20.56,90.16,144.64,146.32,90.4,103.37,103.96,28.89,169.1,97.82,258.72,333.1,41.77,238.82,86.02,374.2,155.69,33.38,240.61,76.96,133.52,60.04,32.43,219.98,132.37
2019-12-24 00:00:00+00:00,89.85,329.64,160.57,72.32,191.42,1789.21,75.75,227.08,119.72,304.5,61.5,31.31,94.56,65.23,304.07,17.44,51.29,480.86,152.48,62.4,68.55,174.5,36.21,100.92,66.72,20.59,91.43,144.65,146.42,89.57,103.75,103.22,29.1,168.99,98.03,260.36,333.2,42.18,238.62,86.11,376.51,156.7,32.98,240.15,77.32,133.59,60.38,32.5,220.56,132.92
2019-12-26 00:00:00+00:00,89.83,331.2,159.27,72.49,191.58,1868.77,75.64,227.87,119.73,304.76,61.31,31.2,94.55,64.91,301.79,17.38,51.17,485.73,152.94,62.12,68.58,174.8,36.25,101.49,66.39,20.69,88.785,146.15,146.11,90.09,102.65,103.65,28.89,168.14,98.53,260.48,332.63,42.69,239.19,86.03,374.86,155.79,32.84,241.26,77.4,133.62,60.82,32.63,220.25,133.03
2019-12-27 00:00:00+00:00,89.2,330.79,158.35,72.01,191.4,1869.8,76.3,229.08,119.45,306.42,61.17,31.14,94.75,64.69,300.09,17.22,51.5,483.69,153.53,62.16,69.18,175.81,36.07,101.13,65.95,20.53,88.39,143.92,146.61,89.54,103.1,103.23,28.76,169.34,98.23,259.99,329.09,42.71,236.87,86.31,373.32,156.2,32.66,241.41,77.24,133.78,60.85,32.55,220.97,133.25
2019-12-30 00:00:00+00:00,88.52,328.34,159.12,71.93,190.57,1846.89,76.56,228.85,118.86,305.31,60.93,30.87,94.9,64.44,296.01,17.13,50.77,483.08,152.88,61.65,68.79,174.16,35.795,99.22,64.93,20.49,88.05,143.42,145.39,89.62,103.15,102.18,29.06,168.35,98.07,256.92,323.31,43.75,232.32,85.7,373.7,154.59,32.88,238.49,78.08,133.48,61.17,32.03,218.97,132.21
2019-12-31 00:00:00+00:00,88.54,329.81,160.16,73.04,191.17,1847.84,76.8,229.82,118.84,302.03,61.04,30.77,95.23,64.67,296.73,17.41,50.58,485.08,153.54,62.02,68.84,173.26,36.11,99.82,64.98,20.55,87.32,144.92,145.67,89.83,104.13,102.63,28.99,169.17,97.89,258.18,323.57,43.45,235.3,85.09,375.48,154.97,33.16,240.99,78.42,133.65,61.06,32.05,218.95,132.35
2020-01-02 00:00:00+00:00,89.55,334.43,159.41,72.61,192.24,1898.01,76.05,228.5,120.43,300.87,62.2,31.54,95.51,63.88,294.24,17.23,50.09,490.43,152.61,61.92,68.12,176.86,36.3,99.88,65.23,20.79,85.97,146.48,145.89,90.27,102.14,104.19,28.66,167.48,98.62,266.05,329.81,43.22,239.91,85.19,373.35,156.11,33.34,238.87,78.59,133.85,61.7,32.3,219.45,134.14
2020-01-03 00:00:00+00:00,88.7,331.81,159.42,71.57,191.08,1874.97,76.08,228.61,118.31,296.88,61.21,31.49,95.31,64.77,290.85,17.28,49.36,494.47,152.91,61.36,68.02,175.55,35.96,99.23,65.07,20.53,77.9,141.82,145.72,90.89,102.29,101.88,28.7,167.23,99.48,260.75,325.9,42.83,236.07,85.03,369.16,155.29,33.23,241.03,78.17,133.77,61.24,31.52,217.98,134.16
2020-01-06 00:00:00+00:00,89.4,333.71,156.8,71.49,191.5,1902.88,76.15,228.55,116.92,300.45,59.89,31.21,95.75,64.17,290.82,17.42,49.77,497.45,153.37,60.745,68.49,176.81,35.78,98.36,65.65,20.61,77.34,143.27,146.73,90.72,103.71,100.14,28.8,169.42,100.36,262.05,335.83,43.26,237.06,86.02,371.74,156.03,33.23,241.25,78.62,133.65,61.63,31.64,224.03,133.13
2020-01-07 00:00:00+00:00,88.89,333.39,154.94,72.43,190.47,1906.86,76.43,223.68,119.58,299.54,61.62,31.41,94.72,63.92,290.09,17.52,49.79,499.16,151.52,60.32,67.55,173.74,35.62,100.15,65.12,20.66,77.14,144.1,146.48,91.04,102.25,100.78,28.59,169.16,99.99,262.41,330.75,43.23,239.93,86.4,373.13,155.15,33.25,237.45,78.92,133.63,61.59,32.54,223.79,133.58
2020-01-08 00:00:00+00:00,89.52,337.87,153.16,71.18,191.15,1891.97,76.3,225.62,120.66,307.48,61.58,30.72,94.85,64.47,292.66,16.85,50.06,500.77,151.97,60.73,69.27,175.9,35.595,100.45,65.8,20.93,76.53,144.05,146.71,89.48,103.3,101.07,28.42,173.84,99.87,266.56,339.26,42.08,240.38,88.04,382.42,156.27,33.22,240.03,79.42,133.84,61.92,33.05,231.09,133.29
2020-01-09 00:00:00+00:00,90.21,340.45,152.87,72.74,192.65,1901.05,76.59,226.47,120.66,306.41,61.97,29.77,95.78,66.72,294.3,17.26,50.3,507.28,152.8,61.11,69.86,177.6,35.18,99.52,65.84,21.24,77.95,139.64,148.62,90.89,103.61,101.61,28.44,174.91,101.08,267.83,335.66,41.66,243.02,88.28,383.47,157.58,33.75,241.2,79.81,133.79,62.64,33.22,230.26,135.06
2020-01-10 00:00:00+00:00,89.06,339.81,149.01,72.1,191.83,1883.16,77.01,230.8,118.57,307.74,61.47,28.85,95.44,66.27,296.51,17.49,50.63,505.03,153.67,60.64,70.15,173.43,34.89,98.0,65.03,21.38,76.47,135.27,145.51,90.63,104.38,100.36,28.36,177.58,101.02,265.72,329.05,42.27,244.32,87.46,381.41,156.89,34.73,244.83,79.0,133.83,62.34,32.78,228.95,135.57
2020-01-13 00:00:00+00:00,88.52,345.63,145.26,75.86,191.38,1891.3,77.63,235.41,119.06,296.74,61.81,29.45,95.37,67.5,293.9,17.19,50.44,510.15,156.2,61.16,70.14,174.74,34.73,98.87,64.31,21.46,77.1,137.08,147.19,91.14,105.24,101.8,28.42,179.22,101.15,271.99,338.92,42.45,251.98,87.82,378.93,158.27,34.98,250.05,79.4,133.86,62.52,32.69,226.49,136.51
2020-01-14 00:00:00+00:00,88.2,344.63,148.9,78.18,192.54,1869.44,77.61,233.95,119.53,296.88,62.35,29.58,95.09,66.55,298.97,17.51,52.45,509.62,156.25,61.37,70.29,173.67,35.35,98.28,64.2,21.4,81.47,139.21,147.07,92.58,104.4,101.39,28.84,180.39,100.79,266.67,338.69,42.83,247.28,87.58,387.62,158.32,35.05,248.66,79.8,134.04,62.72,32.82,229.75,137.27
2020-01-15 00:00:00+00:00,89.26,342.94,150.21,80.12,193.85,1862.02,78.2,235.38,117.51,301.55,61.93,29.19,95.81,68.21,293.09,17.34,53.81,515.4,156.67,61.85,70.8,172.92,35.33,98.51,64.1,21.42,80.54,139.75,148.65,92.77,104.55,101.06,28.29,178.23,102.14,269.74,339.07,43.52,245.57,88.32,390.75,158.72,35.24,249.5,80.27,134.08,61.8,33.23,234.15,138.54
2020-01-16 00:00:00+00:00,89.26,345.38,151.94,80.42,193.83,1877.94,79.21,232.24,119.13,305.05,63.21,30.0,96.05,69.18,286.14,17.37,54.42,508.78,157.13,62.45,70.75,175.47,35.92,99.59,63.2,21.67,80.62,145.02,149.27,93.47,104.99,103.37,28.08,177.74,102.29,277.29,338.62,43.82,248.93,88.56,385.57,160.73,35.64,250.73,81.44,134.12,62.81,34.19,235.5,139.24
2020-01-17 00:00:00+00:00,88.0,349.74,151.05,80.9,192.68,1864.72,79.75,233.42,119.47,305.39,62.85,29.32,96.45,69.24,285.5,16.81,53.93,502.73,157.7,62.77,71.18,176.2,35.82,100.0,62.98,21.97,80.5,145.95,149.47,94.0,106.39,105.37,28.15,177.0,103.39,279.07,339.67,43.48,249.28,88.69,385.94,160.57,35.86,252.04,82.15,134.25,62.68,34.22,235.83,140.16
2020-01-21 00:00:00+00:00,87.99,350.0,149.0,81.32,192.58,1892.0,80.03,236.73,119.31,305.99,63.2,29.4,96.19,69.26,287.19,15.52,54.01,503.59,159.1,62.29,71.29,172.56,35.72,98.15,62.63,21.96,78.65,144.85,149.61,94.79,107.8,104.87,28.41,179.63,103.27,278.03,338.11,43.71,247.94,88.87,363.71,161.94,35.89,254.44,82.03,134.29,62.3,34.09,233.99,141.93
2020-01-22 00:00:00+00:00,87.21,350.06,147.65,81.38,191.66,1887.46,79.91,235.16,120.42,303.51,63.89,28.84,96.27,71.85,288.1,15.43,55.32,510.76,159.63,62.19,70.53,171.16,35.89,97.6,63.43,21.93,78.48,146.09,149.64,94.85,106.99,105.51,28.37,179.56,102.47,279.23,326.0,43.78,250.05,88.98,359.14,164.38,36.08,252.61,82.48,134.05,62.43,34.02,234.61,141.5
2020-01-23 00:00:00+00:00,85.27,351.76,149.73,81.9,190.6,1884.58,80.3,237.83,120.86,304.4,63.89,29.53,96.99,71.87,284.21,15.23,54.87,513.14,159.07,62.55,70.61,172.06,35.61,96.83,63.94,22.1,78.24,146.84,152.41,96.06,108.38,104.16,28.44,179.77,102.63,279.15,349.6,43.7,252.86,87.08,356.6,161.39,36.61,255.01,82.18,134.21,62.45,33.89,233.91,138.34
2020-01-24 00:00:00+00:00,83.54,351.37,141.68,81.18,188.19,1861.64,80.39,237.52,117.57,297.28,62.0,29.11,96.86,71.93,278.14,14.64,53.82,504.67,158.28,62.42,70.3,170.12,35.36,95.68,63.15,21.98,76.74,144.33,151.25,97.0,107.67,102.98,28.19,177.18,101.62,276.11,353.16,44.29,250.48,86.15,345.28,162.39,36.61,253.15,81.58,134.29,61.19,33.19,229.06,136.31
2020-01-27 00:00:00+00:00,84.02,346.9,139.06,78.94,189.0,1828.34,80.11,237.47,112.21,283.79,59.05,30.67,96.19,73.96,281.14,14.42,53.38,504.08,159.96,61.77,70.1,163.28,35.48,93.82,63.83,21.58,76.07,134.67,149.04,95.28,107.19,100.01,28.33,177.49,100.77,273.94,342.88,44.56,240.2,84.71,339.42,160.62,36.24,252.74,80.72,134.08,60.93,32.78,227.37,135.96
2020-01-28 00:00:00+00:00,83.77,354.63,138.58,80.2,189.25,1853.25,80.32,237.18,114.31,290.32,60.19,31.47,98.37,72.67,281.95,14.71,53.8,499.34,156.07,62.6,69.71,162.98,36.21,95.09,64.36,21.64,76.46,136.69,150.05,94.84,106.27,102.14,28.33,180.58,102.31,278.17,348.52,44.3,247.97,84.68,344.08,163.3,36.73,251.75,81.66,134.09,61.3,33.42,231.97,138.26
2020-01-29 00:00:00+00:00,83.2,351.66,138.55,80.73,188.8,1858.0,81.02,233.44,113.23,272.91,59.82,31.15,98.82,72.59,282.52,14.32,53.74,490.74,155.21,62.92,68.83,160.16,34.58,96.37,64.3,21.43,74.99,130.07,149.6,94.78,105.18,95.66,27.45,179.98,101.83,282.28,343.16,44.62,245.54,83.96,339.25,165.84,37.8,249.34,80.26,134.09,61.09,33.63,232.41,138.51
2020-01-30 00:00:00+00:00,81.78,356.74,135.27,80.78,187.61,1870.68,81.9,235.2,112.37,265.89,60.25,30.45,100.2,73.1,277.53,14.31,53.29,492.98,155.86,62.47,69.47,161.11,35.06,96.05,64.03,21.53,73.14,131.13,153.07,94.49,105.82,95.29,27.55,179.04,102.58,292.77,347.74,44.97,245.81,84.33,336.18,165.44,38.22,253.74,80.94,134.08,60.5,33.22,230.31,138.03
2020-01-31 00:00:00+00:00,81.02,351.14,131.75,80.28,186.64,2008.72,82.05,231.74,109.75,265.28,57.99,29.95,102.57,72.18,268.85,14.09,51.21,517.46,157.31,61.38,73.78,158.58,33.56,95.59,63.2,21.32,73.07,127.67,149.54,92.53,103.61,92.99,26.86,175.4,100.47,285.8,345.09,45.06,236.43,82.7,337.94,158.97,37.95,249.56,79.19,134.02,59.04,32.48,227.05,134.21
2020-02-03 00:00:00+00:00,82.3,358.0,132.65,80.79,188.44,2004.2,82.63,234.07,110.0,266.43,59.72,30.06,104.26,74.15,272.73,14.16,51.26,532.05,155.84,62.61,74.93,158.29,34.39,97.61,66.36,21.3,72.94,132.81,151.98,93.04,104.17,93.21,26.98,178.58,102.46,292.65,358.0,45.59,240.33,83.0,341.12,163.14,38.48,249.58,79.46,134.2,60.24,33.07,230.51,135.52
2020-02-04 00:00:00+00:00,84.36,366.74,131.56,90.43,190.16,2049.67,82.27,237.45,112.46,273.37,63.01,30.48,104.7,75.01,283.29,14.41,51.59,531.75,163.62,63.43,75.4,164.43,37.41,98.98,67.4,21.55,73.88,140.29,153.77,95.46,104.59,94.67,27.39,182.51,105.31,301.15,369.01,44.23,247.13,83.6,356.0,166.85,38.98,254.17,81.51,134.08,61.28,33.96,239.66,138.97
2020-02-05 00:00:00+00:00,86.63,365.55,137.02,87.58,192.1,2039.87,82.68,236.38,116.68,287.33,63.8,31.26,105.08,76.63,332.87,14.87,52.68,522.18,165.34,64.97,75.73,168.35,37.125,101.82,65.87,21.78,76.0,140.41,163.98,96.75,107.4,95.4,28.08,184.32,106.63,295.18,369.67,44.3,250.76,83.94,372.16,167.74,38.98,254.57,81.79,134.22,62.22,33.39,240.76,137.89
2020-02-06 00:00:00+00:00,87.18,367.46,134.37,86.95,192.88,2050.23,83.17,237.81,115.79,282.33,63.19,31.4,105.12,78.0,337.24,14.77,58.26,526.56,165.07,71.42,76.31,168.86,38.0,107.92,68.21,21.84,75.81,141.45,164.2,96.02,107.77,96.49,28.05,183.88,109.96,296.9,366.95,44.39,254.245,86.18,389.85,170.51,39.33,256.5,82.77,134.12,61.82,38.41,239.12,138.97
2020-02-07 00:00:00+00:00,92.29,366.09,132.93,82.54,197.05,2079.28,83.6,238.75,112.27,276.48,61.71,31.3,104.93,76.92,338.7,14.64,58.24,525.21,166.23,69.59,76.03,167.45,36.2,105.14,68.87,21.73,74.14,133.55,165.29,95.78,108.23,94.5,27.96,182.33,110.11,297.83,366.77,44.02,251.59,87.45,381.87,171.46,38.59,258.82,85.44,134.11,61.38,37.03,240.06,138.9
2020-02-10 00:00:00+00:00,94.75,370.0,130.68,83.25,199.65,2133.91,83.98,243.69,112.9,276.55,62.92,31.65,106.78,76.72,338.93,14.65,59.19,530.34,167.66,69.38,77.35,168.24,36.02,104.86,68.99,21.9,75.11,138.17,168.38,97.02,109.89,94.55,28.14,183.57,110.6,301.47,371.07,44.42,262.97,88.75,386.21,173.19,38.97,264.74,84.53,134.21,61.65,35.96,244.75,142.55
2020-02-11 00:00:00+00:00,96.0,369.28,132.11,84.71,200.99,2150.8,84.27,254.27,116.88,279.91,64.45,32.02,107.4,77.64,332.29,14.76,59.41,530.94,164.76,69.2,76.11,170.26,36.435,105.25,67.76,22.23,76.14,140.75,168.12,97.73,110.26,96.15,28.44,186.12,112.14,303.57,373.69,44.22,267.89,89.44,396.75,174.35,39.5,284.0,94.49,134.27,62.46,35.65,247.81,144.03
2020-02-12 00:00:00+00:00,97.79,374.29,134.32,86.83,202.1,2160.0,84.57,256.18,118.81,296.0,65.37,32.81,106.65,76.53,331.76,14.96,60.13,534.0,164.23,69.43,75.95,171.83,37.15,106.44,66.95,22.48,75.83,147.07,169.12,99.26,109.47,98.47,28.69,187.51,111.0,308.18,380.01,43.89,272.54,87.9,406.3,172.76,39.66,292.81,95.67,134.31,63.29,36.79,242.21,142.98
2020-02-13 00:00:00+00:00,95.35,374.84,134.67,87.93,199.26,2149.87,85.75,256.9,118.88,298.87,67.37,32.95,108.2,77.17,334.25,15.07,59.4,534.73,164.77,69.61,76.37,170.76,37.19,105.43,66.8,22.22,78.05,149.97,168.95,99.23,107.72,96.61,28.63,194.73,113.1,313.4,381.4,44.01,270.78,88.82,398.81,174.88,39.81,289.78,95.14,134.36,63.36,37.16,240.09,144.94
2020-02-14 00:00:00+00:00,94.05,379.67,133.59,89.64,198.32,2134.87,86.79,256.25,117.65,297.82,66.85,33.36,109.16,77.22,333.0,14.8,59.62,534.89,164.83,68.42,76.69,168.07,38.14,105.47,67.56,22.37,78.45,139.49,172.08,100.66,110.0,98.16,28.23,195.28,112.81,322.56,380.4,44.07,289.79,88.5,399.55,176.6,39.82,294.61,96.48,134.27,63.38,36.91,243.82,144.17
2020-02-18 00:00:00+00:00,93.61,378.85,141.81,88.7,198.0,2155.67,86.75,252.93,118.57,302.45,65.16,33.18,108.51,78.04,337.1,15.3,59.01,537.6,164.82,68.83,76.07,166.3,37.87,105.79,67.01,22.24,79.3,135.81,172.86,100.56,109.34,97.6,29.71,190.94,123.22,327.09,387.78,45.58,296.57,87.44,397.65,174.8,39.4,291.72,99.88,134.27,63.46,38.06,245.93,143.65
2020-02-19 00:00:00+00:00,94.14,383.28,140.12,89.34,198.81,2170.22,85.88,248.1,123.89,304.06,67.41,34.07,108.78,77.01,341.04,15.6,59.35,542.46,164.84,68.875,75.54,164.93,37.53,106.45,67.35,22.43,82.42,143.935,173.82,101.46,110.66,98.48,29.54,189.9,120.33,332.11,386.19,46.17,314.7,87.88,400.81,176.62,39.72,289.85,100.49,134.25,63.81,38.77,247.78,144.06
2020-02-20 00:00:00+00:00,94.23,378.96,142.48,94.31,198.74,2153.1,85.66,247.54,124.55,293.94,66.4,33.7,108.17,76.6,336.64,15.35,60.42,539.22,164.17,69.56,75.16,165.83,37.69,108.29,67.0,22.64,82.77,140.87,174.46,102.03,110.56,98.46,29.78,188.81,119.27,321.71,386.0,48.1,308.7,87.44,399.14,176.0,39.97,292.13,99.5,134.19,63.87,39.05,245.1,143.55
2020-02-21 00:00:00+00:00,94.96,372.95,140.61,92.43,200.15,2095.97,85.34,247.01,122.76,294.71,64.27,33.47,107.83,76.86,336.71,14.89,59.72,535.34,164.64,70.09,76.27,177.43,38.2,106.58,69.7,22.7,80.89,135.01,171.01,103.86,110.87,96.18,30.31,189.56,117.22,309.08,380.07,49.44,294.07,89.64,403.15,173.88,40.43,295.65,98.57,134.24,63.31,38.31,246.29,142.23
2020-02-24 00:00:00+00:00,93.14,357.41,139.91,89.61,198.17,2009.29,84.82,245.11,117.36,277.5,61.08,33.07,106.21,76.37,325.98,15.05,58.14,528.7,167.19,67.42,74.42,171.86,37.26,102.4,72.9,22.1,78.87,132.17,167.93,101.95,109.82,90.89,30.27,187.55,113.83,303.53,368.7,50.26,273.28,85.57,425.38,169.83,39.66,295.51,96.37,133.96,61.75,35.89,237.01,138.39
2020-02-25 00:00:00+00:00,89.18,347.8,137.6,85.83,193.73,1972.74,83.56,246.14,114.66,267.4,58.86,31.71,103.87,74.53,324.11,14.6,55.44,517.99,167.85,64.48,73.8,166.65,36.46,97.74,70.1,23.35,77.32,127.05,163.75,98.71,107.75,93.66,29.67,184.51,109.15,300.31,360.09,49.14,262.05,85.0,442.35,165.81,38.66,291.09,94.58,133.75,59.72,35.21,230.0,134.82
2020-02-26 00:00:00+00:00,88.41,351.34,134.54,85.65,193.19,1979.59,85.21,242.67,114.84,268.15,59.81,31.85,103.84,75.67,327.45,14.66,55.01,518.09,168.03,63.28,72.92,166.92,36.69,96.89,74.7,22.71,77.97,126.73,160.55,99.83,109.18,94.07,28.75,183.6,110.82,305.61,379.24,49.4,267.65,86.25,457.92,165.92,38.87,288.28,93.65,133.51,63.99,34.63,232.04,136.15
2020-02-27 00:00:00+00:00,85.42,337.52,134.13,80.8,189.52,1884.3,81.57,232.93,107.72,257.86,57.0,30.38,99.08,72.01,310.08,13.51,52.25,508.55,168.7,62.32,70.15,159.99,35.04,92.36,72.66,21.88,75.84,122.81,154.55,93.32,106.11,92.4,28.36,182.59,105.11,297.36,371.71,46.53,252.6,83.07,431.61,162.72,37.66,271.89,91.24,133.0,60.12,33.01,223.3,133.95
2020-02-28 00:00:00+00:00,85.71,345.12,132.98,81.85,190.67,1883.75,79.0,226.8,109.05,257.09,58.12,29.35,97.49,70.46,308.39,13.93,52.12,493.17,159.42,60.93,67.57,156.48,34.64,93.1,69.36,20.79,75.41,127.64,151.74,92.34,102.99,94.76,28.13,175.69,102.65,295.44,369.03,44.63,270.07,81.87,444.57,158.96,37.44,265.09,90.16,133.59,59.8,33.2,224.03,133.23
