date,EFX,GPN,INFO,MKTX,MA
2015-04-06 00:00:00+00:00,93.81,92.59,27.2,85.43,87.34
2015-04-07 00:00:00+00:00,92.63,92.23,27.15,86.01,87.92
2015-04-08 00:00:00+00:00,92.86,98.61,27.13,87.5,89.32
2015-04-09 00:00:00+00:00,92.94,98.63,27.05,87.27,89.06
2015-04-10 00:00:00+00:00,93.41,99.68,26.96,88.07,88.57
2015-04-13 00:00:00+00:00,93.5,98.1,27.11,88.15,88.25
2015-04-14 00:00:00+00:00,93.9,98.65,26.79,89.3,89.12
2015-04-15 00:00:00+00:00,93.83,100.06,26.64,88.57,89.25
2015-04-16 00:00:00+00:00,93.33,99.71,26.48,89.79,88.72
2015-04-17 00:00:00+00:00,91.84,99.75,26.03,87.31,86.93
2015-04-20 00:00:00+00:00,93.34,100.29,25.9,88.72,87.33
2015-04-21 00:00:00+00:00,94.48,101.63,25.78,90.01,87.77
2015-04-22 00:00:00+00:00,94.19,101.87,25.82,88.66,91.2
2015-04-23 00:00:00+00:00,98.4,101.71,25.99,88.7,90.88
2015-04-24 00:00:00+00:00,98.49,101.79,25.94,87.93,90.72
2015-04-27 00:00:00+00:00,98.06,101.36,25.8,87.84,89.75
2015-04-28 00:00:00+00:00,97.71,100.98,25.76,89.84,90.23
2015-04-29 00:00:00+00:00,97.41,101.9,25.86,89.06,90.25
2015-04-30 00:00:00+00:00,96.93,100.28,25.65,85.85,90.21
2015-05-01 00:00:00+00:00,98.27,101.07,26.36,84.96,91.25
2015-05-04 00:00:00+00:00,99.78,100.92,26.19,84.98,91.18
2015-05-05 00:00:00+00:00,98.53,101.07,25.91,83.3,90.78
2015-05-06 00:00:00+00:00,98.54,101.29,25.72,83.9,90.57
2015-05-07 00:00:00+00:00,97.94,101.36,25.62,85.02,92.05
2015-05-08 00:00:00+00:00,98.89,101.88,25.72,84.67,93.51
2015-05-11 00:00:00+00:00,99.4,102.17,25.93,86.07,92.52
2015-05-12 00:00:00+00:00,98.39,101.48,26.05,86.02,92.39
2015-05-13 00:00:00+00:00,98.22,102.73,26.06,86.07,92.52
2015-05-14 00:00:00+00:00,99.61,104.56,26.36,87.27,93.84
2015-05-15 00:00:00+00:00,98.9,104.2,26.33,87.49,93.22
2015-05-18 00:00:00+00:00,100.35,105.24,26.16,89.1,93.08
2015-05-19 00:00:00+00:00,100.22,105.38,26.34,88.68,93.8
2015-05-20 00:00:00+00:00,99.61,104.17,26.27,88.36,93.24
2015-05-21 00:00:00+00:00,100.05,105.4,26.18,88.0,92.9
2015-05-22 00:00:00+00:00,100.27,105.1,26.35,87.72,92.69
2015-05-26 00:00:00+00:00,99.02,104.35,26.13,86.56,91.89
2015-05-27 00:00:00+00:00,100.38,104.4,26.39,89.23,92.59
2015-05-28 00:00:00+00:00,100.29,104.44,26.59,89.02,92.82
2015-05-29 00:00:00+00:00,100.33,104.38,26.81,88.45,92.26
2015-06-01 00:00:00+00:00,100.04,104.74,26.75,88.96,92.56
2015-06-02 00:00:00+00:00,98.25,105.72,26.81,88.49,93.17
2015-06-03 00:00:00+00:00,98.78,106.67,26.8,87.89,93.5
2015-06-04 00:00:00+00:00,97.58,104.84,26.25,86.49,92.57
2015-06-05 00:00:00+00:00,97.82,105.67,26.51,86.65,92.62
2015-06-08 00:00:00+00:00,97.29,104.35,26.63,86.28,91.9
2015-06-09 00:00:00+00:00,98.13,104.96,26.51,85.39,92.09
2015-06-10 00:00:00+00:00,98.82,106.21,26.63,86.57,94.17
2015-06-11 00:00:00+00:00,99.37,105.84,26.76,86.68,94.5
2015-06-12 00:00:00+00:00,98.54,105.12,26.88,86.31,93.77
2015-06-15 00:00:00+00:00,97.55,105.0,26.79,86.99,93.3
2015-06-16 00:00:00+00:00,97.5,106.13,26.81,87.3,94.15
2015-06-17 00:00:00+00:00,97.65,106.21,26.57,88.71,94.45
2015-06-18 00:00:00+00:00,99.3,107.37,26.67,89.21,96.05
2015-06-19 00:00:00+00:00,99.71,106.2,26.48,91.51,94.81
2015-06-22 00:00:00+00:00,100.59,107.19,26.69,95.27,95.42
2015-06-23 00:00:00+00:00,100.22,106.75,26.72,96.2,95.7
2015-06-24 00:00:00+00:00,99.3,105.71,26.7,97.25,95.51
2015-06-25 00:00:00+00:00,99.63,105.89,26.64,97.34,94.46
2015-06-26 00:00:00+00:00,99.9,105.32,26.35,96.86,94.51
2015-06-29 00:00:00+00:00,97.44,102.77,25.63,92.32,92.52
2015-06-30 00:00:00+00:00,97.09,103.45,25.57,92.77,93.48
2015-07-01 00:00:00+00:00,98.4,105.09,26.39,94.76,94.5
2015-07-02 00:00:00+00:00,98.21,104.57,26.51,94.49,94.24
2015-07-06 00:00:00+00:00,97.8,104.56,26.34,96.87,94.52
2015-07-07 00:00:00+00:00,97.95,105.24,26.31,97.47,93.89
2015-07-08 00:00:00+00:00,96.29,103.8,26.31,97.78,92.49
2015-07-09 00:00:00+00:00,96.46,104.51,26.29,99.62,93.04
2015-07-10 00:00:00+00:00,97.77,105.95,26.26,103.28,94.62
2015-07-13 00:00:00+00:00,99.3,106.45,26.29,101.74,95.5
2015-07-14 00:00:00+00:00,98.56,106.49,26.44,100.91,95.27
2015-07-15 00:00:00+00:00,98.63,106.4,26.27,99.88,95.25
2015-07-16 00:00:00+00:00,100.13,107.54,26.44,101.5,95.82
2015-07-17 00:00:00+00:00,98.55,106.58,26.56,101.31,96.08
2015-07-20 00:00:00+00:00,98.75,108.0,26.46,100.94,97.26
2015-07-21 00:00:00+00:00,98.09,106.84,26.27,100.22,96.71
2015-07-22 00:00:00+00:00,98.84,106.42,26.42,97.95,96.88
2015-07-23 00:00:00+00:00,100.13,105.38,26.55,97.95,95.16
2015-07-24 00:00:00+00:00,100.04,104.46,26.7,96.54,95.83
2015-07-27 00:00:00+00:00,98.51,102.17,26.17,97.95,94.39
2015-07-28 00:00:00+00:00,100.18,109.91,26.29,97.66,95.16
2015-07-29 00:00:00+00:00,102.21,111.71,26.53,98.16,96.73
2015-07-30 00:00:00+00:00,102.16,111.84,26.52,97.07,98.41
2015-07-31 00:00:00+00:00,102.13,112.09,26.62,97.8,97.4
2015-08-03 00:00:00+00:00,102.0,112.27,26.53,97.92,97.44
2015-08-04 00:00:00+00:00,102.62,112.5,26.27,96.96,97.3
2015-08-05 00:00:00+00:00,103.52,113.31,26.58,99.25,98.27
2015-08-06 00:00:00+00:00,102.31,112.52,26.63,97.93,97.16
2015-08-07 00:00:00+00:00,103.09,112.74,26.73,97.57,97.77
2015-08-10 00:00:00+00:00,104.64,114.69,27.61,97.41,98.08
2015-08-11 00:00:00+00:00,103.53,114.08,27.05,96.16,97.2
2015-08-12 00:00:00+00:00,102.67,114.58,28.36,95.37,97.04
2015-08-13 00:00:00+00:00,103.86,116.0,29.43,94.54,97.23
2015-08-14 00:00:00+00:00,104.48,116.95,29.53,96.38,97.89
2015-08-17 00:00:00+00:00,105.47,117.22,29.3,97.53,97.86
2015-08-18 00:00:00+00:00,105.21,117.62,29.3,97.49,97.6
2015-08-19 00:00:00+00:00,104.73,117.91,29.53,98.06,96.6
2015-08-20 00:00:00+00:00,101.82,116.25,29.19,96.57,94.56
2015-08-21 00:00:00+00:00,99.36,111.93,28.85,93.96,90.68
2015-08-24 00:00:00+00:00,93.83,105.9,27.91,89.61,87.83
2015-08-25 00:00:00+00:00,92.7,106.04,27.975,88.91,86.82
2015-08-26 00:00:00+00:00,96.37,109.12,28.39,90.97,91.71
2015-08-27 00:00:00+00:00,98.85,111.99,28.29,91.83,94.05
2015-08-28 00:00:00+00:00,98.45,112.47,28.48,91.45,94.08
2015-08-31 00:00:00+00:00,97.9,111.39,28.58,90.42,92.37
2015-09-01 00:00:00+00:00,95.24,108.36,28.3,91.71,89.05
2015-09-02 00:00:00+00:00,97.58,110.48,28.76,96.63,90.43
2015-09-03 00:00:00+00:00,98.31,111.0,29.02,96.2,91.65
2015-09-04 00:00:00+00:00,97.01,110.29,28.79,94.85,90.53
2015-09-08 00:00:00+00:00,99.44,113.43,28.82,96.5,92.9
2015-09-09 00:00:00+00:00,98.5,112.14,28.61,96.62,89.97
2015-09-10 00:00:00+00:00,97.86,112.93,28.43,97.14,89.68
2015-09-11 00:00:00+00:00,98.0,114.08,28.75,97.35,91.35
2015-09-14 00:00:00+00:00,97.83,112.6,28.85,96.96,90.94
2015-09-15 00:00:00+00:00,99.43,114.42,29.41,97.3,92.11
2015-09-16 00:00:00+00:00,99.22,114.51,29.26,97.5,92.73
2015-09-17 00:00:00+00:00,98.36,114.63,29.37,96.5,93.21
2015-09-18 00:00:00+00:00,97.04,113.74,29.42,96.32,92.15
2015-09-21 00:00:00+00:00,98.12,116.24,29.25,97.04,93.05
2015-09-22 00:00:00+00:00,97.73,116.06,29.24,95.92,92.07
2015-09-23 00:00:00+00:00,98.15,117.28,29.39,98.99,92.14
2015-09-24 00:00:00+00:00,97.39,115.51,28.99,97.15,91.12
2015-09-25 00:00:00+00:00,97.45,115.74,28.9,99.52,91.3
2015-09-28 00:00:00+00:00,95.33,112.0,28.5,94.7,88.35
2015-09-29 00:00:00+00:00,95.8,113.95,28.44,90.82,88.76
2015-09-30 00:00:00+00:00,97.18,114.73,29.0,92.88,90.12
2015-10-01 00:00:00+00:00,98.38,116.54,29.14,94.02,90.73
2015-10-02 00:00:00+00:00,99.32,118.45,29.55,95.01,92.07
2015-10-05 00:00:00+00:00,100.95,116.9,29.9,96.93,94.33
2015-10-06 00:00:00+00:00,100.94,115.37,29.67,93.33,93.92
2015-10-07 00:00:00+00:00,102.73,128.2,29.53,94.84,95.18
2015-10-08 00:00:00+00:00,104.7,132.45,29.68,95.5,95.87
2015-10-09 00:00:00+00:00,105.48,133.02,30.0,94.7,95.82
2015-10-12 00:00:00+00:00,105.78,133.74,30.24,96.96,96.64
2015-10-13 00:00:00+00:00,104.08,129.67,29.73,94.56,95.93
2015-10-14 00:00:00+00:00,104.18,126.92,29.79,94.24,95.03
2015-10-15 00:00:00+00:00,105.83,129.75,30.64,96.5,97.16
2015-10-16 00:00:00+00:00,106.36,130.86,30.54,96.73,97.64
2015-10-19 00:00:00+00:00,106.86,133.27,30.72,95.94,97.74
2015-10-20 00:00:00+00:00,107.67,130.84,30.42,96.1,97.67
2015-10-21 00:00:00+00:00,105.9,131.23,30.29,86.86,96.6
2015-10-22 00:00:00+00:00,103.29,133.62,30.5,89.55,98.02
2015-10-23 00:00:00+00:00,106.03,133.94,30.45,90.01,99.79
2015-10-26 00:00:00+00:00,106.66,132.89,30.33,95.86,99.63
2015-10-27 00:00:00+00:00,106.92,130.98,30.25,95.26,98.43
2015-10-28 00:00:00+00:00,106.85,137.44,30.63,100.195,100.09
2015-10-29 00:00:00+00:00,106.66,136.43,30.53,102.89,100.59
2015-10-30 00:00:00+00:00,106.57,136.41,30.5,101.31,98.99
2015-11-02 00:00:00+00:00,107.67,136.23,30.49,99.0,99.38
2015-11-03 00:00:00+00:00,106.72,67.56,30.58,98.88,100.12
2015-11-04 00:00:00+00:00,106.35,68.07,30.46,98.55,100.52
2015-11-05 00:00:00+00:00,106.09,68.6,29.9,98.98,100.69
2015-11-06 00:00:00+00:00,106.06,69.94,29.44,99.82,101.5
2015-11-09 00:00:00+00:00,104.91,69.25,30.02,99.16,100.47
2015-11-10 00:00:00+00:00,105.44,69.0,29.7,99.97,100.65
2015-11-11 00:00:00+00:00,106.72,69.7,29.55,101.18,100.88
2015-11-12 00:00:00+00:00,105.95,68.89,28.96,100.01,98.28
2015-11-13 00:00:00+00:00,104.67,69.03,28.68,98.58,96.86
2015-11-16 00:00:00+00:00,106.95,69.15,28.93,100.75,98.3
2015-11-17 00:00:00+00:00,107.53,70.08,29.14,101.73,98.07
2015-11-18 00:00:00+00:00,110.56,70.9,29.07,103.61,99.16
2015-11-19 00:00:00+00:00,109.88,71.27,29.32,103.49,98.93
2015-11-20 00:00:00+00:00,110.22,71.26,29.32,106.68,99.5
2015-11-23 00:00:00+00:00,111.04,72.66,29.24,107.35,99.37
2015-11-24 00:00:00+00:00,110.05,72.25,28.98,105.2,98.5
2015-11-25 00:00:00+00:00,110.98,72.44,29.27,106.0,98.16
2015-11-27 00:00:00+00:00,112.32,72.29,29.11,107.66,98.67
2015-11-30 00:00:00+00:00,111.5,70.85,29.5,106.78,97.92
2015-12-01 00:00:00+00:00,112.52,71.09,29.9,106.7,97.93
2015-12-02 00:00:00+00:00,111.96,71.67,29.33,106.44,97.1
2015-12-03 00:00:00+00:00,109.35,69.34,28.95,109.5,95.96
2015-12-04 00:00:00+00:00,111.77,70.39,29.57,113.88,98.7
2015-12-07 00:00:00+00:00,111.43,69.76,29.44,113.56,97.82
2015-12-08 00:00:00+00:00,111.96,70.32,29.55,112.92,98.18
2015-12-09 00:00:00+00:00,109.91,69.63,29.24,109.51,97.82
2015-12-10 00:00:00+00:00,110.97,71.45,28.89,109.18,97.61
2015-12-11 00:00:00+00:00,107.78,69.69,28.9,106.65,94.83
2015-12-14 00:00:00+00:00,108.4,70.33,28.84,108.27,96.3
2015-12-15 00:00:00+00:00,109.24,71.42,28.89,108.0,98.43
2015-12-16 00:00:00+00:00,112.95,65.69,29.21,109.22,100.04
2015-12-17 00:00:00+00:00,113.2,64.18,29.48,107.92,99.33
2015-12-18 00:00:00+00:00,109.63,63.8,29.08,104.88,96.29
2015-12-21 00:00:00+00:00,110.99,63.88,29.18,105.62,97.04
2015-12-22 00:00:00+00:00,111.64,64.36,29.14,104.8,97.54
2015-12-23 00:00:00+00:00,112.89,65.62,29.54,104.76,98.73
2015-12-24 00:00:00+00:00,112.75,65.5,29.85,111.13,98.59
2015-12-28 00:00:00+00:00,113.07,65.59,29.88,112.7,98.53
2015-12-29 00:00:00+00:00,113.61,66.52,30.12,114.24,99.72
2015-12-30 00:00:00+00:00,112.77,65.26,30.35,112.96,98.87
2015-12-31 00:00:00+00:00,111.37,64.51,30.17,111.59,97.36
2016-01-04 00:00:00+00:00,109.45,62.58,29.54,109.28,94.81
2016-01-05 00:00:00+00:00,110.11,63.55,29.75,110.09,94.99
2016-01-06 00:00:00+00:00,109.23,63.75,29.33,108.76,93.35
2016-01-07 00:00:00+00:00,105.29,61.36,28.9,107.06,91.64
2016-01-08 00:00:00+00:00,102.24,60.18,28.51,105.73,89.89
2016-01-11 00:00:00+00:00,101.83,58.52,28.21,106.52,90.58
2016-01-12 00:00:00+00:00,102.42,58.52,28.41,106.28,91.44
2016-01-13 00:00:00+00:00,101.04,56.4,27.91,102.9,89.19
2016-01-14 00:00:00+00:00,103.46,57.36,27.93,104.44,90.71
2016-01-15 00:00:00+00:00,102.86,57.1,27.4,101.77,88.71
2016-01-19 00:00:00+00:00,103.86,57.32,27.08,102.38,86.22
2016-01-20 00:00:00+00:00,101.68,58.03,26.72,103.31,85.13
2016-01-21 00:00:00+00:00,102.62,57.29,27.04,101.91,86.12
2016-01-22 00:00:00+00:00,104.84,58.86,28.3,103.3,88.0
2016-01-25 00:00:00+00:00,104.14,57.66,27.97,101.97,86.77
2016-01-26 00:00:00+00:00,104.85,58.66,28.41,104.38,87.0
2016-01-27 00:00:00+00:00,102.98,56.55,28.58,108.28,84.81
2016-01-28 00:00:00+00:00,101.77,55.85,28.47,111.97,83.43
2016-01-29 00:00:00+00:00,105.8,58.95,28.36,116.23,89.03
2016-02-01 00:00:00+00:00,106.92,59.62,28.83,115.76,88.63
2016-02-02 00:00:00+00:00,103.75,56.55,28.74,114.63,85.93
2016-02-03 00:00:00+00:00,103.17,57.33,28.39,113.84,86.47
2016-02-04 00:00:00+00:00,103.67,57.69,28.3,111.51,86.33
2016-02-05 00:00:00+00:00,99.88,55.76,27.89,106.6,82.76
2016-02-08 00:00:00+00:00,93.9,52.54,27.48,105.34,80.65
2016-02-09 00:00:00+00:00,93.22,52.47,27.13,106.98,81.97
2016-02-10 00:00:00+00:00,94.52,54.48,27.0,105.29,83.31
2016-02-11 00:00:00+00:00,93.45,54.9,26.51,106.12,82.11
2016-02-12 00:00:00+00:00,97.47,56.8,27.15,108.82,84.89
2016-02-16 00:00:00+00:00,99.17,58.1,27.38,110.79,86.18
2016-02-17 00:00:00+00:00,101.79,59.19,27.92,114.15,87.21
2016-02-18 00:00:00+00:00,100.89,58.01,28.08,111.91,86.04
2016-02-19 00:00:00+00:00,100.99,59.16,28.19,114.13,86.79
2016-02-22 00:00:00+00:00,103.36,61.46,27.82,111.25,87.82
2016-02-23 00:00:00+00:00,103.14,60.58,27.53,115.25,86.21
2016-02-24 00:00:00+00:00,104.44,61.89,27.61,116.0,86.42
2016-02-25 00:00:00+00:00,106.53,62.38,27.81,119.25,87.42
2016-02-26 00:00:00+00:00,106.37,61.6,27.94,119.9,87.57
2016-02-29 00:00:00+00:00,104.88,60.95,27.82,118.46,86.92
2016-03-01 00:00:00+00:00,106.49,62.71,28.23,118.31,90.1
2016-03-02 00:00:00+00:00,107.0,62.22,28.22,119.96,89.89
2016-03-03 00:00:00+00:00,107.13,62.96,28.5,120.76,89.74
2016-03-04 00:00:00+00:00,107.66,63.26,28.57,126.29,90.05
2016-03-07 00:00:00+00:00,106.08,60.53,28.59,122.03,88.3
2016-03-08 00:00:00+00:00,106.0,58.93,28.595,123.79,86.85
2016-03-09 00:00:00+00:00,106.76,59.27,28.72,122.6,87.18
2016-03-10 00:00:00+00:00,106.78,59.83,28.97,125.93,86.89
2016-03-11 00:00:00+00:00,108.45,60.16,28.99,124.93,88.58
2016-03-14 00:00:00+00:00,109.71,58.93,29.03,124.18,88.87
2016-03-15 00:00:00+00:00,109.5,58.47,29.07,123.07,89.36
2016-03-16 00:00:00+00:00,110.13,59.08,29.25,123.1,90.01
2016-03-17 00:00:00+00:00,111.31,59.9,29.58,123.68,91.41
2016-03-18 00:00:00+00:00,112.51,59.35,29.49,124.35,92.31
2016-03-21 00:00:00+00:00,112.22,59.48,33.51,122.35,92.35
2016-03-22 00:00:00+00:00,112.51,59.62,34.29,121.97,91.76
2016-03-23 00:00:00+00:00,111.54,59.67,33.58,121.15,92.13
2016-03-24 00:00:00+00:00,111.23,60.17,34.31,120.2,91.91
2016-03-28 00:00:00+00:00,111.95,60.09,34.63,121.01,91.24
2016-03-29 00:00:00+00:00,112.85,62.96,34.95,123.86,92.78
2016-03-30 00:00:00+00:00,113.9,62.78,35.01,123.62,93.81
2016-03-31 00:00:00+00:00,114.29,65.3,35.35,124.83,94.5
2016-04-01 00:00:00+00:00,116.59,65.15,35.25,128.58,95.87
2016-04-04 00:00:00+00:00,115.42,64.77,35.24,126.51,95.05
2016-04-05 00:00:00+00:00,114.57,65.15,34.32,123.11,94.36
2016-04-06 00:00:00+00:00,115.45,70.86,34.5,125.39,94.75
2016-04-07 00:00:00+00:00,113.78,71.74,34.18,124.0,93.51
2016-04-08 00:00:00+00:00,115.02,72.2,34.21,123.01,93.79
2016-04-11 00:00:00+00:00,113.69,72.29,34.66,121.55,93.47
2016-04-12 00:00:00+00:00,113.48,71.81,34.61,121.87,93.86
2016-04-13 00:00:00+00:00,114.95,75.68,35.07,125.0,95.75
2016-04-14 00:00:00+00:00,115.97,75.3,35.255,125.69,96.17
2016-04-15 00:00:00+00:00,116.18,75.69,35.52,124.68,96.68
2016-04-18 00:00:00+00:00,116.75,76.92,35.61,124.45,97.67
2016-04-19 00:00:00+00:00,116.41,76.6,35.53,126.18,97.24
2016-04-20 00:00:00+00:00,117.33,76.0,35.03,129.11,97.9
2016-04-21 00:00:00+00:00,115.91,74.27,35.15,128.24,97.54
2016-04-22 00:00:00+00:00,115.71,73.29,35.32,129.46,97.45
2016-04-25 00:00:00+00:00,116.31,73.29,35.07,128.58,96.98
2016-04-26 00:00:00+00:00,117.18,73.19,35.08,129.4,97.27
2016-04-27 00:00:00+00:00,118.61,74.75,34.86,125.71,98.38
2016-04-28 00:00:00+00:00,120.32,72.81,34.89,123.75,97.18
2016-04-29 00:00:00+00:00,120.25,72.18,34.89,122.76,96.99
2016-05-02 00:00:00+00:00,121.22,73.26,35.37,123.31,97.77
2016-05-03 00:00:00+00:00,120.09,73.06,34.64,120.86,96.45
2016-05-04 00:00:00+00:00,119.3,72.63,34.93,122.73,96.25
2016-05-05 00:00:00+00:00,120.04,72.31,34.41,124.41,96.19
2016-05-06 00:00:00+00:00,119.92,72.86,34.5,125.46,96.68
2016-05-09 00:00:00+00:00,120.97,73.04,34.4,127.29,96.72
2016-05-10 00:00:00+00:00,124.59,74.31,34.49,127.12,97.64
2016-05-11 00:00:00+00:00,122.18,74.07,34.16,128.71,96.41
2016-05-12 00:00:00+00:00,122.65,74.37,33.89,131.92,95.85
2016-05-13 00:00:00+00:00,122.59,74.24,33.7,130.6,95.36
2016-05-16 00:00:00+00:00,123.69,74.35,33.65,132.6,96.15
2016-05-17 00:00:00+00:00,122.94,74.15,33.5,131.24,95.6
2016-05-18 00:00:00+00:00,122.41,74.28,33.99,133.42,95.63
2016-05-19 00:00:00+00:00,122.55,74.2,34.03,133.14,94.7
2016-05-20 00:00:00+00:00,122.89,74.95,34.28,134.43,95.47
2016-05-23 00:00:00+00:00,122.39,74.9,34.47,134.37,95.08
2016-05-24 00:00:00+00:00,125.16,77.22,34.41,138.47,96.48
2016-05-25 00:00:00+00:00,124.89,76.26,34.17,140.0,96.45
2016-05-26 00:00:00+00:00,125.07,76.37,33.9,138.76,96.38
2016-05-27 00:00:00+00:00,126.29,77.11,34.24,140.58,97.18
2016-05-31 00:00:00+00:00,125.73,77.69,34.37,139.94,95.9
2016-06-01 00:00:00+00:00,125.49,77.71,33.82,140.65,96.41
2016-06-02 00:00:00+00:00,126.31,78.92,33.9,141.45,96.88
2016-06-03 00:00:00+00:00,125.2,76.06,33.96,141.7,96.03
2016-06-06 00:00:00+00:00,125.82,77.15,33.76,143.25,96.64
2016-06-07 00:00:00+00:00,125.17,76.94,33.41,141.75,96.68
2016-06-08 00:00:00+00:00,125.96,76.32,33.55,143.55,97.99
2016-06-09 00:00:00+00:00,125.94,76.6,33.34,142.23,97.02
2016-06-10 00:00:00+00:00,123.9,74.74,33.1,141.84,95.21
2016-06-13 00:00:00+00:00,123.39,73.78,32.75,142.07,94.19
2016-06-14 00:00:00+00:00,122.37,73.74,32.78,141.49,94.11
2016-06-15 00:00:00+00:00,121.57,74.06,32.43,141.6,93.34
2016-06-16 00:00:00+00:00,122.35,74.54,32.41,142.52,94.08
2016-06-17 00:00:00+00:00,122.65,73.99,32.65,140.48,93.29
2016-06-20 00:00:00+00:00,124.19,75.1,32.73,140.95,94.35
2016-06-21 00:00:00+00:00,124.96,74.88,32.66,138.73,95.11
2016-06-22 00:00:00+00:00,125.15,74.26,32.3,139.24,94.06
2016-06-23 00:00:00+00:00,126.96,75.89,32.69,144.13,95.71
2016-06-24 00:00:00+00:00,122.09,70.27,31.21,139.18,91.47
2016-06-27 00:00:00+00:00,118.63,67.48,30.4,135.87,89.07
2016-06-28 00:00:00+00:00,121.99,69.76,31.3,141.26,90.42
2016-06-29 00:00:00+00:00,125.7,70.84,32.28,142.02,92.13
2016-06-30 00:00:00+00:00,128.4,71.38,32.6,145.4,88.06
2016-07-01 00:00:00+00:00,128.47,71.74,33.1,143.59,88.85
2016-07-05 00:00:00+00:00,128.9,71.86,32.55,144.59,88.25
2016-07-06 00:00:00+00:00,130.04,72.06,32.22,150.03,86.83
2016-07-07 00:00:00+00:00,130.41,71.8,31.96,149.27,87.81
2016-07-08 00:00:00+00:00,132.24,73.54,32.03,151.72,88.56
2016-07-11 00:00:00+00:00,132.45,74.8,32.66,150.81,88.75
2016-07-12 00:00:00+00:00,133.37,75.44,32.84,151.08,90.0
2016-07-13 00:00:00+00:00,133.42,75.68,36.1,150.7,90.34
2016-07-14 00:00:00+00:00,133.62,76.48,35.89,151.51,91.45
2016-07-15 00:00:00+00:00,134.05,76.72,35.16,151.41,90.93
2016-07-18 00:00:00+00:00,133.93,76.76,35.2,149.97,91.6
2016-07-19 00:00:00+00:00,134.54,76.77,36.35,152.03,92.38
2016-07-20 00:00:00+00:00,135.69,77.92,35.66,152.05,93.3
2016-07-21 00:00:00+00:00,134.83,77.21,36.2,151.38,92.46
2016-07-22 00:00:00+00:00,135.78,77.81,35.65,152.74,93.66
2016-07-25 00:00:00+00:00,136.43,78.32,35.04,153.47,93.0
2016-07-26 00:00:00+00:00,136.04,79.23,34.89,153.71,93.43
2016-07-27 00:00:00+00:00,135.38,78.43,34.61,153.8,93.75
2016-07-28 00:00:00+00:00,133.49,78.19,34.84,159.76,96.01
2016-07-29 00:00:00+00:00,132.46,74.66,34.74,161.66,95.24
2016-08-01 00:00:00+00:00,131.94,73.71,34.75,161.47,95.07
2016-08-02 00:00:00+00:00,130.82,71.5,34.63,161.83,95.25
2016-08-03 00:00:00+00:00,130.37,73.16,34.85,161.74,95.08
2016-08-04 00:00:00+00:00,131.28,73.56,34.68,162.41,95.91
2016-08-05 00:00:00+00:00,132.84,74.54,35.1,162.83,96.88
2016-08-08 00:00:00+00:00,131.36,73.94,35.11,161.77,96.78
2016-08-09 00:00:00+00:00,132.22,74.9,35.03,161.44,96.7
2016-08-10 00:00:00+00:00,132.39,74.71,35.03,162.11,96.29
2016-08-11 00:00:00+00:00,132.69,74.85,35.55,161.99,96.53
2016-08-12 00:00:00+00:00,132.36,74.69,35.26,162.22,96.12
2016-08-15 00:00:00+00:00,131.56,74.94,35.32,164.49,96.44
2016-08-16 00:00:00+00:00,130.32,73.53,35.26,163.06,95.62
2016-08-17 00:00:00+00:00,130.98,74.22,35.88,164.62,95.59
2016-08-18 00:00:00+00:00,131.41,74.16,36.24,166.89,95.27
2016-08-19 00:00:00+00:00,131.42,74.75,36.31,166.71,95.22
2016-08-22 00:00:00+00:00,131.57,75.42,36.34,165.26,95.79
2016-08-23 00:00:00+00:00,131.29,76.25,36.42,164.83,96.29
2016-08-24 00:00:00+00:00,130.42,75.5,36.42,165.37,95.53
2016-08-25 00:00:00+00:00,130.49,76.61,36.56,165.95,95.59
2016-08-26 00:00:00+00:00,131.47,76.14,37.06,166.16,96.47
2016-08-29 00:00:00+00:00,131.89,75.92,37.47,167.81,96.78
2016-08-30 00:00:00+00:00,132.1,76.45,37.24,168.94,97.09
2016-08-31 00:00:00+00:00,131.9,75.95,37.32,168.54,96.63
2016-09-01 00:00:00+00:00,133.09,76.82,37.06,169.53,97.62
2016-09-02 00:00:00+00:00,134.16,76.32,37.5,172.54,97.89
2016-09-06 00:00:00+00:00,135.1,76.71,37.32,168.88,98.79
2016-09-07 00:00:00+00:00,135.19,76.43,37.76,169.02,99.57
2016-09-08 00:00:00+00:00,134.68,76.27,37.69,168.72,99.98
2016-09-09 00:00:00+00:00,131.09,73.62,37.05,171.38,98.15
2016-09-12 00:00:00+00:00,133.08,74.59,37.55,172.02,100.11
2016-09-13 00:00:00+00:00,131.46,73.18,36.99,169.51,99.39
2016-09-14 00:00:00+00:00,131.9,73.52,36.37,169.52,98.71
2016-09-15 00:00:00+00:00,134.35,76.05,36.51,173.34,99.47
2016-09-16 00:00:00+00:00,132.21,74.3,36.66,172.76,99.36
2016-09-19 00:00:00+00:00,131.55,74.44,36.5,170.74,99.68
2016-09-20 00:00:00+00:00,131.85,74.43,36.71,172.83,100.49
2016-09-21 00:00:00+00:00,133.12,76.33,36.93,173.34,101.26
2016-09-22 00:00:00+00:00,133.66,76.05,36.77,172.84,102.12
2016-09-23 00:00:00+00:00,132.13,75.42,36.66,170.75,101.66
2016-09-26 00:00:00+00:00,131.31,75.62,36.25,167.88,101.16
2016-09-27 00:00:00+00:00,132.65,76.08,35.64,170.27,101.45
2016-09-28 00:00:00+00:00,134.42,76.78,36.78,171.01,101.51
2016-09-29 00:00:00+00:00,133.33,76.09,37.31,166.14,100.61
2016-09-30 00:00:00+00:00,134.58,76.76,37.55,165.59,101.77
2016-10-03 00:00:00+00:00,133.97,77.12,37.52,164.16,101.88
2016-10-04 00:00:00+00:00,133.27,76.44,37.0,162.2,101.22
2016-10-05 00:00:00+00:00,132.05,79.04,36.75,161.29,102.4
2016-10-06 00:00:00+00:00,132.21,78.98,36.7,160.34,102.94
2016-10-07 00:00:00+00:00,130.14,76.01,36.41,159.19,102.25
2016-10-10 00:00:00+00:00,131.11,75.6,36.57,158.82,102.65
2016-10-11 00:00:00+00:00,128.65,73.7,36.12,156.89,101.35
2016-10-12 00:00:00+00:00,130.03,73.81,36.26,157.22,101.36
2016-10-13 00:00:00+00:00,128.99,73.35,36.17,154.96,100.65
2016-10-14 00:00:00+00:00,130.35,73.04,36.6,154.22,100.88
2016-10-17 00:00:00+00:00,129.53,73.01,36.58,152.29,100.85
2016-10-18 00:00:00+00:00,130.28,74.21,37.3,154.75,101.73
2016-10-19 00:00:00+00:00,130.21,74.37,37.53,153.34,102.73
2016-10-20 00:00:00+00:00,129.53,73.59,37.65,151.4,102.55
2016-10-21 00:00:00+00:00,129.76,72.88,37.64,152.22,102.85
2016-10-24 00:00:00+00:00,131.19,74.06,37.81,153.26,103.19
2016-10-25 00:00:00+00:00,130.43,73.27,37.61,152.22,102.88
2016-10-26 00:00:00+00:00,128.71,73.66,37.4,153.15,103.22
2016-10-27 00:00:00+00:00,123.17,72.47,36.88,150.64,103.6
2016-10-28 00:00:00+00:00,122.0,72.59,36.9,150.13,106.9
2016-10-31 00:00:00+00:00,123.97,72.52,36.79,150.76,107.02
2016-11-01 00:00:00+00:00,123.64,71.75,36.82,148.31,104.96
2016-11-02 00:00:00+00:00,122.43,70.63,36.8,147.69,104.0
2016-11-03 00:00:00+00:00,122.97,70.48,36.16,147.8,103.78
2016-11-04 00:00:00+00:00,123.61,70.81,35.53,150.47,103.03
2016-11-07 00:00:00+00:00,126.09,71.82,35.73,153.12,105.96
2016-11-08 00:00:00+00:00,127.07,72.63,35.6,155.21,105.7
2016-11-09 00:00:00+00:00,122.53,72.81,35.41,161.25,106.19
2016-11-10 00:00:00+00:00,116.23,70.93,35.31,159.91,104.5
2016-11-11 00:00:00+00:00,114.03,69.49,35.49,161.92,104.62
2016-11-14 00:00:00+00:00,115.14,66.57,34.99,165.61,101.14
2016-11-15 00:00:00+00:00,118.15,68.05,34.75,163.61,102.48
2016-11-16 00:00:00+00:00,119.5,69.94,34.95,165.83,104.0
2016-11-17 00:00:00+00:00,121.81,69.76,35.4,171.02,104.45
2016-11-18 00:00:00+00:00,121.56,70.71,34.94,169.46,104.78
2016-11-21 00:00:00+00:00,121.6,71.99,35.82,170.09,105.94
2016-11-22 00:00:00+00:00,120.24,71.72,36.01,169.38,105.93
2016-11-23 00:00:00+00:00,120.07,72.09,35.47,168.46,104.56
2016-11-25 00:00:00+00:00,120.06,72.09,35.47,169.62,105.73
2016-11-28 00:00:00+00:00,119.19,71.54,35.82,169.15,103.36
2016-11-29 00:00:00+00:00,119.32,70.59,35.64,168.96,103.82
2016-11-30 00:00:00+00:00,114.45,68.55,35.94,165.77,102.2
2016-12-01 00:00:00+00:00,111.54,66.42,35.11,162.9,100.18
2016-12-02 00:00:00+00:00,114.03,68.13,34.88,161.9,101.1
2016-12-05 00:00:00+00:00,114.33,69.73,34.9,164.06,103.55
2016-12-06 00:00:00+00:00,113.5,69.9,35.12,166.38,102.0
2016-12-07 00:00:00+00:00,115.99,70.87,35.28,163.47,105.25
2016-12-08 00:00:00+00:00,117.6,71.78,35.72,164.94,104.82
2016-12-09 00:00:00+00:00,117.16,72.19,35.7,166.97,104.41
2016-12-12 00:00:00+00:00,117.03,71.24,35.76,168.19,103.28
2016-12-13 00:00:00+00:00,116.48,71.85,35.42,168.93,103.32
2016-12-14 00:00:00+00:00,115.85,71.46,34.49,164.52,103.28
2016-12-15 00:00:00+00:00,117.13,70.63,34.69,167.12,104.35
2016-12-16 00:00:00+00:00,116.97,70.29,34.76,162.39,103.43
2016-12-19 00:00:00+00:00,116.02,70.78,34.58,160.65,103.54
2016-12-20 00:00:00+00:00,116.09,71.42,35.21,157.06,104.54
2016-12-21 00:00:00+00:00,118.65,70.87,35.41,153.67,104.17
2016-12-22 00:00:00+00:00,118.91,70.03,35.49,150.2,104.31
2016-12-23 00:00:00+00:00,119.65,70.3,35.39,149.415,104.71
2016-12-27 00:00:00+00:00,118.59,70.73,35.3,149.49,104.8
2016-12-28 00:00:00+00:00,118.48,69.67,35.26,148.43,103.68
2016-12-29 00:00:00+00:00,118.67,69.82,35.11,145.53,103.77
2016-12-30 00:00:00+00:00,118.23,69.41,35.41,146.92,103.25
2017-01-03 00:00:00+00:00,118.76,70.5,35.92,150.18,105.39
2017-01-04 00:00:00+00:00,119.34,73.13,36.2,152.92,106.39
2017-01-05 00:00:00+00:00,119.98,73.42,36.29,152.71,106.99
2017-01-06 00:00:00+00:00,121.0,74.45,36.66,157.15,107.76
2017-01-09 00:00:00+00:00,119.84,79.79,36.57,156.79,107.55
2017-01-10 00:00:00+00:00,120.04,77.88,36.61,156.06,107.32
2017-01-11 00:00:00+00:00,120.52,78.23,36.77,156.99,107.81
2017-01-12 00:00:00+00:00,120.86,77.6,36.8,156.35,108.71
2017-01-13 00:00:00+00:00,120.31,77.74,37.03,156.85,108.7
2017-01-17 00:00:00+00:00,120.66,78.04,38.33,155.51,108.4
2017-01-18 00:00:00+00:00,120.26,78.62,38.6,156.51,108.66
2017-01-19 00:00:00+00:00,120.18,79.39,38.17,155.23,108.53
2017-01-20 00:00:00+00:00,118.08,79.08,38.79,156.89,109.96
2017-01-23 00:00:00+00:00,118.18,78.39,38.75,155.39,109.63
2017-01-24 00:00:00+00:00,118.87,79.03,39.0,158.36,109.92
2017-01-25 00:00:00+00:00,118.63,78.28,39.79,175.99,110.19
2017-01-26 00:00:00+00:00,117.84,76.8,39.46,180.41,109.38
2017-01-27 00:00:00+00:00,118.09,77.44,39.46,179.82,109.84
2017-01-30 00:00:00+00:00,117.34,77.81,39.64,181.34,109.3
2017-01-31 00:00:00+00:00,117.28,77.28,39.45,187.25,106.33
2017-02-01 00:00:00+00:00,117.21,77.05,39.45,188.14,105.0
2017-02-02 00:00:00+00:00,118.05,76.72,39.44,188.1,105.14
2017-02-03 00:00:00+00:00,120.35,78.6,39.7,191.27,106.58
2017-02-06 00:00:00+00:00,120.53,78.18,39.53,190.28,106.59
2017-02-07 00:00:00+00:00,121.14,78.7,39.51,189.34,106.6
2017-02-08 00:00:00+00:00,121.99,79.07,39.71,187.47,106.72
2017-02-09 00:00:00+00:00,128.13,78.62,39.74,188.33,107.3
2017-02-10 00:00:00+00:00,130.56,78.47,39.67,186.82,107.27
2017-02-13 00:00:00+00:00,130.12,78.22,39.93,189.8,108.28
2017-02-14 00:00:00+00:00,130.32,79.21,39.97,190.07,108.88
2017-02-15 00:00:00+00:00,130.06,78.96,40.4,191.69,109.66
2017-02-16 00:00:00+00:00,129.93,77.67,40.0,191.68,109.3
2017-02-17 00:00:00+00:00,130.14,77.95,40.2,193.08,109.42
2017-02-21 00:00:00+00:00,129.36,78.85,40.51,192.74,110.16
2017-02-22 00:00:00+00:00,129.06,78.7,40.26,195.02,109.44
2017-02-23 00:00:00+00:00,129.22,78.21,40.34,194.85,110.74
2017-02-24 00:00:00+00:00,129.38,78.97,40.08,196.18,111.0
2017-02-27 00:00:00+00:00,130.81,79.9,40.1,194.99,110.57
2017-02-28 00:00:00+00:00,131.11,79.69,39.8,195.23,110.46
2017-03-01 00:00:00+00:00,133.18,79.45,40.65,197.74,112.31
2017-03-02 00:00:00+00:00,132.91,78.27,40.62,191.95,111.33
2017-03-03 00:00:00+00:00,132.8,80.61,40.77,193.85,111.74
2017-03-06 00:00:00+00:00,132.06,80.21,40.67,192.8,111.36
2017-03-07 00:00:00+00:00,131.37,80.89,40.56,192.54,110.96
2017-03-08 00:00:00+00:00,131.81,80.27,40.6,190.97,110.98
2017-03-09 00:00:00+00:00,132.55,79.67,40.27,192.11,110.79
2017-03-10 00:00:00+00:00,133.26,79.14,40.12,191.5,111.21
2017-03-13 00:00:00+00:00,133.38,79.67,40.62,191.68,111.53
2017-03-14 00:00:00+00:00,133.49,79.07,40.48,191.24,110.49
2017-03-15 00:00:00+00:00,135.19,78.73,40.77,191.12,112.02
2017-03-16 00:00:00+00:00,135.04,79.7,40.82,190.78,112.67
2017-03-17 00:00:00+00:00,136.12,80.03,40.35,190.05,112.83
2017-03-20 00:00:00+00:00,135.7,79.38,40.6,189.83,112.41
2017-03-21 00:00:00+00:00,135.1,78.25,40.43,184.43,110.71
2017-03-22 00:00:00+00:00,136.98,79.07,40.16,187.95,111.45
2017-03-23 00:00:00+00:00,135.64,78.94,40.18,187.0,111.6
2017-03-24 00:00:00+00:00,135.93,78.42,40.33,187.7,111.98
2017-03-27 00:00:00+00:00,135.55,78.12,40.12,184.99,111.94
2017-03-28 00:00:00+00:00,136.29,78.75,41.41,185.91,112.47
2017-03-29 00:00:00+00:00,135.68,78.83,41.52,185.11,112.06
2017-03-30 00:00:00+00:00,136.56,80.7,41.63,185.94,112.67
2017-03-31 00:00:00+00:00,136.74,80.68,41.95,187.49,112.47
2017-04-03 00:00:00+00:00,136.1,79.33,41.78,187.15,112.24
2017-04-04 00:00:00+00:00,135.81,78.35,42.0,185.87,112.09
2017-04-05 00:00:00+00:00,136.4,77.75,41.92,180.1,112.07
2017-04-06 00:00:00+00:00,136.07,78.09,42.2,181.54,112.43
2017-04-07 00:00:00+00:00,136.22,77.93,42.18,182.73,112.24
2017-04-10 00:00:00+00:00,135.59,77.5,42.21,183.26,112.32
2017-04-11 00:00:00+00:00,135.74,77.69,42.44,182.94,112.11
2017-04-12 00:00:00+00:00,135.31,77.51,42.44,180.82,111.47
2017-04-13 00:00:00+00:00,134.86,77.54,42.21,178.07,111.22
2017-04-17 00:00:00+00:00,137.03,78.58,42.63,182.7,112.67
2017-04-18 00:00:00+00:00,137.29,79.0,42.78,183.06,112.52
2017-04-19 00:00:00+00:00,136.4,78.95,42.91,182.99,112.29
2017-04-20 00:00:00+00:00,137.31,80.99,43.4,185.3,114.59
2017-04-21 00:00:00+00:00,137.33,80.86,43.25,184.6,114.27
2017-04-24 00:00:00+00:00,139.24,81.39,43.81,185.61,115.7
2017-04-25 00:00:00+00:00,139.47,81.98,43.76,184.67,116.13
2017-04-26 00:00:00+00:00,138.74,81.42,43.65,194.55,116.17
2017-04-27 00:00:00+00:00,136.19,81.97,43.71,195.88,117.1
2017-04-28 00:00:00+00:00,135.31,81.76,43.4,192.52,116.32
2017-05-01 00:00:00+00:00,135.0,81.5,43.66,192.12,116.37
2017-05-02 00:00:00+00:00,136.48,81.72,43.71,189.37,118.12
2017-05-03 00:00:00+00:00,136.08,81.1,43.58,186.84,117.33
2017-05-04 00:00:00+00:00,136.86,86.14,43.85,186.5,117.92
2017-05-05 00:00:00+00:00,138.81,86.07,43.73,187.84,117.5
2017-05-08 00:00:00+00:00,137.23,86.54,43.99,186.01,116.61
2017-05-09 00:00:00+00:00,135.87,87.27,43.5,186.54,116.41
2017-05-10 00:00:00+00:00,135.91,87.79,43.44,188.16,116.65
2017-05-11 00:00:00+00:00,135.65,88.25,43.44,188.33,116.53
2017-05-12 00:00:00+00:00,135.05,87.74,43.2,186.39,117.13
2017-05-15 00:00:00+00:00,136.63,89.44,43.73,188.39,118.21
2017-05-16 00:00:00+00:00,135.68,89.36,43.86,184.72,118.49
2017-05-17 00:00:00+00:00,134.23,88.1,43.24,182.34,116.8
2017-05-18 00:00:00+00:00,135.27,88.77,44.11,182.05,116.24
2017-05-19 00:00:00+00:00,136.37,90.04,44.3,186.4,117.58
2017-05-22 00:00:00+00:00,137.3,91.73,44.7,185.4,119.0
2017-05-23 00:00:00+00:00,136.76,91.21,44.68,188.0,119.6
2017-05-24 00:00:00+00:00,136.39,92.51,44.83,191.68,120.7
2017-05-25 00:00:00+00:00,137.13,92.37,45.9,195.56,121.92
2017-05-26 00:00:00+00:00,136.43,91.85,46.26,194.17,121.63
2017-05-30 00:00:00+00:00,136.71,91.98,46.28,191.21,121.65
2017-05-31 00:00:00+00:00,136.8,91.61,45.85,190.58,122.88
2017-06-01 00:00:00+00:00,137.89,93.31,46.61,191.97,123.4
2017-06-02 00:00:00+00:00,137.61,92.39,47.06,191.6,125.2
2017-06-05 00:00:00+00:00,138.16,91.72,46.8,190.5,125.9
2017-06-06 00:00:00+00:00,137.13,92.24,46.63,187.99,125.24
2017-06-07 00:00:00+00:00,137.38,92.25,46.62,194.75,125.19
2017-06-08 00:00:00+00:00,135.45,91.08,46.48,199.33,124.76
2017-06-09 00:00:00+00:00,135.52,89.1,46.32,201.94,123.04
2017-06-12 00:00:00+00:00,136.83,89.5,46.31,204.34,120.76
2017-06-13 00:00:00+00:00,140.34,90.8,46.6,206.15,122.32
2017-06-14 00:00:00+00:00,141.01,90.4,47.19,206.76,122.5
2017-06-15 00:00:00+00:00,141.62,90.34,47.32,207.34,121.42
2017-06-16 00:00:00+00:00,142.58,89.55,47.53,205.68,121.96
2017-06-19 00:00:00+00:00,141.8,89.75,47.86,207.93,123.09
2017-06-20 00:00:00+00:00,139.56,89.11,46.94,207.44,122.93
2017-06-21 00:00:00+00:00,139.03,89.61,46.77,202.45,123.1
2017-06-22 00:00:00+00:00,138.93,90.48,46.68,201.77,123.3
2017-06-23 00:00:00+00:00,139.39,91.26,46.55,201.39,124.01
2017-06-26 00:00:00+00:00,139.43,90.25,46.4,200.85,123.52
2017-06-27 00:00:00+00:00,138.35,89.86,45.37,197.64,122.74
2017-06-28 00:00:00+00:00,139.51,91.88,45.05,201.76,124.81
2017-06-29 00:00:00+00:00,137.15,90.41,44.19,203.52,121.51
2017-06-30 00:00:00+00:00,137.42,90.32,44.04,201.1,121.45
2017-07-03 00:00:00+00:00,138.01,90.05,44.17,203.39,120.78
2017-07-05 00:00:00+00:00,139.55,89.88,44.34,205.75,121.98
2017-07-06 00:00:00+00:00,137.22,88.41,43.93,193.38,120.8
2017-07-07 00:00:00+00:00,138.37,88.99,44.27,194.04,122.2
2017-07-10 00:00:00+00:00,139.0,88.65,43.72,194.99,122.73
2017-07-11 00:00:00+00:00,138.93,88.31,43.79,193.24,124.23
2017-07-12 00:00:00+00:00,139.8,90.19,44.48,193.75,125.28
2017-07-13 00:00:00+00:00,139.13,90.68,44.5,194.17,125.47
2017-07-14 00:00:00+00:00,139.77,91.86,44.76,190.41,127.01
2017-07-17 00:00:00+00:00,140.06,91.37,45.26,190.45,127.43
2017-07-18 00:00:00+00:00,141.52,91.71,45.39,192.59,127.73
2017-07-19 00:00:00+00:00,142.72,92.8,45.39,194.62,128.04
2017-07-20 00:00:00+00:00,142.99,93.61,45.29,194.68,128.47
2017-07-21 00:00:00+00:00,143.89,93.78,45.65,194.92,129.27
2017-07-24 00:00:00+00:00,144.52,94.8,45.7,196.75,129.52
2017-07-25 00:00:00+00:00,144.8,95.01,45.58,199.48,129.98
2017-07-26 00:00:00+00:00,146.21,95.3,45.93,205.15,130.99
2017-07-27 00:00:00+00:00,142.68,94.62,46.07,205.52,128.93
2017-07-28 00:00:00+00:00,145.09,94.52,46.53,207.84,127.91
2017-07-31 00:00:00+00:00,145.44,94.37,46.65,202.89,127.8
2017-08-01 00:00:00+00:00,145.43,95.51,47.18,204.22,129.49
2017-08-02 00:00:00+00:00,145.49,95.41,46.99,205.57,130.61
2017-08-03 00:00:00+00:00,144.94,95.15,46.66,205.07,129.89
2017-08-04 00:00:00+00:00,145.43,97.72,46.39,206.01,129.82
2017-08-07 00:00:00+00:00,145.47,96.76,45.98,201.89,130.38
2017-08-08 00:00:00+00:00,142.37,96.95,45.34,197.43,129.84
2017-08-09 00:00:00+00:00,142.94,96.02,45.36,199.05,129.72
2017-08-10 00:00:00+00:00,142.06,93.64,45.16,195.41,127.67
2017-08-11 00:00:00+00:00,141.35,93.31,45.65,192.46,128.55
2017-08-14 00:00:00+00:00,142.81,94.48,45.98,193.26,131.09
2017-08-15 00:00:00+00:00,142.88,94.32,46.39,192.49,131.58
2017-08-16 00:00:00+00:00,143.0,94.6,46.99,192.98,132.37
2017-08-17 00:00:00+00:00,140.63,93.67,46.22,192.03,130.88
2017-08-18 00:00:00+00:00,139.89,93.76,45.75,188.71,131.14
2017-08-21 00:00:00+00:00,139.84,94.57,45.87,191.59,131.94
2017-08-22 00:00:00+00:00,142.22,95.85,46.4,193.34,133.8
2017-08-23 00:00:00+00:00,140.98,94.58,46.39,194.09,133.07
2017-08-24 00:00:00+00:00,140.38,94.26,46.56,190.61,132.96
2017-08-25 00:00:00+00:00,140.7,93.35,46.52,190.6,132.75
2017-08-28 00:00:00+00:00,140.62,93.87,46.62,189.92,133.85
2017-08-29 00:00:00+00:00,140.8,93.99,46.4,188.87,133.84
2017-08-30 00:00:00+00:00,141.42,94.52,46.52,191.4,133.8
2017-08-31 00:00:00+00:00,142.47,95.49,46.845,192.95,133.3
2017-09-01 00:00:00+00:00,141.59,95.52,46.77,188.98,133.24
2017-09-05 00:00:00+00:00,141.1,94.85,47.25,187.47,132.66
2017-09-06 00:00:00+00:00,141.39,94.77,47.35,176.58,132.89
2017-09-07 00:00:00+00:00,142.72,95.99,47.24,176.22,136.53
2017-09-08 00:00:00+00:00,123.23,95.09,47.53,178.38,137.22
2017-09-11 00:00:00+00:00,113.12,96.5,47.95,179.81,141.99
2017-09-12 00:00:00+00:00,115.96,98.08,48.3,180.08,142.42
2017-09-13 00:00:00+00:00,98.99,97.38,47.34,180.77,140.1
2017-09-14 00:00:00+00:00,96.66,97.03,47.15,181.21,141.47
2017-09-15 00:00:00+00:00,92.98,97.56,47.4,179.18,141.58
2017-09-18 00:00:00+00:00,94.38,96.99,47.53,180.43,141.4
2017-09-19 00:00:00+00:00,94.87,96.08,47.45,179.98,142.49
2017-09-20 00:00:00+00:00,96.0,95.62,47.92,181.33,142.24
2017-09-21 00:00:00+00:00,98.25,96.34,48.17,179.51,141.72
2017-09-22 00:00:00+00:00,105.04,95.82,48.43,182.5,141.89
2017-09-25 00:00:00+00:00,105.09,94.2,48.29,178.5,138.57
2017-09-26 00:00:00+00:00,106.05,94.35,44.12,176.2,138.37
2017-09-27 00:00:00+00:00,106.44,94.48,43.96,178.85,139.67
2017-09-28 00:00:00+00:00,106.37,93.94,44.13,182.91,140.2
2017-09-29 00:00:00+00:00,105.99,95.03,44.08,184.51,141.2
2017-10-02 00:00:00+00:00,107.81,96.13,44.08,185.79,141.82
2017-10-03 00:00:00+00:00,110.45,96.62,44.01,185.07,143.02
2017-10-04 00:00:00+00:00,111.93,96.42,44.33,184.04,142.09
2017-10-05 00:00:00+00:00,112.97,96.79,44.09,186.64,143.75
2017-10-06 00:00:00+00:00,111.34,96.95,43.98,187.45,143.52
2017-10-09 00:00:00+00:00,112.25,98.15,44.2,189.37,144.55
2017-10-10 00:00:00+00:00,113.54,98.52,44.24,187.65,145.65
2017-10-11 00:00:00+00:00,110.5,99.07,43.97,191.71,146.85
2017-10-12 00:00:00+00:00,108.81,99.06,44.0,190.17,146.74
2017-10-13 00:00:00+00:00,109.5,99.64,43.9,191.28,147.34
2017-10-16 00:00:00+00:00,108.7,99.34,43.81,192.39,146.22
2017-10-17 00:00:00+00:00,108.58,97.68,43.76,191.39,145.93
2017-10-18 00:00:00+00:00,110.62,96.87,43.63,193.48,146.19
2017-10-19 00:00:00+00:00,110.51,96.81,43.52,188.67,144.98
2017-10-20 00:00:00+00:00,109.97,97.17,44.03,190.26,145.38
2017-10-23 00:00:00+00:00,109.36,97.44,43.96,191.24,145.56
2017-10-24 00:00:00+00:00,108.8,97.74,43.54,190.08,145.8
2017-10-25 00:00:00+00:00,107.53,99.56,42.95,179.68,146.29
2017-10-26 00:00:00+00:00,108.95,100.4,42.99,179.43,146.59
2017-10-27 00:00:00+00:00,109.39,101.57,43.32,175.59,148.52
2017-10-30 00:00:00+00:00,109.01,101.88,42.45,173.05,148.95
2017-10-31 00:00:00+00:00,108.53,103.95,42.61,174.0,148.77
2017-11-01 00:00:00+00:00,109.8,102.55,42.7,175.73,148.89
2017-11-02 00:00:00+00:00,108.92,102.81,42.93,176.5,148.25
2017-11-03 00:00:00+00:00,108.7,103.61,43.49,177.0,149.29
2017-11-06 00:00:00+00:00,108.03,104.27,43.61,179.95,150.09
2017-11-07 00:00:00+00:00,107.42,103.9,43.43,178.01,149.97
2017-11-08 00:00:00+00:00,107.2,101.65,43.93,178.75,149.97
2017-11-09 00:00:00+00:00,108.95,99.32,43.2,174.5,149.29
2017-11-10 00:00:00+00:00,108.74,98.85,42.93,173.49,149.54
2017-11-13 00:00:00+00:00,108.79,99.6,42.99,174.52,149.69
2017-11-14 00:00:00+00:00,109.31,101.34,43.89,173.94,149.95
2017-11-15 00:00:00+00:00,110.21,99.39,43.53,177.82,148.33
2017-11-16 00:00:00+00:00,109.58,100.22,43.46,176.25,150.33
2017-11-17 00:00:00+00:00,111.37,100.03,43.62,180.4,149.02
2017-11-20 00:00:00+00:00,110.91,101.08,43.85,183.29,149.56
2017-11-21 00:00:00+00:00,110.71,103.21,43.23,188.41,152.51
2017-11-22 00:00:00+00:00,109.81,102.43,43.43,187.98,151.25
2017-11-24 00:00:00+00:00,109.9,103.47,43.77,188.47,152.74
2017-11-27 00:00:00+00:00,110.5,103.89,43.87,188.56,152.97
2017-11-28 00:00:00+00:00,112.09,103.55,44.62,193.43,154.19
2017-11-29 00:00:00+00:00,112.65,98.96,44.16,196.04,148.35
2017-11-30 00:00:00+00:00,114.12,100.56,44.62,195.27,150.47
2017-12-01 00:00:00+00:00,112.93,100.75,44.71,195.35,149.69
2017-12-04 00:00:00+00:00,113.4,95.96,44.44,197.19,143.43
2017-12-05 00:00:00+00:00,114.39,96.63,44.67,196.09,145.13
2017-12-06 00:00:00+00:00,115.69,97.19,45.34,197.03,147.42
2017-12-07 00:00:00+00:00,116.83,99.19,45.56,195.6,149.45
2017-12-08 00:00:00+00:00,117.4,99.37,45.59,196.0,149.89
2017-12-11 00:00:00+00:00,118.52,100.22,45.13,196.82,150.88
2017-12-12 00:00:00+00:00,118.22,100.14,45.2,197.21,152.5
2017-12-13 00:00:00+00:00,117.4,99.36,44.99,196.25,151.69
2017-12-14 00:00:00+00:00,118.19,99.54,44.88,195.07,151.93
2017-12-15 00:00:00+00:00,119.51,100.83,45.53,193.85,153.4
2017-12-18 00:00:00+00:00,118.33,101.36,45.53,199.36,153.12
2017-12-19 00:00:00+00:00,119.44,102.72,45.07,202.1,151.68
2017-12-20 00:00:00+00:00,118.89,101.72,45.43,202.91,151.45
2017-12-21 00:00:00+00:00,119.57,100.37,45.04,201.72,150.53
2017-12-22 00:00:00+00:00,119.73,100.36,45.05,201.75,150.85
2017-12-26 00:00:00+00:00,118.98,100.73,45.0,201.02,151.28
2017-12-27 00:00:00+00:00,119.78,100.33,45.17,201.0,151.4
2017-12-28 00:00:00+00:00,119.73,100.32,45.29,201.81,151.77
2017-12-29 00:00:00+00:00,117.92,100.24,45.15,201.75,151.36
2018-01-02 00:00:00+00:00,119.54,99.56,45.55,203.63,151.91
2018-01-03 00:00:00+00:00,120.16,101.71,45.21,200.94,153.82
2018-01-04 00:00:00+00:00,121.64,103.65,45.68,206.54,155.81
2018-01-05 00:00:00+00:00,122.83,103.56,45.95,207.23,159.04
2018-01-08 00:00:00+00:00,121.99,104.18,46.68,207.41,159.27
2018-01-09 00:00:00+00:00,122.25,104.81,46.8,204.56,159.5
2018-01-10 00:00:00+00:00,121.18,103.57,46.97,206.38,159.86
2018-01-11 00:00:00+00:00,121.49,104.0,47.46,201.52,160.92
2018-01-12 00:00:00+00:00,122.85,103.26,47.85,203.72,162.33
2018-01-16 00:00:00+00:00,122.16,104.6,47.99,206.46,162.29
2018-01-17 00:00:00+00:00,123.22,105.8,47.87,207.37,164.32
2018-01-18 00:00:00+00:00,122.84,106.18,47.65,207.86,165.48
2018-01-19 00:00:00+00:00,124.53,108.01,48.87,208.39,166.83
2018-01-22 00:00:00+00:00,125.0,109.1,48.37,201.26,168.28
2018-01-23 00:00:00+00:00,124.99,109.89,48.51,195.98,167.19
2018-01-24 00:00:00+00:00,125.73,112.17,48.68,195.74,167.01
2018-01-25 00:00:00+00:00,126.75,112.2,48.45,193.58,168.59
2018-01-26 00:00:00+00:00,127.49,113.26,48.24,193.49,170.34
2018-01-29 00:00:00+00:00,124.77,112.42,47.55,190.79,168.55
2018-01-30 00:00:00+00:00,123.08,111.38,47.78,191.85,167.19
2018-01-31 00:00:00+00:00,124.93,111.78,47.73,196.21,169.0
2018-02-01 00:00:00+00:00,124.15,111.59,47.6,195.6,172.93
2018-02-02 00:00:00+00:00,121.49,108.72,47.02,196.29,170.55
2018-02-05 00:00:00+00:00,118.4,104.98,45.15,197.13,164.59
2018-02-06 00:00:00+00:00,118.41,106.01,45.79,195.26,169.28
2018-02-07 00:00:00+00:00,117.6,106.32,45.17,195.01,168.73
2018-02-08 00:00:00+00:00,114.0,100.59,43.73,189.02,160.62
2018-02-09 00:00:00+00:00,112.2,103.93,44.31,189.16,165.2
2018-02-12 00:00:00+00:00,114.4,106.4,45.21,191.5,168.19
2018-02-13 00:00:00+00:00,114.55,106.85,45.3,193.3,170.12
2018-02-14 00:00:00+00:00,114.05,107.58,46.1,197.6,172.52
2018-02-15 00:00:00+00:00,117.17,112.35,46.54,198.9,174.69
2018-02-16 00:00:00+00:00,117.46,114.35,46.77,201.4,175.65
2018-02-20 00:00:00+00:00,115.55,114.73,46.6,200.12,175.35
2018-02-21 00:00:00+00:00,113.83,112.24,46.45,201.99,172.32
2018-02-22 00:00:00+00:00,115.21,112.02,46.82,199.4,172.95
2018-02-23 00:00:00+00:00,115.4,114.46,47.43,197.68,175.76
2018-02-26 00:00:00+00:00,115.04,114.7,47.6,199.67,177.87
2018-02-27 00:00:00+00:00,114.19,114.2,47.01,201.01,175.93
2018-02-28 00:00:00+00:00,113.0,113.39,47.05,202.4,175.76
2018-03-01 00:00:00+00:00,111.5,111.45,46.06,205.6,173.49
2018-03-02 00:00:00+00:00,117.23,113.45,46.16,202.88,175.02
2018-03-05 00:00:00+00:00,121.35,113.73,47.41,209.2,178.53
2018-03-06 00:00:00+00:00,121.39,114.18,47.51,211.47,177.53
2018-03-07 00:00:00+00:00,121.12,114.31,47.48,212.48,179.21
2018-03-08 00:00:00+00:00,120.96,114.53,48.09,216.73,179.25
2018-03-09 00:00:00+00:00,124.92,117.22,49.06,218.88,183.24
2018-03-12 00:00:00+00:00,124.87,117.83,49.11,223.15,182.54
2018-03-13 00:00:00+00:00,123.74,117.25,48.97,223.97,181.01
2018-03-14 00:00:00+00:00,123.19,117.88,48.84,223.57,180.12
2018-03-15 00:00:00+00:00,123.65,118.21,48.91,224.09,180.95
2018-03-16 00:00:00+00:00,123.46,118.01,48.78,224.59,182.55
2018-03-19 00:00:00+00:00,122.26,116.55,48.7,222.75,180.58
2018-03-20 00:00:00+00:00,123.09,117.7,49.1,224.22,182.51
2018-03-21 00:00:00+00:00,121.07,116.53,48.79,223.37,180.75
2018-03-22 00:00:00+00:00,117.63,113.51,47.77,221.24,175.52
2018-03-23 00:00:00+00:00,115.85,111.18,46.87,219.54,171.83
2018-03-26 00:00:00+00:00,117.97,114.41,48.03,221.71,177.17
2018-03-27 00:00:00+00:00,116.42,111.12,48.6,217.28,172.52
2018-03-28 00:00:00+00:00,119.04,110.08,47.95,212.98,170.35
2018-03-29 00:00:00+00:00,117.81,111.52,48.24,217.44,175.16
2018-04-02 00:00:00+00:00,114.95,109.19,47.52,212.27,171.6
2018-04-03 00:00:00+00:00,118.38,109.65,47.83,213.41,172.47
2018-04-04 00:00:00+00:00,119.08,110.42,48.23,212.24,173.69
2018-04-05 00:00:00+00:00,119.62,111.37,48.71,208.44,175.8
2018-04-06 00:00:00+00:00,117.58,108.77,48.07,206.68,169.7
2018-04-09 00:00:00+00:00,116.85,108.48,48.0,207.81,170.34
2018-04-10 00:00:00+00:00,117.98,110.69,48.48,206.38,174.72
2018-04-11 00:00:00+00:00,117.31,108.7,48.35,205.85,172.36
2018-04-12 00:00:00+00:00,116.91,109.56,48.71,203.48,174.8
2018-04-13 00:00:00+00:00,116.0,109.93,48.52,202.07,174.27
2018-04-16 00:00:00+00:00,116.66,110.44,48.79,204.4,173.87
2018-04-17 00:00:00+00:00,118.9,111.91,49.1,205.99,178.34
2018-04-18 00:00:00+00:00,118.4,112.56,49.39,203.09,179.46
2018-04-19 00:00:00+00:00,118.78,112.34,49.5,202.67,179.01
2018-04-20 00:00:00+00:00,118.88,111.28,49.27,202.5,177.08
2018-04-23 00:00:00+00:00,119.62,110.25,49.05,202.06,175.43
2018-04-24 00:00:00+00:00,119.13,109.65,49.11,200.88,173.24
2018-04-25 00:00:00+00:00,119.84,109.53,48.77,199.29,172.47
2018-04-26 00:00:00+00:00,115.97,112.16,49.0,199.48,178.16
2018-04-27 00:00:00+00:00,114.28,111.1,49.26,199.26,175.94
2018-04-30 00:00:00+00:00,112.05,113.05,49.13,198.63,178.27
2018-05-01 00:00:00+00:00,113.03,113.33,49.41,201.52,180.25
2018-05-02 00:00:00+00:00,112.71,112.57,49.24,202.02,185.82
2018-05-03 00:00:00+00:00,112.5,113.35,48.6,199.0,186.48
2018-05-04 00:00:00+00:00,112.46,112.85,49.37,201.74,188.17
2018-05-07 00:00:00+00:00,113.0,113.65,50.16,204.02,189.1
2018-05-08 00:00:00+00:00,111.26,113.96,50.55,203.3,190.53
2018-05-09 00:00:00+00:00,113.86,114.6,51.19,205.75,190.63
2018-05-10 00:00:00+00:00,114.82,116.0,51.81,204.61,193.05
2018-05-11 00:00:00+00:00,114.72,116.13,52.24,205.73,193.35
2018-05-14 00:00:00+00:00,113.49,114.9,51.93,199.63,192.12
2018-05-15 00:00:00+00:00,114.02,114.5,51.72,201.32,192.0
2018-05-16 00:00:00+00:00,114.47,115.17,51.63,202.24,192.38
2018-05-17 00:00:00+00:00,114.67,113.84,51.33,202.82,191.2
2018-05-18 00:00:00+00:00,114.71,113.76,51.43,204.72,190.4
2018-05-21 00:00:00+00:00,116.49,113.68,51.6,210.59,191.2
2018-05-22 00:00:00+00:00,115.64,111.92,51.27,210.31,191.62
2018-05-23 00:00:00+00:00,115.75,112.05,50.77,210.01,192.99
2018-05-24 00:00:00+00:00,114.66,112.88,50.7,211.83,191.91
2018-05-25 00:00:00+00:00,115.21,111.71,49.95,210.55,191.17
2018-05-29 00:00:00+00:00,113.91,109.34,49.38,210.94,189.53
2018-05-30 00:00:00+00:00,114.52,111.52,49.41,216.15,191.76
2018-05-31 00:00:00+00:00,113.96,111.16,49.28,213.65,190.12
2018-06-01 00:00:00+00:00,114.29,113.4,49.72,216.85,195.37
2018-06-04 00:00:00+00:00,116.79,115.37,49.96,217.95,197.73
2018-06-05 00:00:00+00:00,117.52,115.07,50.58,208.7,199.36
2018-06-06 00:00:00+00:00,124.72,117.97,51.49,211.27,203.21
2018-06-07 00:00:00+00:00,126.49,116.97,51.16,212.45,199.54
2018-06-08 00:00:00+00:00,127.82,117.08,51.14,214.89,200.04
2018-06-11 00:00:00+00:00,124.44,116.83,50.69,218.14,198.49
2018-06-12 00:00:00+00:00,124.65,118.46,50.6,215.47,200.13
2018-06-13 00:00:00+00:00,125.08,118.48,50.28,216.72,199.41
2018-06-14 00:00:00+00:00,125.34,117.75,50.76,217.31,199.31
2018-06-15 00:00:00+00:00,124.01,117.5,50.81,215.11,199.53
2018-06-18 00:00:00+00:00,124.79,117.15,50.67,213.87,201.13
2018-06-19 00:00:00+00:00,126.02,116.18,50.67,214.33,199.69
2018-06-20 00:00:00+00:00,128.03,116.9,51.23,213.04,201.54
2018-06-21 00:00:00+00:00,127.22,114.7,50.78,211.69,200.78
2018-06-22 00:00:00+00:00,126.6,114.4,51.25,211.0,201.48
2018-06-25 00:00:00+00:00,124.58,110.83,50.12,205.42,194.98
2018-06-26 00:00:00+00:00,124.46,110.52,52.5,202.71,196.46
2018-06-27 00:00:00+00:00,122.99,108.78,51.28,200.31,193.18
2018-06-28 00:00:00+00:00,126.16,109.99,52.01,202.65,197.1
2018-06-29 00:00:00+00:00,125.11,111.49,51.59,197.86,196.52
2018-07-02 00:00:00+00:00,124.23,112.41,51.84,200.72,197.67
2018-07-03 00:00:00+00:00,124.13,111.1,51.79,199.6,196.29
2018-07-05 00:00:00+00:00,126.17,112.09,52.61,199.79,198.87
2018-07-06 00:00:00+00:00,127.24,112.75,52.65,202.55,199.52
2018-07-09 00:00:00+00:00,128.53,112.98,52.48,202.8,200.93
2018-07-10 00:00:00+00:00,128.63,113.6,52.45,201.63,201.52
2018-07-11 00:00:00+00:00,128.66,116.41,52.81,204.11,203.84
2018-07-12 00:00:00+00:00,128.55,117.68,52.97,206.59,207.78
2018-07-13 00:00:00+00:00,126.99,117.95,52.27,205.86,205.91
2018-07-16 00:00:00+00:00,126.64,117.0,52.11,205.98,204.08
2018-07-17 00:00:00+00:00,125.88,117.94,52.84,207.59,206.37
2018-07-18 00:00:00+00:00,126.2,118.3,53.05,209.76,208.36
2018-07-19 00:00:00+00:00,125.86,117.08,52.69,208.91,206.06
2018-07-20 00:00:00+00:00,126.51,117.12,52.73,210.22,206.71
2018-07-23 00:00:00+00:00,127.08,117.81,53.35,210.51,207.84
2018-07-24 00:00:00+00:00,127.19,115.41,53.4,209.6,209.58
2018-07-25 00:00:00+00:00,127.7,117.83,54.14,202.91,214.16
2018-07-26 00:00:00+00:00,123.25,117.68,54.15,200.37,207.37
2018-07-27 00:00:00+00:00,123.49,115.25,53.36,198.6,202.94
2018-07-30 00:00:00+00:00,125.55,112.26,52.9,192.21,197.87
2018-07-31 00:00:00+00:00,125.5,112.57,53.03,193.77,198.0
2018-08-01 00:00:00+00:00,125.22,111.9,53.45,193.53,201.2
2018-08-02 00:00:00+00:00,125.78,119.18,53.35,190.81,202.01
2018-08-03 00:00:00+00:00,127.76,118.77,52.95,189.64,201.2
2018-08-06 00:00:00+00:00,128.05,118.44,53.54,189.68,201.54
2018-08-07 00:00:00+00:00,127.57,118.06,53.84,189.44,202.62
2018-08-08 00:00:00+00:00,127.48,116.17,53.86,186.23,202.86
2018-08-09 00:00:00+00:00,128.4,116.61,54.19,185.98,203.6
2018-08-10 00:00:00+00:00,128.36,116.14,53.79,186.47,202.65
2018-08-13 00:00:00+00:00,128.84,116.94,53.94,185.96,202.31
2018-08-14 00:00:00+00:00,129.52,118.35,54.18,186.44,203.88
2018-08-15 00:00:00+00:00,129.03,116.92,53.55,187.24,200.24
2018-08-16 00:00:00+00:00,129.76,118.02,53.8,187.97,203.6
2018-08-17 00:00:00+00:00,133.09,118.67,53.76,189.08,203.21
2018-08-20 00:00:00+00:00,132.85,119.29,54.03,190.02,204.75
2018-08-21 00:00:00+00:00,134.28,119.03,54.01,190.67,203.09
2018-08-22 00:00:00+00:00,134.29,120.34,53.74,190.74,204.31
2018-08-23 00:00:00+00:00,135.2,120.38,53.7,189.18,205.22
2018-08-24 00:00:00+00:00,132.57,122.15,53.67,187.38,209.4
2018-08-27 00:00:00+00:00,132.3,123.23,54.35,187.22,211.53
2018-08-28 00:00:00+00:00,132.6,124.37,54.37,188.52,212.63
2018-08-29 00:00:00+00:00,133.89,125.01,54.9,190.04,214.57
2018-08-30 00:00:00+00:00,133.38,123.67,54.79,189.98,213.8
2018-08-31 00:00:00+00:00,133.97,124.58,55.0,189.82,215.56
2018-09-04 00:00:00+00:00,134.62,125.51,55.7,194.38,216.82
2018-09-05 00:00:00+00:00,134.54,123.69,55.03,191.19,211.16
2018-09-06 00:00:00+00:00,135.76,124.28,54.82,184.17,212.77
2018-09-07 00:00:00+00:00,135.91,123.73,54.66,186.96,211.09
2018-09-10 00:00:00+00:00,134.56,125.58,54.97,182.99,211.67
2018-09-11 00:00:00+00:00,134.84,126.81,55.01,184.37,213.45
2018-09-12 00:00:00+00:00,135.65,127.95,55.05,184.09,214.03
2018-09-13 00:00:00+00:00,135.9,128.33,55.45,183.3,217.22
2018-09-14 00:00:00+00:00,136.68,128.59,55.14,183.45,217.96
2018-09-17 00:00:00+00:00,135.94,126.97,54.44,179.79,216.47
2018-09-18 00:00:00+00:00,138.06,128.55,55.11,181.64,220.05
2018-09-19 00:00:00+00:00,134.32,126.82,54.34,182.62,218.19
2018-09-20 00:00:00+00:00,133.53,127.15,54.94,183.24,221.39
2018-09-21 00:00:00+00:00,133.41,127.19,55.21,181.86,221.9
2018-09-24 00:00:00+00:00,131.89,127.29,54.28,184.18,221.35
2018-09-25 00:00:00+00:00,131.74,127.86,53.9,181.62,222.12
2018-09-26 00:00:00+00:00,130.86,127.11,53.38,179.19,222.26
2018-09-27 00:00:00+00:00,130.39,126.71,53.4,178.17,222.31
2018-09-28 00:00:00+00:00,130.57,127.4,53.96,178.49,222.61
2018-10-01 00:00:00+00:00,130.79,126.52,54.08,173.89,223.77
2018-10-02 00:00:00+00:00,132.39,125.71,54.07,178.1,222.37
2018-10-03 00:00:00+00:00,131.79,125.49,54.5,183.14,223.13
2018-10-04 00:00:00+00:00,128.26,122.09,53.68,191.53,216.15
2018-10-05 00:00:00+00:00,129.22,121.8,53.7,189.54,213.26
2018-10-08 00:00:00+00:00,127.5,117.86,52.85,186.06,208.26
2018-10-09 00:00:00+00:00,127.3,117.63,53.12,188.69,209.76
2018-10-10 00:00:00+00:00,122.29,113.11,51.14,186.81,196.69
2018-10-11 00:00:00+00:00,118.52,112.78,50.48,185.2,194.51
2018-10-12 00:00:00+00:00,123.05,117.36,51.84,187.5,204.22
2018-10-15 00:00:00+00:00,123.1,115.45,51.43,189.73,200.32
2018-10-16 00:00:00+00:00,124.46,119.89,52.5,193.6,207.78
2018-10-17 00:00:00+00:00,124.27,119.89,52.57,196.07,207.38
2018-10-18 00:00:00+00:00,123.35,117.94,52.49,194.72,203.62
2018-10-19 00:00:00+00:00,123.56,116.5,52.05,197.43,203.06
2018-10-22 00:00:00+00:00,122.95,116.83,51.84,196.34,204.5
2018-10-23 00:00:00+00:00,119.04,114.94,51.2,192.87,202.43
2018-10-24 00:00:00+00:00,115.36,110.39,50.0,208.93,195.69
2018-10-25 00:00:00+00:00,98.31,114.14,50.89,210.65,204.2
2018-10-26 00:00:00+00:00,97.19,112.04,50.74,207.76,197.49
2018-10-29 00:00:00+00:00,96.62,108.84,50.42,209.04,191.04
2018-10-30 00:00:00+00:00,99.03,110.66,51.43,217.26,187.73
2018-10-31 00:00:00+00:00,101.44,114.23,52.53,209.67,197.67
2018-11-01 00:00:00+00:00,104.74,114.77,52.47,208.59,199.71
2018-11-02 00:00:00+00:00,103.86,114.57,52.2,213.79,197.72
2018-11-05 00:00:00+00:00,103.92,111.59,51.9,207.09,197.98
2018-11-06 00:00:00+00:00,103.56,112.13,52.29,207.26,199.15
2018-11-07 00:00:00+00:00,103.87,115.04,53.09,208.08,208.24
2018-11-08 00:00:00+00:00,101.99,113.71,53.78,206.22,208.86
2018-11-09 00:00:00+00:00,102.12,112.17,52.91,208.48,205.62
2018-11-12 00:00:00+00:00,100.38,109.26,51.34,207.4,199.14
2018-11-13 00:00:00+00:00,100.38,108.56,51.02,207.79,198.17
2018-11-14 00:00:00+00:00,97.73,107.3,50.92,210.09,197.58
2018-11-15 00:00:00+00:00,99.63,109.42,52.18,210.03,200.71
2018-11-16 00:00:00+00:00,100.92,109.69,52.45,213.47,199.04
2018-11-19 00:00:00+00:00,101.52,104.38,50.6,214.65,189.28
2018-11-20 00:00:00+00:00,100.89,103.14,49.76,217.03,187.06
2018-11-21 00:00:00+00:00,101.0,103.87,50.37,214.89,187.66
2018-11-23 00:00:00+00:00,101.06,103.13,49.83,213.5,182.6
2018-11-26 00:00:00+00:00,102.26,106.43,50.87,215.11,191.85
2018-11-27 00:00:00+00:00,103.0,106.05,50.97,217.83,192.98
2018-11-28 00:00:00+00:00,105.76,111.06,52.84,216.0,202.28
2018-11-29 00:00:00+00:00,102.8,110.75,52.8,215.05,196.66
2018-11-30 00:00:00+00:00,102.67,111.81,53.37,217.73,201.07
2018-12-03 00:00:00+00:00,102.98,112.82,54.2,219.29,209.86
2018-12-04 00:00:00+00:00,99.28,106.99,52.51,221.99,200.49
2018-12-06 00:00:00+00:00,100.32,106.32,51.79,221.91,202.99
2018-12-07 00:00:00+00:00,99.36,103.84,50.89,224.73,196.5
2018-12-10 00:00:00+00:00,98.44,103.79,50.79,226.4,198.06
2018-12-11 00:00:00+00:00,97.04,103.0,50.56,228.69,197.74
2018-12-12 00:00:00+00:00,98.05,104.36,50.27,228.27,200.29
2018-12-13 00:00:00+00:00,97.12,103.77,49.54,229.34,198.96
2018-12-14 00:00:00+00:00,97.18,101.6,48.83,226.5,195.33
2018-12-17 00:00:00+00:00,97.24,99.63,48.55,219.36,190.45
2018-12-18 00:00:00+00:00,95.12,101.14,49.51,213.37,191.61
2018-12-19 00:00:00+00:00,94.23,101.34,48.43,213.05,187.12
2018-12-20 00:00:00+00:00,91.28,98.86,47.7,209.38,182.71
2018-12-21 00:00:00+00:00,91.0,96.27,46.39,204.85,175.19
2018-12-24 00:00:00+00:00,90.0,95.37,44.93,199.33,174.65
2018-12-26 00:00:00+00:00,92.7,101.44,47.22,204.47,186.43
2018-12-27 00:00:00+00:00,94.13,102.73,47.71,205.85,188.69
2018-12-28 00:00:00+00:00,92.86,102.54,47.32,207.55,186.16
2018-12-31 00:00:00+00:00,93.13,103.13,47.97,211.31,188.65
2019-01-02 00:00:00+00:00,93.04,102.03,47.42,209.21,189.74
2019-01-03 00:00:00+00:00,91.34,98.72,46.6,207.76,181.18
2019-01-04 00:00:00+00:00,94.25,102.75,48.8,214.3,189.76
2019-01-07 00:00:00+00:00,93.68,104.9,49.33,216.86,191.22
2019-01-08 00:00:00+00:00,94.39,107.67,49.76,216.69,192.28
2019-01-09 00:00:00+00:00,96.0,109.25,49.61,213.14,195.77
2019-01-10 00:00:00+00:00,96.66,110.25,49.89,212.67,196.95
2019-01-11 00:00:00+00:00,96.65,110.79,49.78,212.59,195.9
2019-01-14 00:00:00+00:00,96.17,110.04,49.65,207.58,195.43
2019-01-15 00:00:00+00:00,97.41,112.01,50.77,210.88,196.52
2019-01-16 00:00:00+00:00,98.41,112.91,51.11,216.25,197.77
2019-01-17 00:00:00+00:00,101.05,113.43,51.4,215.99,199.31
2019-01-18 00:00:00+00:00,104.24,114.59,51.61,219.18,202.0
2019-01-22 00:00:00+00:00,103.62,112.69,51.5,218.3,199.46
2019-01-23 00:00:00+00:00,104.02,111.28,51.25,219.81,198.35
2019-01-24 00:00:00+00:00,103.82,112.23,51.01,218.75,199.79
2019-01-25 00:00:00+00:00,105.63,113.23,51.52,219.45,202.94
2019-01-28 00:00:00+00:00,105.21,111.65,50.78,218.3,200.16
2019-01-29 00:00:00+00:00,104.91,110.7,50.6,213.5,199.24
2019-01-30 00:00:00+00:00,105.9,113.68,51.43,210.22,204.02
2019-01-31 00:00:00+00:00,107.02,112.28,51.92,214.77,211.13
2019-02-01 00:00:00+00:00,107.94,113.76,51.77,213.62,213.77
2019-02-04 00:00:00+00:00,107.77,115.12,52.23,216.43,214.91
2019-02-05 00:00:00+00:00,107.78,115.3,52.21,218.64,215.86
2019-02-06 00:00:00+00:00,107.07,114.32,52.28,218.84,215.3
2019-02-07 00:00:00+00:00,106.6,113.0,52.21,220.51,213.97
2019-02-08 00:00:00+00:00,106.88,114.9,52.41,220.67,216.58
2019-02-11 00:00:00+00:00,107.25,116.02,52.61,223.56,217.1
2019-02-12 00:00:00+00:00,108.42,117.42,53.11,225.41,218.91
2019-02-13 00:00:00+00:00,108.5,122.75,53.35,228.23,220.54
2019-02-14 00:00:00+00:00,108.93,121.55,52.99,226.76,219.81
2019-02-15 00:00:00+00:00,109.31,123.3,53.42,229.51,222.11
2019-02-19 00:00:00+00:00,109.32,124.37,53.13,232.54,220.59
2019-02-20 00:00:00+00:00,108.13,125.94,53.04,233.57,221.11
2019-02-21 00:00:00+00:00,110.49,126.62,53.08,235.16,219.31
2019-02-22 00:00:00+00:00,110.76,127.73,53.11,238.97,223.32
2019-02-25 00:00:00+00:00,110.39,128.22,52.99,241.39,223.32
2019-02-26 00:00:00+00:00,110.95,128.4,53.02,240.45,224.0
2019-02-27 00:00:00+00:00,108.74,129.28,53.05,244.5,224.57
2019-02-28 00:00:00+00:00,109.51,130.38,53.17,243.88,224.77
2019-03-01 00:00:00+00:00,110.46,131.49,53.98,243.09,227.25
2019-03-04 00:00:00+00:00,110.22,130.54,53.57,237.56,226.29
2019-03-05 00:00:00+00:00,109.91,129.94,53.43,233.92,226.22
2019-03-06 00:00:00+00:00,109.38,129.55,53.04,230.52,224.47
2019-03-07 00:00:00+00:00,108.71,129.87,52.9,225.44,222.41
2019-03-08 00:00:00+00:00,108.53,130.32,52.54,225.67,221.87
2019-03-11 00:00:00+00:00,110.04,131.89,53.62,227.16,225.64
2019-03-12 00:00:00+00:00,111.09,131.89,54.09,229.78,226.94
2019-03-13 00:00:00+00:00,111.57,133.0,54.39,230.47,228.5
2019-03-14 00:00:00+00:00,110.32,132.35,54.13,231.81,229.51
2019-03-15 00:00:00+00:00,111.02,134.12,54.52,233.44,231.17
2019-03-18 00:00:00+00:00,112.71,134.04,55.29,237.64,230.39
2019-03-19 00:00:00+00:00,113.43,134.35,55.25,235.62,231.01
2019-03-20 00:00:00+00:00,112.45,133.36,54.82,237.22,229.89
2019-03-21 00:00:00+00:00,115.0,136.15,55.46,240.16,235.87
2019-03-22 00:00:00+00:00,112.88,134.0,54.54,238.34,230.76
2019-03-25 00:00:00+00:00,112.37,132.9,54.34,239.12,230.42
2019-03-26 00:00:00+00:00,113.36,134.69,53.27,243.68,233.29
2019-03-27 00:00:00+00:00,114.92,133.99,52.6,245.08,232.52
2019-03-28 00:00:00+00:00,116.78,135.15,53.81,246.52,234.86
2019-03-29 00:00:00+00:00,118.5,136.52,54.38,246.08,235.45
2019-04-01 00:00:00+00:00,119.52,138.66,54.66,246.72,239.05
2019-04-02 00:00:00+00:00,120.23,138.8,54.73,248.69,239.26
2019-04-03 00:00:00+00:00,122.34,137.8,54.94,246.68,238.93
2019-04-04 00:00:00+00:00,123.11,135.69,54.96,248.41,236.06
2019-04-05 00:00:00+00:00,123.78,136.9,54.77,253.89,236.63
2019-04-08 00:00:00+00:00,123.27,136.63,54.89,258.14,236.27
2019-04-09 00:00:00+00:00,122.52,136.68,54.87,258.99,235.91
2019-04-10 00:00:00+00:00,123.12,137.05,54.97,258.46,237.06
2019-04-11 00:00:00+00:00,124.48,137.07,55.01,257.22,236.04
2019-04-12 00:00:00+00:00,125.06,139.14,55.08,259.85,238.83
2019-04-15 00:00:00+00:00,126.17,138.31,55.13,261.74,239.15
2019-04-16 00:00:00+00:00,126.27,138.82,55.17,262.92,240.09
2019-04-17 00:00:00+00:00,125.46,138.64,54.61,262.23,241.0
2019-04-18 00:00:00+00:00,125.7,139.67,55.01,263.92,240.89
2019-04-22 00:00:00+00:00,124.82,140.58,55.66,262.13,243.05
2019-04-23 00:00:00+00:00,125.14,143.71,56.29,262.5,243.49
2019-04-24 00:00:00+00:00,125.42,142.89,56.08,264.38,245.29
2019-04-25 00:00:00+00:00,124.52,143.43,56.3,265.46,245.61
2019-04-26 00:00:00+00:00,125.26,144.89,56.57,269.68,246.68
2019-04-29 00:00:00+00:00,126.16,145.38,56.9,276.3,247.13
2019-04-30 00:00:00+00:00,125.95,146.07,57.26,278.33,254.24
2019-05-01 00:00:00+00:00,124.47,144.08,56.48,282.04,248.75
2019-05-02 00:00:00+00:00,123.3,144.33,56.56,282.91,247.19
2019-05-03 00:00:00+00:00,124.17,145.9,57.0,286.05,247.95
2019-05-06 00:00:00+00:00,123.89,147.32,56.98,290.44,248.64
2019-05-07 00:00:00+00:00,121.23,144.2,56.08,279.87,245.06
2019-05-08 00:00:00+00:00,120.0,145.09,56.15,280.82,245.33
2019-05-09 00:00:00+00:00,119.04,146.07,55.72,278.0,245.31
2019-05-10 00:00:00+00:00,119.4,146.89,56.2,280.95,247.43
2019-05-13 00:00:00+00:00,116.43,143.6,54.64,281.65,241.38
2019-05-14 00:00:00+00:00,118.69,146.79,56.14,287.39,245.94
2019-05-15 00:00:00+00:00,118.72,148.22,56.62,287.0,249.15
2019-05-16 00:00:00+00:00,121.55,151.4,57.69,289.43,253.42
2019-05-17 00:00:00+00:00,121.12,149.81,57.4,292.17,252.55
2019-05-20 00:00:00+00:00,121.28,148.54,57.5,293.59,253.49
2019-05-21 00:00:00+00:00,122.78,150.49,58.43,292.04,255.36
2019-05-22 00:00:00+00:00,123.84,150.62,58.72,292.49,256.9
2019-05-23 00:00:00+00:00,121.06,147.96,57.76,291.62,249.73
2019-05-24 00:00:00+00:00,121.72,153.44,58.38,288.32,251.48
2019-05-28 00:00:00+00:00,123.4,148.87,57.82,281.07,253.43
2019-05-29 00:00:00+00:00,122.34,147.67,57.52,281.32,253.56
2019-05-30 00:00:00+00:00,123.15,152.93,57.82,283.96,254.19
2019-05-31 00:00:00+00:00,120.9,154.04,57.39,297.82,251.49
2019-06-03 00:00:00+00:00,120.53,148.87,57.66,294.22,242.26
2019-06-04 00:00:00+00:00,124.19,153.18,58.22,299.12,249.18
2019-06-05 00:00:00+00:00,128.0,157.08,59.04,316.8,256.26
2019-06-06 00:00:00+00:00,129.1,157.8,59.22,326.86,257.83
2019-06-07 00:00:00+00:00,130.17,160.91,59.6,334.61,265.8
2019-06-10 00:00:00+00:00,130.21,160.45,60.75,339.9,266.1
2019-06-11 00:00:00+00:00,128.65,158.94,59.64,333.99,263.66
2019-06-12 00:00:00+00:00,130.99,158.7,59.45,325.28,263.85
2019-06-13 00:00:00+00:00,132.63,158.17,59.26,317.67,261.2
2019-06-14 00:00:00+00:00,132.04,158.81,59.32,320.05,260.1
2019-06-17 00:00:00+00:00,132.6,159.82,59.36,318.5,259.2
2019-06-18 00:00:00+00:00,132.76,158.79,59.08,318.55,258.81
2019-06-19 00:00:00+00:00,133.87,160.9,59.55,331.39,259.87
2019-06-20 00:00:00+00:00,134.98,161.76,59.89,331.36,266.79
2019-06-21 00:00:00+00:00,134.07,161.04,59.88,333.08,264.47
2019-06-24 00:00:00+00:00,133.16,160.18,59.56,333.02,265.3
2019-06-25 00:00:00+00:00,130.98,157.82,59.26,319.04,259.73
2019-06-26 00:00:00+00:00,131.1,158.64,62.37,312.67,261.3
2019-06-27 00:00:00+00:00,132.43,159.73,63.1,316.34,261.1
2019-06-28 00:00:00+00:00,135.24,160.13,63.72,321.42,264.53
2019-07-01 00:00:00+00:00,135.83,162.65,64.61,322.58,266.77
2019-07-02 00:00:00+00:00,136.11,162.03,64.66,330.89,270.57
2019-07-03 00:00:00+00:00,138.61,162.99,65.12,338.5,273.08
2019-07-05 00:00:00+00:00,138.06,162.49,64.62,341.9,272.14
2019-07-08 00:00:00+00:00,136.2,163.0,64.58,341.5,271.23
2019-07-09 00:00:00+00:00,137.19,164.78,64.81,342.9,273.34
2019-07-10 00:00:00+00:00,135.25,163.88,64.84,349.4,275.38
2019-07-11 00:00:00+00:00,136.67,164.13,65.4,354.53,278.32
2019-07-12 00:00:00+00:00,137.66,164.22,65.57,358.28,279.54
2019-07-15 00:00:00+00:00,137.21,165.94,65.58,360.79,279.37
2019-07-16 00:00:00+00:00,137.42,164.73,65.56,363.11,276.62
2019-07-17 00:00:00+00:00,137.99,165.1,65.37,368.03,275.28
2019-07-18 00:00:00+00:00,139.24,167.32,65.53,372.8,276.78
2019-07-19 00:00:00+00:00,137.3,164.73,65.05,367.03,275.6
2019-07-22 00:00:00+00:00,137.84,163.21,65.25,370.48,278.61
2019-07-23 00:00:00+00:00,140.49,164.69,65.25,367.81,278.97
2019-07-24 00:00:00+00:00,142.25,161.89,64.81,334.25,280.25
2019-07-25 00:00:00+00:00,137.59,165.33,64.69,344.0,279.35
2019-07-26 00:00:00+00:00,142.34,169.64,65.46,347.94,282.07
2019-07-29 00:00:00+00:00,142.72,171.45,65.39,336.9,281.44
2019-07-30 00:00:00+00:00,141.4,167.36,65.23,336.05,278.16
2019-07-31 00:00:00+00:00,139.09,167.92,64.42,337.04,272.27
2019-08-01 00:00:00+00:00,138.2,164.9,64.04,340.3,274.16
2019-08-02 00:00:00+00:00,138.07,161.48,63.83,340.63,269.45
2019-08-05 00:00:00+00:00,134.68,153.58,62.24,341.47,256.84
2019-08-06 00:00:00+00:00,137.41,154.41,63.12,344.84,264.68
2019-08-07 00:00:00+00:00,140.25,157.87,63.04,348.92,269.31
2019-08-08 00:00:00+00:00,144.01,160.38,64.39,352.36,278.04
2019-08-09 00:00:00+00:00,141.7,160.07,64.41,362.15,274.95
2019-08-12 00:00:00+00:00,139.86,156.01,63.52,363.26,270.0
2019-08-13 00:00:00+00:00,142.76,158.79,64.84,367.02,274.53
2019-08-14 00:00:00+00:00,139.94,153.95,63.21,356.66,267.15
2019-08-15 00:00:00+00:00,141.29,156.33,63.65,365.12,271.89
2019-08-16 00:00:00+00:00,143.74,157.75,64.83,366.21,274.36
2019-08-19 00:00:00+00:00,144.0,159.48,65.4,368.91,278.07
2019-08-20 00:00:00+00:00,142.75,161.16,65.14,375.33,277.04
2019-08-21 00:00:00+00:00,144.22,162.59,65.13,389.23,282.01
2019-08-22 00:00:00+00:00,143.91,162.27,64.13,392.54,280.77
2019-08-23 00:00:00+00:00,141.75,158.01,62.74,388.62,271.89
2019-08-26 00:00:00+00:00,143.42,160.02,63.51,395.11,276.43
2019-08-27 00:00:00+00:00,144.71,162.22,64.39,405.68,276.64
2019-08-28 00:00:00+00:00,144.89,163.43,64.79,404.46,278.24
2019-08-29 00:00:00+00:00,146.06,165.6,65.62,392.25,281.38
2019-08-30 00:00:00+00:00,146.38,165.98,65.61,397.62,281.37
2019-09-03 00:00:00+00:00,145.62,167.25,65.72,402.11,280.11
2019-09-04 00:00:00+00:00,146.42,169.85,66.48,408.61,286.1
2019-09-05 00:00:00+00:00,146.78,174.84,67.17,411.96,292.08
2019-09-06 00:00:00+00:00,146.76,174.37,67.91,419.4,291.38
2019-09-09 00:00:00+00:00,144.5,170.8,67.29,369.69,283.36
2019-09-10 00:00:00+00:00,140.0,165.26,66.41,342.06,272.33
2019-09-11 00:00:00+00:00,141.14,165.65,65.59,341.43,269.95
2019-09-12 00:00:00+00:00,141.94,168.03,67.57,345.14,276.4
2019-09-13 00:00:00+00:00,141.3,167.52,67.86,330.29,276.32
2019-09-16 00:00:00+00:00,139.98,166.08,68.15,334.35,274.08
2019-09-17 00:00:00+00:00,141.59,163.74,67.93,342.48,276.25
2019-09-18 00:00:00+00:00,141.62,164.35,67.84,344.0,275.1
2019-09-19 00:00:00+00:00,141.34,162.68,67.75,342.75,275.91
2019-09-20 00:00:00+00:00,141.05,161.62,67.36,338.18,271.17
2019-09-23 00:00:00+00:00,140.95,159.66,66.92,335.55,273.15
2019-09-24 00:00:00+00:00,140.85,160.58,65.94,336.1,271.12
2019-09-25 00:00:00+00:00,142.84,160.59,66.24,333.51,272.75
2019-09-26 00:00:00+00:00,143.21,160.02,66.48,332.0,273.89
2019-09-27 00:00:00+00:00,141.31,156.84,65.68,324.71,269.13
2019-09-30 00:00:00+00:00,140.67,159.0,66.88,327.5,271.57
2019-10-01 00:00:00+00:00,138.27,158.12,66.96,325.01,270.94
2019-10-02 00:00:00+00:00,134.42,156.77,65.65,318.73,264.48
2019-10-03 00:00:00+00:00,136.5,158.56,66.52,336.86,268.29
2019-10-04 00:00:00+00:00,138.04,160.84,67.36,346.95,274.06
2019-10-07 00:00:00+00:00,137.76,160.2,67.52,347.79,272.19
2019-10-08 00:00:00+00:00,136.07,157.52,66.59,346.67,267.07
2019-10-09 00:00:00+00:00,139.52,161.09,67.67,355.27,272.24
2019-10-10 00:00:00+00:00,141.51,161.14,67.97,359.09,273.83
2019-10-11 00:00:00+00:00,143.93,162.92,68.31,348.19,275.91
2019-10-14 00:00:00+00:00,143.33,164.14,68.15,349.43,276.38
2019-10-15 00:00:00+00:00,144.96,164.86,69.24,349.32,278.56
2019-10-16 00:00:00+00:00,145.18,164.77,69.27,340.42,278.27
2019-10-17 00:00:00+00:00,146.7,163.24,69.71,349.7,276.51
2019-10-18 00:00:00+00:00,144.68,160.13,69.74,352.88,270.63
2019-10-21 00:00:00+00:00,145.51,161.35,70.14,353.4,274.3
2019-10-22 00:00:00+00:00,139.33,155.13,69.28,340.65,261.26
2019-10-23 00:00:00+00:00,139.37,156.27,69.57,342.18,260.85
2019-10-24 00:00:00+00:00,137.69,161.24,69.89,349.46,268.75
2019-10-25 00:00:00+00:00,137.9,161.34,69.35,344.07,270.19
2019-10-28 00:00:00+00:00,136.69,162.2,69.7,348.87,275.93
2019-10-29 00:00:00+00:00,135.84,163.2,69.2,351.49,274.29
2019-10-30 00:00:00+00:00,135.01,165.54,70.12,359.15,277.15
2019-10-31 00:00:00+00:00,136.71,169.18,70.02,368.59,276.81
2019-11-01 00:00:00+00:00,138.7,172.35,70.7,366.14,279.05
2019-11-04 00:00:00+00:00,134.8,169.27,69.74,358.4,276.33
2019-11-05 00:00:00+00:00,133.25,166.53,68.49,343.73,269.0
2019-11-06 00:00:00+00:00,135.18,167.06,69.36,347.81,269.86
2019-11-07 00:00:00+00:00,133.89,168.99,69.7,349.6,272.79
2019-11-08 00:00:00+00:00,133.96,170.26,69.64,347.15,274.89
2019-11-11 00:00:00+00:00,134.94,171.99,68.9,359.74,277.0
2019-11-12 00:00:00+00:00,135.11,171.86,69.26,365.93,277.14
2019-11-13 00:00:00+00:00,135.96,173.58,70.21,374.36,278.07
2019-11-14 00:00:00+00:00,137.66,177.5,71.55,379.22,279.63
2019-11-15 00:00:00+00:00,138.4,179.23,71.38,381.06,280.78
2019-11-18 00:00:00+00:00,139.49,179.63,71.17,389.52,280.86
2019-11-19 00:00:00+00:00,141.34,181.72,71.88,400.17,285.31
2019-11-20 00:00:00+00:00,139.9,180.51,72.01,404.49,285.38
2019-11-21 00:00:00+00:00,137.99,178.39,71.62,393.89,284.45
2019-11-22 00:00:00+00:00,138.12,178.65,71.85,392.33,282.57
2019-11-25 00:00:00+00:00,138.84,179.65,72.23,397.18,287.61
2019-11-26 00:00:00+00:00,141.3,180.52,72.81,401.9,289.38
2019-11-27 00:00:00+00:00,141.33,181.06,72.9,406.43,291.7
2019-11-29 00:00:00+00:00,139.64,181.1,72.65,403.82,292.23
2019-12-02 00:00:00+00:00,138.23,178.07,72.11,398.97,286.47
2019-12-03 00:00:00+00:00,136.16,177.42,72.31,397.67,287.09
2019-12-04 00:00:00+00:00,136.42,175.97,72.5,393.99,286.84
2019-12-05 00:00:00+00:00,137.94,176.92,72.71,381.18,289.85
2019-12-06 00:00:00+00:00,138.5,176.66,73.72,375.9,290.4
2019-12-09 00:00:00+00:00,137.66,175.18,73.11,367.02,289.06
2019-12-10 00:00:00+00:00,136.52,173.98,73.33,370.0,288.61
2019-12-11 00:00:00+00:00,135.95,174.99,73.65,376.81,290.05
2019-12-12 00:00:00+00:00,138.53,175.07,74.04,369.46,292.21
2019-12-13 00:00:00+00:00,138.7,178.93,74.6,373.89,296.09
2019-12-16 00:00:00+00:00,138.25,179.3,74.91,374.69,296.96
2019-12-17 00:00:00+00:00,136.16,180.47,75.13,373.54,296.0
2019-12-18 00:00:00+00:00,137.65,181.27,74.23,369.9,294.74
2019-12-19 00:00:00+00:00,137.78,183.39,74.73,377.57,297.53
2019-12-20 00:00:00+00:00,138.61,183.45,75.36,376.32,298.57
2019-12-23 00:00:00+00:00,139.44,182.26,75.41,371.36,297.27
2019-12-24 00:00:00+00:00,139.5,182.84,75.13,374.08,297.48
2019-12-26 00:00:00+00:00,140.21,183.49,75.01,376.1,299.2
2019-12-27 00:00:00+00:00,140.21,182.89,75.64,375.0,300.74
2019-12-30 00:00:00+00:00,138.92,181.35,74.79,374.5,297.72
2019-12-31 00:00:00+00:00,140.12,182.56,75.35,379.11,298.59
2020-01-02 00:00:00+00:00,142.39,185.67,75.79,380.25,303.39
2020-01-03 00:00:00+00:00,142.87,184.4,75.82,380.05,300.43
2020-01-06 00:00:00+00:00,143.48,187.97,76.24,374.08,301.23
2020-01-07 00:00:00+00:00,143.21,187.37,76.43,375.25,300.21
2020-01-08 00:00:00+00:00,146.28,188.86,77.21,364.3,305.1
2020-01-09 00:00:00+00:00,147.98,191.37,78.19,371.7,309.1
2020-01-10 00:00:00+00:00,146.72,190.44,78.26,363.07,311.17
2020-01-13 00:00:00+00:00,148.59,193.3,79.93,368.6,315.21
2020-01-14 00:00:00+00:00,147.18,191.31,79.06,366.61,310.64
2020-01-15 00:00:00+00:00,149.77,194.38,79.35,368.1,314.25
2020-01-16 00:00:00+00:00,151.02,195.95,78.08,370.01,320.3
2020-01-17 00:00:00+00:00,153.03,198.62,79.27,369.06,323.66
2020-01-21 00:00:00+00:00,154.34,198.79,80.14,370.69,321.93
2020-01-22 00:00:00+00:00,154.75,200.06,80.69,370.4,324.31
2020-01-23 00:00:00+00:00,154.95,199.78,80.59,367.28,324.98
2020-01-24 00:00:00+00:00,154.01,198.77,79.89,359.27,323.67
2020-01-27 00:00:00+00:00,153.03,195.5,79.37,357.86,315.77
2020-01-28 00:00:00+00:00,154.65,198.03,80.05,359.87,320.27
2020-01-29 00:00:00+00:00,154.42,199.27,79.79,352.04,320.32
2020-01-30 00:00:00+00:00,152.73,200.04,79.95,358.16,324.46
2020-01-31 00:00:00+00:00,149.9,195.45,78.86,354.18,315.94
2020-02-03 00:00:00+00:00,152.27,198.06,79.66,355.5,324.52
2020-02-04 00:00:00+00:00,155.34,202.94,80.79,355.0,329.12
2020-02-05 00:00:00+00:00,155.89,200.65,80.36,341.85,328.32
2020-02-06 00:00:00+00:00,155.97,201.67,80.85,345.67,329.3
2020-02-07 00:00:00+00:00,155.61,200.79,80.42,344.29,327.0
2020-02-10 00:00:00+00:00,154.72,204.64,81.1,341.25,330.28
2020-02-11 00:00:00+00:00,153.31,203.18,80.62,342.28,330.92
2020-02-12 00:00:00+00:00,154.52,201.65,80.52,335.5,334.16
2020-02-13 00:00:00+00:00,162.26,202.73,80.27,338.15,335.84
2020-02-14 00:00:00+00:00,162.96,206.37,80.76,345.69,340.95
2020-02-18 00:00:00+00:00,159.63,207.07,80.29,347.18,341.24
2020-02-19 00:00:00+00:00,161.88,206.98,81.11,341.68,344.56
2020-02-20 00:00:00+00:00,161.43,208.47,80.44,344.6,344.45
2020-02-21 00:00:00+00:00,159.53,204.39,79.06,340.09,339.7
2020-02-24 00:00:00+00:00,155.7,200.42,77.45,341.91,324.67
2020-02-25 00:00:00+00:00,152.19,191.2,74.91,331.2,302.89
2020-02-26 00:00:00+00:00,153.39,189.65,74.79,338.28,298.04
2020-02-27 00:00:00+00:00,145.09,183.75,71.64,333.34,285.82
2020-02-28 00:00:00+00:00,142.04,183.97,71.24,324.33,290.25
2020-03-02 00:00:00+00:00,150.87,192.39,73.49,348.62,306.74
2020-03-03 00:00:00+00:00,151.27,187.58,71.21,351.58,292.0
2020-03-04 00:00:00+00:00,162.87,193.92,74.31,373.56,302.36
2020-03-05 00:00:00+00:00,158.25,185.73,71.9,377.53,290.73
2020-03-06 00:00:00+00:00,154.18,179.56,69.32,362.36,287.01
2020-03-09 00:00:00+00:00,141.69,164.75,60.68,352.31,262.01
2020-03-10 00:00:00+00:00,152.86,181.77,61.11,357.16,280.57
2020-03-11 00:00:00+00:00,145.48,172.15,59.58,333.65,269.76
2020-03-12 00:00:00+00:00,135.47,157.11,52.89,314.73,241.5
2020-03-13 00:00:00+00:00,140.71,172.99,55.97,343.07,270.01
2020-03-16 00:00:00+00:00,128.93,139.83,51.21,311.29,235.65
2020-03-17 00:00:00+00:00,134.0,147.81,54.95,333.0,237.88
2020-03-18 00:00:00+00:00,124.11,134.56,55.53,305.36,227.93
2020-03-19 00:00:00+00:00,115.41,130.52,52.16,316.13,227.15
2020-03-20 00:00:00+00:00,105.65,119.0,47.88,310.63,211.42
2020-03-23 00:00:00+00:00,104.62,116.07,45.4,281.31,203.3
2020-03-24 00:00:00+00:00,113.66,141.23,58.3,326.72,237.07
2020-03-25 00:00:00+00:00,115.72,146.7,58.2,330.31,256.48
2020-03-26 00:00:00+00:00,121.65,152.87,59.56,352.79,263.18
2020-03-27 00:00:00+00:00,119.55,144.96,59.05,342.78,247.65
2020-03-30 00:00:00+00:00,122.1,151.23,61.86,351.32,253.25
2020-03-31 00:00:00+00:00,119.45,144.23,60.0,332.57,241.56
2020-04-01 00:00:00+00:00,113.47,133.11,58.3,333.99,228.61
2020-04-02 00:00:00+00:00,109.31,130.69,60.63,347.29,238.88
2020-04-03 00:00:00+00:00,106.62,126.3,61.58,387.27,237.03
