date,GPN,INFO,MKTX,SO,WU
2015-04-06 00:00:00+00:00,92.59,27.2,85.43,44.92,20.24
2015-04-07 00:00:00+00:00,92.23,27.15,86.01,44.26,20.08
2015-04-08 00:00:00+00:00,98.61,27.13,87.5,44.34,20.57
2015-04-09 00:00:00+00:00,98.63,27.05,87.27,44.47,20.62
2015-04-10 00:00:00+00:00,99.68,26.96,88.07,44.62,20.62
2015-04-13 00:00:00+00:00,98.1,27.11,88.15,44.2,20.5
2015-04-14 00:00:00+00:00,98.65,26.79,89.3,44.35,20.65
2015-04-15 00:00:00+00:00,100.06,26.64,88.57,44.2,20.79
2015-04-16 00:00:00+00:00,99.71,26.48,89.79,44.11,20.74
2015-04-17 00:00:00+00:00,99.75,26.03,87.31,44.11,20.63
2015-04-20 00:00:00+00:00,100.29,25.9,88.72,44.76,20.73
2015-04-21 00:00:00+00:00,101.63,25.78,90.01,44.42,20.7
2015-04-22 00:00:00+00:00,101.87,25.82,88.66,44.48,20.8
2015-04-23 00:00:00+00:00,101.71,25.99,88.7,44.69,20.97
2015-04-24 00:00:00+00:00,101.79,25.94,87.93,44.87,20.59
2015-04-27 00:00:00+00:00,101.36,25.8,87.84,44.32,20.37
2015-04-28 00:00:00+00:00,100.98,25.76,89.84,44.66,20.47
2015-04-29 00:00:00+00:00,101.9,25.86,89.06,44.65,20.39
2015-04-30 00:00:00+00:00,100.28,25.65,85.85,44.3,20.28
2015-05-01 00:00:00+00:00,101.07,26.36,84.96,44.82,21.25
2015-05-04 00:00:00+00:00,100.92,26.19,84.98,44.98,21.18
2015-05-05 00:00:00+00:00,101.07,25.91,83.3,44.27,20.95
2015-05-06 00:00:00+00:00,101.29,25.72,83.9,44.08,21.85
2015-05-07 00:00:00+00:00,101.36,25.62,85.02,44.23,21.7
2015-05-08 00:00:00+00:00,101.88,25.72,84.67,44.15,21.93
2015-05-11 00:00:00+00:00,102.17,25.93,86.07,43.59,21.76
2015-05-12 00:00:00+00:00,101.48,26.05,86.02,43.47,21.75
2015-05-13 00:00:00+00:00,102.73,26.06,86.07,43.38,21.87
2015-05-14 00:00:00+00:00,104.56,26.36,87.27,43.18,21.96
2015-05-15 00:00:00+00:00,104.2,26.33,87.49,43.72,21.71
2015-05-18 00:00:00+00:00,105.24,26.16,89.1,43.65,21.99
2015-05-19 00:00:00+00:00,105.38,26.34,88.68,43.67,22.42
2015-05-20 00:00:00+00:00,104.17,26.27,88.36,43.67,22.48
2015-05-21 00:00:00+00:00,105.4,26.18,88.0,43.38,22.5
2015-05-22 00:00:00+00:00,105.1,26.35,87.72,43.23,22.56
2015-05-26 00:00:00+00:00,104.35,26.13,86.56,43.3,22.24
2015-05-27 00:00:00+00:00,104.4,26.39,89.23,43.73,22.19
2015-05-28 00:00:00+00:00,104.44,26.59,89.02,43.51,21.94
2015-05-29 00:00:00+00:00,104.38,26.81,88.45,43.69,21.95
2015-06-01 00:00:00+00:00,104.74,26.75,88.96,43.67,21.95
2015-06-02 00:00:00+00:00,105.72,26.81,88.49,43.28,22.12
2015-06-03 00:00:00+00:00,106.67,26.8,87.89,43.12,22.23
2015-06-04 00:00:00+00:00,104.84,26.25,86.49,43.18,21.89
2015-06-05 00:00:00+00:00,105.67,26.51,86.65,42.66,21.76
2015-06-08 00:00:00+00:00,104.35,26.63,86.28,42.6,21.52
2015-06-09 00:00:00+00:00,104.96,26.51,85.39,42.44,21.57
2015-06-10 00:00:00+00:00,106.21,26.63,86.57,42.34,21.8
2015-06-11 00:00:00+00:00,105.84,26.76,86.68,42.59,21.86
2015-06-12 00:00:00+00:00,105.12,26.88,86.31,42.3,21.47
2015-06-15 00:00:00+00:00,105.0,26.79,86.99,42.09,21.19
2015-06-16 00:00:00+00:00,106.13,26.81,87.3,42.48,21.29
2015-06-17 00:00:00+00:00,106.21,26.57,88.71,42.69,21.14
2015-06-18 00:00:00+00:00,107.37,26.67,89.21,43.32,21.28
2015-06-19 00:00:00+00:00,106.2,26.48,91.51,42.73,21.3
2015-06-22 00:00:00+00:00,107.19,26.69,95.27,42.51,21.47
2015-06-23 00:00:00+00:00,106.75,26.72,96.2,42.05,21.43
2015-06-24 00:00:00+00:00,105.71,26.7,97.25,41.7,21.14
2015-06-25 00:00:00+00:00,105.89,26.64,97.34,41.61,20.87
2015-06-26 00:00:00+00:00,105.32,26.35,96.86,41.89,20.61
2015-06-29 00:00:00+00:00,102.77,25.63,92.32,41.96,20.36
2015-06-30 00:00:00+00:00,103.45,25.57,92.77,41.9,20.33
2015-07-01 00:00:00+00:00,105.09,26.39,94.76,42.18,20.39
2015-07-02 00:00:00+00:00,104.57,26.51,94.49,42.89,18.99
2015-07-06 00:00:00+00:00,104.56,26.34,96.87,43.12,18.95
2015-07-07 00:00:00+00:00,105.24,26.31,97.47,44.26,19.1
2015-07-08 00:00:00+00:00,103.8,26.31,97.78,44.2,18.85
2015-07-09 00:00:00+00:00,104.51,26.29,99.62,43.27,18.91
2015-07-10 00:00:00+00:00,105.95,26.26,103.28,43.36,19.03
2015-07-13 00:00:00+00:00,106.45,26.29,101.74,43.4,19.09
2015-07-14 00:00:00+00:00,106.49,26.44,100.91,43.21,19.17
2015-07-15 00:00:00+00:00,106.4,26.27,99.88,43.37,18.96
2015-07-16 00:00:00+00:00,107.54,26.44,101.5,43.98,19.27
2015-07-17 00:00:00+00:00,106.58,26.56,101.31,43.51,19.2
2015-07-20 00:00:00+00:00,108.0,26.46,100.94,43.32,19.2
2015-07-21 00:00:00+00:00,106.84,26.27,100.22,43.21,19.1
2015-07-22 00:00:00+00:00,106.42,26.42,97.95,43.25,19.11
2015-07-23 00:00:00+00:00,105.38,26.55,97.95,42.98,18.9
2015-07-24 00:00:00+00:00,104.46,26.7,96.54,42.88,18.65
2015-07-27 00:00:00+00:00,102.17,26.17,97.95,43.44,18.36
2015-07-28 00:00:00+00:00,109.91,26.29,97.66,43.54,18.64
2015-07-29 00:00:00+00:00,111.71,26.53,98.16,43.57,19.04
2015-07-30 00:00:00+00:00,111.84,26.52,97.07,44.38,19.02
2015-07-31 00:00:00+00:00,112.09,26.62,97.8,44.73,20.24
2015-08-03 00:00:00+00:00,112.27,26.53,97.92,44.96,20.22
2015-08-04 00:00:00+00:00,112.5,26.27,96.96,44.42,20.17
2015-08-05 00:00:00+00:00,113.31,26.58,99.25,44.61,20.33
2015-08-06 00:00:00+00:00,112.52,26.63,97.93,45.06,20.37
2015-08-07 00:00:00+00:00,112.74,26.73,97.57,45.53,20.4
2015-08-10 00:00:00+00:00,114.69,27.61,97.41,45.46,20.55
2015-08-11 00:00:00+00:00,114.08,27.05,96.16,45.91,20.4
2015-08-12 00:00:00+00:00,114.58,28.36,95.37,46.57,20.42
2015-08-13 00:00:00+00:00,116.0,29.43,94.54,46.16,20.38
2015-08-14 00:00:00+00:00,116.95,29.53,96.38,46.33,20.35
2015-08-17 00:00:00+00:00,117.22,29.3,97.53,46.3,20.42
2015-08-18 00:00:00+00:00,117.62,29.3,97.49,46.07,20.38
2015-08-19 00:00:00+00:00,117.91,29.53,98.06,46.31,19.95
2015-08-20 00:00:00+00:00,116.25,29.19,96.57,46.36,19.49
2015-08-21 00:00:00+00:00,111.93,28.85,93.96,45.8,18.74
2015-08-24 00:00:00+00:00,105.9,27.91,89.61,43.58,17.79
2015-08-25 00:00:00+00:00,106.04,27.975,88.91,42.5,17.81
2015-08-26 00:00:00+00:00,109.12,28.39,90.97,43.61,18.3
2015-08-27 00:00:00+00:00,111.99,28.29,91.83,43.91,18.59
2015-08-28 00:00:00+00:00,112.47,28.48,91.45,43.74,18.56
2015-08-31 00:00:00+00:00,111.39,28.58,90.42,43.41,18.44
2015-09-01 00:00:00+00:00,108.36,28.3,91.71,42.41,17.72
2015-09-02 00:00:00+00:00,110.48,28.76,96.63,42.52,18.05
2015-09-03 00:00:00+00:00,111.0,29.02,96.2,42.58,18.47
2015-09-04 00:00:00+00:00,110.29,28.79,94.85,41.98,18.25
2015-09-08 00:00:00+00:00,113.43,28.82,96.5,42.7,18.61
2015-09-09 00:00:00+00:00,112.14,28.61,96.62,42.46,18.23
2015-09-10 00:00:00+00:00,112.93,28.43,97.14,42.3,18.41
2015-09-11 00:00:00+00:00,114.08,28.75,97.35,42.71,18.31
2015-09-14 00:00:00+00:00,112.6,28.85,96.96,42.63,18.12
2015-09-15 00:00:00+00:00,114.42,29.41,97.3,42.63,18.66
2015-09-16 00:00:00+00:00,114.51,29.26,97.5,42.91,18.94
2015-09-17 00:00:00+00:00,114.63,29.37,96.5,43.48,18.88
2015-09-18 00:00:00+00:00,113.74,29.42,96.32,43.43,18.58
2015-09-21 00:00:00+00:00,116.24,29.25,97.04,43.77,18.77
2015-09-22 00:00:00+00:00,116.06,29.24,95.92,43.01,18.5
2015-09-23 00:00:00+00:00,117.28,29.39,98.99,42.95,18.46
2015-09-24 00:00:00+00:00,115.51,28.99,97.15,43.48,18.25
2015-09-25 00:00:00+00:00,115.74,28.9,99.52,44.13,18.21
2015-09-28 00:00:00+00:00,112.0,28.5,94.7,44.09,17.85
2015-09-29 00:00:00+00:00,113.95,28.44,90.82,44.29,18.1
2015-09-30 00:00:00+00:00,114.73,29.0,92.88,44.7,18.36
2015-10-01 00:00:00+00:00,116.54,29.14,94.02,44.19,18.21
2015-10-02 00:00:00+00:00,118.45,29.55,95.01,44.69,18.55
2015-10-05 00:00:00+00:00,116.9,29.9,96.93,45.2,18.74
2015-10-06 00:00:00+00:00,115.37,29.67,93.33,44.79,18.61
2015-10-07 00:00:00+00:00,128.2,29.53,94.84,44.76,18.8
2015-10-08 00:00:00+00:00,132.45,29.68,95.5,45.15,19.2
2015-10-09 00:00:00+00:00,133.02,30.0,94.7,44.96,19.13
2015-10-12 00:00:00+00:00,133.74,30.24,96.96,45.61,19.14
2015-10-13 00:00:00+00:00,129.67,29.73,94.56,45.57,18.94
2015-10-14 00:00:00+00:00,126.92,29.79,94.24,45.52,18.71
2015-10-15 00:00:00+00:00,129.75,30.64,96.5,45.82,18.94
2015-10-16 00:00:00+00:00,130.86,30.54,96.73,46.22,19.08
2015-10-19 00:00:00+00:00,133.27,30.72,95.94,45.96,19.08
2015-10-20 00:00:00+00:00,130.84,30.42,96.1,45.97,19.03
2015-10-21 00:00:00+00:00,131.23,30.29,86.86,46.08,19.07
2015-10-22 00:00:00+00:00,133.62,30.5,89.55,46.5,19.66
2015-10-23 00:00:00+00:00,133.94,30.45,90.01,45.81,19.76
2015-10-26 00:00:00+00:00,132.89,30.33,95.86,45.64,19.64
2015-10-27 00:00:00+00:00,130.98,30.25,95.26,45.66,19.23
2015-10-28 00:00:00+00:00,137.44,30.63,100.195,45.33,19.59
2015-10-29 00:00:00+00:00,136.43,30.53,102.89,44.95,19.01
2015-10-30 00:00:00+00:00,136.41,30.5,101.31,45.1,19.25
2015-11-02 00:00:00+00:00,136.23,30.49,99.0,45.23,19.4
2015-11-03 00:00:00+00:00,67.56,30.58,98.88,45.44,19.43
2015-11-04 00:00:00+00:00,68.07,30.46,98.55,45.8,19.27
2015-11-05 00:00:00+00:00,68.6,29.9,98.98,45.63,19.57
2015-11-06 00:00:00+00:00,69.94,29.44,99.82,43.59,19.86
2015-11-09 00:00:00+00:00,69.25,30.02,99.16,44.02,19.43
2015-11-10 00:00:00+00:00,69.0,29.7,99.97,44.44,19.41
2015-11-11 00:00:00+00:00,69.7,29.55,101.18,45.03,19.28
2015-11-12 00:00:00+00:00,68.89,28.96,100.01,43.89,18.79
2015-11-13 00:00:00+00:00,69.03,28.68,98.58,43.95,18.55
2015-11-16 00:00:00+00:00,69.15,28.93,100.75,44.74,18.73
2015-11-17 00:00:00+00:00,70.08,29.14,101.73,44.1,19.02
2015-11-18 00:00:00+00:00,70.9,29.07,103.61,44.45,19.5
2015-11-19 00:00:00+00:00,71.27,29.32,103.49,45.18,19.08
2015-11-20 00:00:00+00:00,71.26,29.32,106.68,45.24,19.06
2015-11-23 00:00:00+00:00,72.66,29.24,107.35,44.92,18.94
2015-11-24 00:00:00+00:00,72.25,28.98,105.2,44.81,18.82
2015-11-25 00:00:00+00:00,72.44,29.27,106.0,44.58,18.8
2015-11-27 00:00:00+00:00,72.29,29.11,107.66,44.58,18.78
2015-11-30 00:00:00+00:00,70.85,29.5,106.78,44.54,18.86
2015-12-01 00:00:00+00:00,71.09,29.9,106.7,45.18,19.2
2015-12-02 00:00:00+00:00,71.67,29.33,106.44,44.21,18.93
2015-12-03 00:00:00+00:00,69.34,28.95,109.5,44.18,18.67
2015-12-04 00:00:00+00:00,70.39,29.57,113.88,44.83,18.92
2015-12-07 00:00:00+00:00,69.76,29.44,113.56,45.28,19.02
2015-12-08 00:00:00+00:00,70.32,29.55,112.92,45.3,18.92
2015-12-09 00:00:00+00:00,69.63,29.24,109.51,45.14,18.87
2015-12-10 00:00:00+00:00,71.45,28.89,109.18,44.49,18.9
2015-12-11 00:00:00+00:00,69.69,28.9,106.65,44.4,18.28
2015-12-14 00:00:00+00:00,70.33,28.84,108.27,44.95,18.14
2015-12-15 00:00:00+00:00,71.42,28.89,108.0,45.41,18.08
2015-12-16 00:00:00+00:00,65.69,29.21,109.22,46.33,18.52
2015-12-17 00:00:00+00:00,64.18,29.48,107.92,46.51,18.13
2015-12-18 00:00:00+00:00,63.8,29.08,104.88,46.2,17.8
2015-12-21 00:00:00+00:00,63.88,29.18,105.62,46.23,18.01
2015-12-22 00:00:00+00:00,64.36,29.14,104.8,46.45,18.26
2015-12-23 00:00:00+00:00,65.62,29.54,104.76,47.1,18.51
2015-12-24 00:00:00+00:00,65.5,29.85,111.13,47.1,18.5
2015-12-28 00:00:00+00:00,65.59,29.88,112.7,47.11,18.24
2015-12-29 00:00:00+00:00,66.52,30.12,114.24,47.26,18.43
2015-12-30 00:00:00+00:00,65.26,30.35,112.96,47.27,18.24
2015-12-31 00:00:00+00:00,64.51,30.17,111.59,46.79,17.91
2016-01-04 00:00:00+00:00,62.58,29.54,109.28,47.03,17.62
2016-01-05 00:00:00+00:00,63.55,29.75,110.09,47.36,17.55
2016-01-06 00:00:00+00:00,63.75,29.33,108.76,47.37,17.15
2016-01-07 00:00:00+00:00,61.36,28.9,107.06,46.97,17.05
2016-01-08 00:00:00+00:00,60.18,28.51,105.73,46.62,16.91
2016-01-11 00:00:00+00:00,58.52,28.21,106.52,46.84,16.87
2016-01-12 00:00:00+00:00,58.52,28.41,106.28,46.45,17.03
2016-01-13 00:00:00+00:00,56.4,27.91,102.9,46.8,16.59
2016-01-14 00:00:00+00:00,57.36,27.93,104.44,47.14,17.13
2016-01-15 00:00:00+00:00,57.1,27.4,101.77,47.17,16.64
2016-01-19 00:00:00+00:00,57.32,27.08,102.38,47.94,16.44
2016-01-20 00:00:00+00:00,58.03,26.72,103.31,47.16,16.5
2016-01-21 00:00:00+00:00,57.29,27.04,101.91,46.81,16.91
2016-01-22 00:00:00+00:00,58.86,28.3,103.3,47.35,17.41
2016-01-25 00:00:00+00:00,57.66,27.97,101.97,47.39,16.94
2016-01-26 00:00:00+00:00,58.66,28.41,104.38,47.58,17.3
2016-01-27 00:00:00+00:00,56.55,28.58,108.28,47.64,16.85
2016-01-28 00:00:00+00:00,55.85,28.47,111.97,48.28,17.12
2016-01-29 00:00:00+00:00,58.95,28.36,116.23,48.92,17.84
2016-02-01 00:00:00+00:00,59.62,28.83,115.76,49.9,17.64
2016-02-02 00:00:00+00:00,56.55,28.74,114.63,49.63,17.08
2016-02-03 00:00:00+00:00,57.33,28.39,113.84,48.51,17.28
2016-02-04 00:00:00+00:00,57.69,28.3,111.51,48.42,17.55
2016-02-05 00:00:00+00:00,55.76,27.89,106.6,48.22,17.56
2016-02-08 00:00:00+00:00,52.54,27.48,105.34,48.82,17.41
2016-02-09 00:00:00+00:00,52.47,27.13,106.98,49.2,17.0
2016-02-10 00:00:00+00:00,54.48,27.0,105.29,49.21,17.01
2016-02-11 00:00:00+00:00,54.9,26.51,106.12,48.05,16.88
2016-02-12 00:00:00+00:00,56.8,27.15,108.82,47.91,17.56
2016-02-16 00:00:00+00:00,58.1,27.38,110.79,48.09,18.4
2016-02-17 00:00:00+00:00,59.19,27.92,114.15,47.83,18.49
2016-02-18 00:00:00+00:00,58.01,28.08,111.91,48.87,18.21
2016-02-19 00:00:00+00:00,59.16,28.19,114.13,48.57,18.19
2016-02-22 00:00:00+00:00,61.46,27.82,111.25,49.1,18.36
2016-02-23 00:00:00+00:00,60.58,27.53,115.25,49.1,17.95
2016-02-24 00:00:00+00:00,61.89,27.61,116.0,48.98,18.13
2016-02-25 00:00:00+00:00,62.38,27.81,119.25,49.36,18.35
2016-02-26 00:00:00+00:00,61.6,27.94,119.9,48.19,18.46
2016-02-29 00:00:00+00:00,60.95,27.82,118.46,48.18,18.26
2016-03-01 00:00:00+00:00,62.71,28.23,118.31,47.49,18.62
2016-03-02 00:00:00+00:00,62.22,28.22,119.96,47.98,18.46
2016-03-03 00:00:00+00:00,62.96,28.5,120.76,48.19,19.09
2016-03-04 00:00:00+00:00,63.26,28.57,126.29,48.63,19.25
2016-03-07 00:00:00+00:00,60.53,28.59,122.03,48.49,19.52
2016-03-08 00:00:00+00:00,58.93,28.595,123.79,49.15,19.11
2016-03-09 00:00:00+00:00,59.27,28.72,122.6,49.56,19.22
2016-03-10 00:00:00+00:00,59.83,28.97,125.93,49.87,18.76
2016-03-11 00:00:00+00:00,60.16,28.99,124.93,49.79,19.11
2016-03-14 00:00:00+00:00,58.93,29.03,124.18,49.95,18.94
2016-03-15 00:00:00+00:00,58.47,29.07,123.07,50.33,18.48
2016-03-16 00:00:00+00:00,59.08,29.25,123.1,50.68,18.65
2016-03-17 00:00:00+00:00,59.9,29.58,123.68,50.82,19.0
2016-03-18 00:00:00+00:00,59.35,29.49,124.35,50.76,19.13
2016-03-21 00:00:00+00:00,59.48,33.51,122.35,50.48,19.1
2016-03-22 00:00:00+00:00,59.62,34.29,121.97,50.27,18.9
2016-03-23 00:00:00+00:00,59.67,33.58,121.15,50.67,18.8
2016-03-24 00:00:00+00:00,60.17,34.31,120.2,50.9,18.78
2016-03-28 00:00:00+00:00,60.09,34.63,121.01,50.58,18.85
2016-03-29 00:00:00+00:00,62.96,34.95,123.86,51.2,19.14
2016-03-30 00:00:00+00:00,62.78,35.01,123.62,51.21,19.33
2016-03-31 00:00:00+00:00,65.3,35.35,124.83,51.73,19.29
2016-04-01 00:00:00+00:00,65.15,35.25,128.58,51.7,19.49
2016-04-04 00:00:00+00:00,64.77,35.24,126.51,51.53,19.39
2016-04-05 00:00:00+00:00,65.15,34.32,123.11,50.65,19.29
2016-04-06 00:00:00+00:00,70.86,34.5,125.39,50.36,19.7
2016-04-07 00:00:00+00:00,71.74,34.18,124.0,50.67,19.44
2016-04-08 00:00:00+00:00,72.2,34.21,123.01,50.73,19.6
2016-04-11 00:00:00+00:00,72.29,34.66,121.55,50.47,19.72
2016-04-12 00:00:00+00:00,71.81,34.61,121.87,50.77,19.89
2016-04-13 00:00:00+00:00,75.68,35.07,125.0,50.36,20.06
2016-04-14 00:00:00+00:00,75.3,35.255,125.69,50.45,19.95
2016-04-15 00:00:00+00:00,75.69,35.52,124.68,50.68,19.99
2016-04-18 00:00:00+00:00,76.92,35.61,124.45,50.91,20.11
2016-04-19 00:00:00+00:00,76.6,35.53,126.18,51.0,20.12
2016-04-20 00:00:00+00:00,76.0,35.03,129.11,49.77,20.18
2016-04-21 00:00:00+00:00,74.27,35.15,128.24,48.94,20.07
2016-04-22 00:00:00+00:00,73.29,35.32,129.46,49.26,20.07
2016-04-25 00:00:00+00:00,73.29,35.07,128.58,49.27,19.97
2016-04-26 00:00:00+00:00,73.19,35.08,129.4,49.2,20.21
2016-04-27 00:00:00+00:00,74.75,34.86,125.71,49.54,20.52
2016-04-28 00:00:00+00:00,72.81,34.89,123.75,49.95,20.12
2016-04-29 00:00:00+00:00,72.18,34.89,122.76,50.1,20.0
2016-05-02 00:00:00+00:00,73.26,35.37,123.31,50.41,20.1
2016-05-03 00:00:00+00:00,73.06,34.64,120.86,50.5,19.83
2016-05-04 00:00:00+00:00,72.63,34.93,122.73,51.36,19.01
2016-05-05 00:00:00+00:00,72.31,34.41,124.41,50.62,18.84
2016-05-06 00:00:00+00:00,72.86,34.5,125.46,49.49,19.0
2016-05-09 00:00:00+00:00,73.04,34.4,127.29,49.81,19.05
2016-05-10 00:00:00+00:00,74.31,34.49,127.12,50.14,19.36
2016-05-11 00:00:00+00:00,74.07,34.16,128.71,50.33,19.15
2016-05-12 00:00:00+00:00,74.37,33.89,131.92,50.16,19.25
2016-05-13 00:00:00+00:00,74.24,33.7,130.6,49.89,19.18
2016-05-16 00:00:00+00:00,74.35,33.65,132.6,49.94,19.22
2016-05-17 00:00:00+00:00,74.15,33.5,131.24,49.08,19.05
2016-05-18 00:00:00+00:00,74.28,33.99,133.42,48.04,19.08
2016-05-19 00:00:00+00:00,74.2,34.03,133.14,48.67,18.89
2016-05-20 00:00:00+00:00,74.95,34.28,134.43,48.65,19.25
2016-05-23 00:00:00+00:00,74.9,34.47,134.37,48.09,18.99
2016-05-24 00:00:00+00:00,77.22,34.41,138.47,48.46,19.26
2016-05-25 00:00:00+00:00,76.26,34.17,140.0,48.55,19.4
2016-05-26 00:00:00+00:00,76.37,33.9,138.76,49.22,19.27
2016-05-27 00:00:00+00:00,77.11,34.24,140.58,49.16,19.47
2016-05-31 00:00:00+00:00,77.69,34.37,139.94,49.44,19.45
2016-06-01 00:00:00+00:00,77.71,33.82,140.65,49.57,19.46
2016-06-02 00:00:00+00:00,78.92,33.9,141.45,49.36,19.48
2016-06-03 00:00:00+00:00,76.06,33.96,141.7,50.18,19.43
2016-06-06 00:00:00+00:00,77.15,33.76,143.25,50.13,19.6
2016-06-07 00:00:00+00:00,76.94,33.41,141.75,50.09,19.62
2016-06-08 00:00:00+00:00,76.32,33.55,143.55,50.37,19.77
2016-06-09 00:00:00+00:00,76.6,33.34,142.23,50.86,19.64
2016-06-10 00:00:00+00:00,74.74,33.1,141.84,51.11,19.36
2016-06-13 00:00:00+00:00,73.78,32.75,142.07,50.99,19.07
2016-06-14 00:00:00+00:00,73.74,32.78,141.49,51.33,18.92
2016-06-15 00:00:00+00:00,74.06,32.43,141.6,50.88,18.86
2016-06-16 00:00:00+00:00,74.54,32.41,142.52,51.06,18.8
2016-06-17 00:00:00+00:00,73.99,32.65,140.48,51.15,19.02
2016-06-20 00:00:00+00:00,75.1,32.73,140.95,50.94,19.0
2016-06-21 00:00:00+00:00,74.88,32.66,138.73,50.9,18.94
2016-06-22 00:00:00+00:00,74.26,32.3,139.24,50.85,19.09
2016-06-23 00:00:00+00:00,75.89,32.69,144.13,51.06,19.38
2016-06-24 00:00:00+00:00,70.27,31.21,139.18,51.19,18.61
2016-06-27 00:00:00+00:00,67.48,30.4,135.87,52.2,18.11
2016-06-28 00:00:00+00:00,69.76,31.3,141.26,52.31,18.7
2016-06-29 00:00:00+00:00,70.84,32.28,142.02,52.22,18.82
2016-06-30 00:00:00+00:00,71.38,32.6,145.4,53.63,19.18
2016-07-01 00:00:00+00:00,71.74,33.1,143.59,53.83,19.36
2016-07-05 00:00:00+00:00,71.86,32.55,144.59,54.25,19.13
2016-07-06 00:00:00+00:00,72.06,32.22,150.03,54.44,19.18
2016-07-07 00:00:00+00:00,71.8,31.96,149.27,53.66,19.0
2016-07-08 00:00:00+00:00,73.54,32.03,151.72,54.14,19.57
2016-07-11 00:00:00+00:00,74.8,32.66,150.81,53.79,19.6
2016-07-12 00:00:00+00:00,75.44,32.84,151.08,52.84,19.98
2016-07-13 00:00:00+00:00,75.68,36.1,150.7,53.13,19.89
2016-07-14 00:00:00+00:00,76.48,35.89,151.51,53.61,20.04
2016-07-15 00:00:00+00:00,76.72,35.16,151.41,53.63,20.13
2016-07-18 00:00:00+00:00,76.76,35.2,149.97,53.62,20.13
2016-07-19 00:00:00+00:00,76.77,36.35,152.03,53.62,20.1
2016-07-20 00:00:00+00:00,77.92,35.66,152.05,53.33,20.18
2016-07-21 00:00:00+00:00,77.21,36.2,151.38,53.9,20.17
2016-07-22 00:00:00+00:00,77.81,35.65,152.74,54.54,20.26
2016-07-25 00:00:00+00:00,78.32,35.04,153.47,54.54,20.21
2016-07-26 00:00:00+00:00,79.23,34.89,153.71,54.45,20.41
2016-07-27 00:00:00+00:00,78.43,34.61,153.8,53.54,20.39
2016-07-28 00:00:00+00:00,78.19,34.84,159.76,53.26,20.2
2016-07-29 00:00:00+00:00,74.66,34.74,161.66,53.5,20.0
2016-08-01 00:00:00+00:00,73.71,34.75,161.47,53.65,19.96
2016-08-02 00:00:00+00:00,71.5,34.63,161.83,53.36,19.63
2016-08-03 00:00:00+00:00,73.16,34.85,161.74,53.04,19.92
2016-08-04 00:00:00+00:00,73.56,34.68,162.41,53.16,20.69
2016-08-05 00:00:00+00:00,74.54,35.1,162.83,52.64,21.0
2016-08-08 00:00:00+00:00,73.94,35.11,161.77,52.69,20.85
2016-08-09 00:00:00+00:00,74.9,35.03,161.44,52.84,20.95
2016-08-10 00:00:00+00:00,74.71,35.03,162.11,52.89,20.94
2016-08-11 00:00:00+00:00,74.85,35.55,161.99,52.32,21.08
2016-08-12 00:00:00+00:00,74.69,35.26,162.22,52.35,20.97
2016-08-15 00:00:00+00:00,74.94,35.32,164.49,51.49,21.01
2016-08-16 00:00:00+00:00,73.53,35.26,163.06,50.96,20.83
2016-08-17 00:00:00+00:00,74.22,35.88,164.62,51.47,21.03
2016-08-18 00:00:00+00:00,74.16,36.24,166.89,52.31,21.08
2016-08-19 00:00:00+00:00,74.75,36.31,166.71,51.96,21.2
2016-08-22 00:00:00+00:00,75.42,36.34,165.26,52.0,21.41
2016-08-23 00:00:00+00:00,76.25,36.42,164.83,51.71,21.37
2016-08-24 00:00:00+00:00,75.5,36.42,165.37,51.79,21.44
2016-08-25 00:00:00+00:00,76.61,36.56,165.95,51.86,21.48
2016-08-26 00:00:00+00:00,76.14,37.06,166.16,51.05,21.61
2016-08-29 00:00:00+00:00,75.92,37.47,167.81,51.34,21.46
2016-08-30 00:00:00+00:00,76.45,37.24,168.94,50.96,21.56
2016-08-31 00:00:00+00:00,75.95,37.32,168.54,51.33,21.52
2016-09-01 00:00:00+00:00,76.82,37.06,169.53,51.18,21.42
2016-09-02 00:00:00+00:00,76.32,37.5,172.54,51.8,21.61
2016-09-06 00:00:00+00:00,76.71,37.32,168.88,52.13,21.76
2016-09-07 00:00:00+00:00,76.43,37.76,169.02,52.22,21.77
2016-09-08 00:00:00+00:00,76.27,37.69,168.72,52.47,21.31
2016-09-09 00:00:00+00:00,73.62,37.05,171.38,50.87,20.75
2016-09-12 00:00:00+00:00,74.59,37.55,172.02,51.96,20.97
2016-09-13 00:00:00+00:00,73.18,36.99,169.51,51.26,20.57
2016-09-14 00:00:00+00:00,73.52,36.37,169.52,51.35,20.3
2016-09-15 00:00:00+00:00,76.05,36.51,173.34,51.46,20.32
2016-09-16 00:00:00+00:00,74.3,36.66,172.76,51.97,20.33
2016-09-19 00:00:00+00:00,74.44,36.5,170.74,52.43,20.0
2016-09-20 00:00:00+00:00,74.43,36.71,172.83,52.14,19.83
2016-09-21 00:00:00+00:00,76.33,36.93,173.34,53.18,20.19
2016-09-22 00:00:00+00:00,76.05,36.77,172.84,53.48,20.32
2016-09-23 00:00:00+00:00,75.42,36.66,170.75,53.53,20.3
2016-09-26 00:00:00+00:00,75.62,36.25,167.88,53.31,20.27
2016-09-27 00:00:00+00:00,76.08,35.64,170.27,52.84,20.26
2016-09-28 00:00:00+00:00,76.78,36.78,171.01,52.7,20.5
2016-09-29 00:00:00+00:00,76.09,37.31,166.14,52.05,20.49
2016-09-30 00:00:00+00:00,76.76,37.55,165.59,51.3,20.82
2016-10-03 00:00:00+00:00,77.12,37.52,164.16,50.72,20.61
2016-10-04 00:00:00+00:00,76.44,37.0,162.2,49.84,20.33
2016-10-05 00:00:00+00:00,79.04,36.75,161.29,49.52,20.3
2016-10-06 00:00:00+00:00,78.98,36.7,160.34,49.43,20.4
2016-10-07 00:00:00+00:00,76.01,36.41,159.19,49.16,20.42
2016-10-10 00:00:00+00:00,75.6,36.57,158.82,49.75,20.29
2016-10-11 00:00:00+00:00,73.7,36.12,156.89,49.41,19.92
2016-10-12 00:00:00+00:00,73.81,36.26,157.22,50.03,20.06
2016-10-13 00:00:00+00:00,73.35,36.17,154.96,50.76,19.92
2016-10-14 00:00:00+00:00,73.04,36.6,154.22,50.56,20.12
2016-10-17 00:00:00+00:00,73.01,36.58,152.29,50.69,19.84
2016-10-18 00:00:00+00:00,74.21,37.3,154.75,51.09,19.78
2016-10-19 00:00:00+00:00,74.37,37.53,153.34,50.73,20.0
2016-10-20 00:00:00+00:00,73.59,37.65,151.4,50.72,19.99
2016-10-21 00:00:00+00:00,72.88,37.64,152.22,50.53,20.0
2016-10-24 00:00:00+00:00,74.06,37.81,153.26,50.85,20.34
2016-10-25 00:00:00+00:00,73.27,37.61,152.22,50.97,20.36
2016-10-26 00:00:00+00:00,73.66,37.4,153.15,50.97,19.79
2016-10-27 00:00:00+00:00,72.47,36.88,150.64,50.76,19.9
2016-10-28 00:00:00+00:00,72.59,36.9,150.13,50.7,19.93
2016-10-31 00:00:00+00:00,72.52,36.79,150.76,51.57,20.07
2016-11-01 00:00:00+00:00,71.75,36.82,148.31,50.48,19.74
2016-11-02 00:00:00+00:00,70.63,36.8,147.69,50.19,19.9
2016-11-03 00:00:00+00:00,70.48,36.16,147.8,50.39,19.78
2016-11-04 00:00:00+00:00,70.81,35.53,150.47,50.11,19.63
2016-11-07 00:00:00+00:00,71.82,35.73,153.12,50.62,20.36
2016-11-08 00:00:00+00:00,72.63,35.6,155.21,50.76,20.42
2016-11-09 00:00:00+00:00,72.81,35.41,161.25,49.22,19.87
2016-11-10 00:00:00+00:00,70.93,35.31,159.91,47.91,19.94
2016-11-11 00:00:00+00:00,69.49,35.49,161.92,47.78,20.42
2016-11-14 00:00:00+00:00,66.57,34.99,165.61,47.63,20.58
2016-11-15 00:00:00+00:00,68.05,34.75,163.61,48.34,20.58
2016-11-16 00:00:00+00:00,69.94,34.95,165.83,48.43,20.55
2016-11-17 00:00:00+00:00,69.76,35.4,171.02,47.5,20.63
2016-11-18 00:00:00+00:00,70.71,34.94,169.46,47.13,20.48
2016-11-21 00:00:00+00:00,71.99,35.82,170.09,47.54,21.05
2016-11-22 00:00:00+00:00,71.72,36.01,169.38,47.6,21.27
2016-11-23 00:00:00+00:00,72.09,35.47,168.46,47.23,21.47
2016-11-25 00:00:00+00:00,72.09,35.47,169.62,47.78,21.48
2016-11-28 00:00:00+00:00,71.54,35.82,169.15,48.31,21.2
2016-11-29 00:00:00+00:00,70.59,35.64,168.96,48.31,21.16
2016-11-30 00:00:00+00:00,68.55,35.94,165.77,46.82,21.03
2016-12-01 00:00:00+00:00,66.42,35.11,162.9,46.59,20.74
2016-12-02 00:00:00+00:00,68.13,34.88,161.9,46.76,20.47
2016-12-05 00:00:00+00:00,69.73,34.9,164.06,46.87,20.89
2016-12-06 00:00:00+00:00,69.9,35.12,166.38,46.93,21.63
2016-12-07 00:00:00+00:00,70.87,35.28,163.47,47.15,22.13
2016-12-08 00:00:00+00:00,71.78,35.72,164.94,47.41,22.14
2016-12-09 00:00:00+00:00,72.19,35.7,166.97,47.94,22.01
2016-12-12 00:00:00+00:00,71.24,35.76,168.19,48.72,21.78
2016-12-13 00:00:00+00:00,71.85,35.42,168.93,49.19,21.79
2016-12-14 00:00:00+00:00,71.46,34.49,164.52,48.48,21.54
2016-12-15 00:00:00+00:00,70.63,34.69,167.12,48.46,21.34
2016-12-16 00:00:00+00:00,70.29,34.76,162.39,48.92,21.25
2016-12-19 00:00:00+00:00,70.78,34.58,160.65,49.09,21.62
2016-12-20 00:00:00+00:00,71.42,35.21,157.06,49.2,21.7
2016-12-21 00:00:00+00:00,70.87,35.41,153.67,49.24,21.66
2016-12-22 00:00:00+00:00,70.03,35.49,150.2,49.36,21.8
2016-12-23 00:00:00+00:00,70.3,35.39,149.415,49.33,21.85
2016-12-27 00:00:00+00:00,70.73,35.3,149.49,49.3,22.03
2016-12-28 00:00:00+00:00,69.67,35.26,148.43,48.9,21.73
2016-12-29 00:00:00+00:00,69.82,35.11,145.53,49.37,21.83
2016-12-30 00:00:00+00:00,69.41,35.41,146.92,49.19,21.72
2017-01-03 00:00:00+00:00,70.5,35.92,150.18,49.04,21.97
2017-01-04 00:00:00+00:00,73.13,36.2,152.92,48.99,22.41
2017-01-05 00:00:00+00:00,73.42,36.29,152.71,49.14,22.31
2017-01-06 00:00:00+00:00,74.45,36.66,157.15,49.01,22.57
2017-01-09 00:00:00+00:00,79.79,36.57,156.79,48.53,22.55
2017-01-10 00:00:00+00:00,77.88,36.61,156.06,48.38,22.23
2017-01-11 00:00:00+00:00,78.23,36.77,156.99,48.74,22.32
2017-01-12 00:00:00+00:00,77.6,36.8,156.35,49.0,22.12
2017-01-13 00:00:00+00:00,77.74,37.03,156.85,48.8,22.17
2017-01-17 00:00:00+00:00,78.04,38.33,155.51,49.69,22.01
2017-01-18 00:00:00+00:00,78.62,38.6,156.51,49.62,21.85
2017-01-19 00:00:00+00:00,79.39,38.17,155.23,49.05,21.13
2017-01-20 00:00:00+00:00,79.08,38.79,156.89,49.06,20.98
2017-01-23 00:00:00+00:00,78.39,38.75,155.39,48.83,20.72
2017-01-24 00:00:00+00:00,79.03,39.0,158.36,48.57,20.42
2017-01-25 00:00:00+00:00,78.28,39.79,175.99,48.49,20.08
2017-01-26 00:00:00+00:00,76.8,39.46,180.41,48.63,19.59
2017-01-27 00:00:00+00:00,77.44,39.46,179.82,48.48,19.59
2017-01-30 00:00:00+00:00,77.81,39.64,181.34,48.66,19.61
2017-01-31 00:00:00+00:00,77.28,39.45,187.25,49.43,19.58
2017-02-01 00:00:00+00:00,77.05,39.45,188.14,48.55,19.54
2017-02-02 00:00:00+00:00,76.72,39.44,188.1,48.98,19.73
2017-02-03 00:00:00+00:00,78.6,39.7,191.27,48.83,19.97
2017-02-06 00:00:00+00:00,78.18,39.53,190.28,48.76,19.83
2017-02-07 00:00:00+00:00,78.7,39.51,189.34,48.77,19.84
2017-02-08 00:00:00+00:00,79.07,39.71,187.47,49.22,19.91
2017-02-09 00:00:00+00:00,78.62,39.74,188.33,48.86,20.38
2017-02-10 00:00:00+00:00,78.47,39.67,186.82,49.05,19.74
2017-02-13 00:00:00+00:00,78.22,39.93,189.8,49.22,19.53
2017-02-14 00:00:00+00:00,79.21,39.97,190.07,48.59,19.68
2017-02-15 00:00:00+00:00,78.96,40.4,191.69,48.35,19.59
2017-02-16 00:00:00+00:00,77.67,40.0,191.68,48.24,19.55
2017-02-17 00:00:00+00:00,77.95,40.2,193.08,47.8,19.82
2017-02-21 00:00:00+00:00,78.85,40.51,192.74,48.28,19.81
2017-02-22 00:00:00+00:00,78.7,40.26,195.02,48.99,19.99
2017-02-23 00:00:00+00:00,78.21,40.34,194.85,49.67,19.92
2017-02-24 00:00:00+00:00,78.97,40.08,196.18,50.5,20.17
2017-02-27 00:00:00+00:00,79.9,40.1,194.99,50.27,20.13
2017-02-28 00:00:00+00:00,79.69,39.8,195.23,50.82,19.64
2017-03-01 00:00:00+00:00,79.45,40.65,197.74,50.06,19.91
2017-03-02 00:00:00+00:00,78.27,40.62,191.95,50.32,19.93
2017-03-03 00:00:00+00:00,80.61,40.77,193.85,50.37,19.96
2017-03-06 00:00:00+00:00,80.21,40.67,192.8,50.24,19.9
2017-03-07 00:00:00+00:00,80.89,40.56,192.54,50.4,19.9
2017-03-08 00:00:00+00:00,80.27,40.6,190.97,49.77,19.83
2017-03-09 00:00:00+00:00,79.67,40.27,192.11,49.5,19.67
2017-03-10 00:00:00+00:00,79.14,40.12,191.5,49.63,19.67
2017-03-13 00:00:00+00:00,79.67,40.62,191.68,49.73,19.58
2017-03-14 00:00:00+00:00,79.07,40.48,191.24,49.88,20.27
2017-03-15 00:00:00+00:00,78.73,40.77,191.12,50.63,20.18
2017-03-16 00:00:00+00:00,79.7,40.82,190.78,50.19,20.21
2017-03-17 00:00:00+00:00,80.03,40.35,190.05,50.67,20.4
2017-03-20 00:00:00+00:00,79.38,40.6,189.83,50.38,20.21
2017-03-21 00:00:00+00:00,78.25,40.43,184.43,51.01,20.09
2017-03-22 00:00:00+00:00,79.07,40.16,187.95,50.73,20.13
2017-03-23 00:00:00+00:00,78.94,40.18,187.0,50.37,20.13
2017-03-24 00:00:00+00:00,78.42,40.33,187.7,50.42,20.25
2017-03-27 00:00:00+00:00,78.12,40.12,184.99,50.3,20.03
2017-03-28 00:00:00+00:00,78.75,41.41,185.91,50.09,20.15
2017-03-29 00:00:00+00:00,78.83,41.52,185.11,49.95,20.25
2017-03-30 00:00:00+00:00,80.7,41.63,185.94,49.67,20.49
2017-03-31 00:00:00+00:00,80.68,41.95,187.49,49.78,20.35
2017-04-03 00:00:00+00:00,79.33,41.78,187.15,49.96,19.77
2017-04-04 00:00:00+00:00,78.35,42.0,185.87,50.02,19.71
2017-04-05 00:00:00+00:00,77.75,41.92,180.1,50.43,19.66
2017-04-06 00:00:00+00:00,78.09,42.2,181.54,50.13,19.59
2017-04-07 00:00:00+00:00,77.93,42.18,182.73,49.69,19.36
2017-04-10 00:00:00+00:00,77.5,42.21,183.26,49.67,19.42
2017-04-11 00:00:00+00:00,77.69,42.44,182.94,49.3,19.52
2017-04-12 00:00:00+00:00,77.51,42.44,180.82,49.66,19.42
2017-04-13 00:00:00+00:00,77.54,42.21,178.07,49.42,19.35
2017-04-17 00:00:00+00:00,78.58,42.63,182.7,49.78,19.49
2017-04-18 00:00:00+00:00,79.0,42.78,183.06,49.97,19.67
2017-04-19 00:00:00+00:00,78.95,42.91,182.99,49.75,19.78
2017-04-20 00:00:00+00:00,80.99,43.4,185.3,49.77,19.99
2017-04-21 00:00:00+00:00,80.86,43.25,184.6,49.98,19.76
2017-04-24 00:00:00+00:00,81.39,43.81,185.61,50.15,20.08
2017-04-25 00:00:00+00:00,81.98,43.76,184.67,50.16,20.12
2017-04-26 00:00:00+00:00,81.42,43.65,194.55,49.97,20.1
2017-04-27 00:00:00+00:00,81.97,43.71,195.88,50.07,19.98
2017-04-28 00:00:00+00:00,81.76,43.4,192.52,49.8,19.86
2017-05-01 00:00:00+00:00,81.5,43.66,192.12,49.59,19.97
2017-05-02 00:00:00+00:00,81.72,43.71,189.37,49.51,20.13
2017-05-03 00:00:00+00:00,81.1,43.58,186.84,49.47,19.26
2017-05-04 00:00:00+00:00,86.14,43.85,186.5,49.79,19.4
2017-05-05 00:00:00+00:00,86.07,43.73,187.84,50.07,19.39
2017-05-08 00:00:00+00:00,86.54,43.99,186.01,50.03,19.56
2017-05-09 00:00:00+00:00,87.27,43.5,186.54,49.98,19.49
2017-05-10 00:00:00+00:00,87.79,43.44,188.16,49.87,19.64
2017-05-11 00:00:00+00:00,88.25,43.44,188.33,49.77,19.46
2017-05-12 00:00:00+00:00,87.74,43.2,186.39,49.87,19.28
2017-05-15 00:00:00+00:00,89.44,43.73,188.39,49.98,19.41
2017-05-16 00:00:00+00:00,89.36,43.86,184.72,49.34,19.15
2017-05-17 00:00:00+00:00,88.1,43.24,182.34,49.64,18.9
2017-05-18 00:00:00+00:00,88.77,44.11,182.05,49.77,18.85
2017-05-19 00:00:00+00:00,90.04,44.3,186.4,49.88,19.01
2017-05-22 00:00:00+00:00,91.73,44.7,185.4,50.01,19.12
2017-05-23 00:00:00+00:00,91.21,44.68,188.0,50.08,18.82
2017-05-24 00:00:00+00:00,92.51,44.83,191.68,50.38,19.27
2017-05-25 00:00:00+00:00,92.37,45.9,195.56,50.5,19.31
2017-05-26 00:00:00+00:00,91.85,46.26,194.17,50.45,19.07
2017-05-30 00:00:00+00:00,91.98,46.28,191.21,50.57,19.18
2017-05-31 00:00:00+00:00,91.61,45.85,190.58,50.61,19.02
2017-06-01 00:00:00+00:00,93.31,46.61,191.97,50.93,19.44
2017-06-02 00:00:00+00:00,92.39,47.06,191.6,51.01,19.28
2017-06-05 00:00:00+00:00,91.72,46.8,190.5,50.81,19.4
2017-06-06 00:00:00+00:00,92.24,46.63,187.99,50.79,19.22
2017-06-07 00:00:00+00:00,92.25,46.62,194.75,51.01,19.13
2017-06-08 00:00:00+00:00,91.08,46.48,199.33,50.74,18.94
2017-06-09 00:00:00+00:00,89.1,46.32,201.94,50.68,19.01
2017-06-12 00:00:00+00:00,89.5,46.31,204.34,50.85,19.26
2017-06-13 00:00:00+00:00,90.8,46.6,206.15,51.06,19.45
2017-06-14 00:00:00+00:00,90.4,47.19,206.76,51.22,19.23
2017-06-15 00:00:00+00:00,90.34,47.32,207.34,51.71,18.99
2017-06-16 00:00:00+00:00,89.55,47.53,205.68,51.53,19.08
2017-06-19 00:00:00+00:00,89.75,47.86,207.93,51.42,19.1
2017-06-20 00:00:00+00:00,89.11,46.94,207.44,51.71,18.95
2017-06-21 00:00:00+00:00,89.61,46.77,202.45,51.2,18.84
2017-06-22 00:00:00+00:00,90.48,46.68,201.77,50.38,18.78
2017-06-23 00:00:00+00:00,91.26,46.55,201.39,49.84,19.17
2017-06-26 00:00:00+00:00,90.25,46.4,200.85,50.1,19.01
2017-06-27 00:00:00+00:00,89.86,45.37,197.64,49.4,18.88
2017-06-28 00:00:00+00:00,91.88,45.05,201.76,49.15,18.97
2017-06-29 00:00:00+00:00,90.41,44.19,203.52,48.29,18.86
2017-06-30 00:00:00+00:00,90.32,44.04,201.1,47.88,19.05
2017-07-03 00:00:00+00:00,90.05,44.17,203.39,47.65,19.15
2017-07-05 00:00:00+00:00,89.88,44.34,205.75,47.42,18.69
2017-07-06 00:00:00+00:00,88.41,43.93,193.38,47.4,18.47
2017-07-07 00:00:00+00:00,88.99,44.27,194.04,47.36,18.65
2017-07-10 00:00:00+00:00,88.65,43.72,194.99,47.28,18.7
2017-07-11 00:00:00+00:00,88.31,43.79,193.24,47.28,18.79
2017-07-12 00:00:00+00:00,90.19,44.48,193.75,47.51,19.01
2017-07-13 00:00:00+00:00,90.68,44.5,194.17,47.12,18.94
2017-07-14 00:00:00+00:00,91.86,44.76,190.41,47.26,19.02
2017-07-17 00:00:00+00:00,91.37,45.26,190.45,47.04,19.0
2017-07-18 00:00:00+00:00,91.71,45.39,192.59,47.12,18.96
2017-07-19 00:00:00+00:00,92.8,45.39,194.62,47.23,19.18
2017-07-20 00:00:00+00:00,93.61,45.29,194.68,47.32,19.08
2017-07-21 00:00:00+00:00,93.78,45.65,194.92,47.88,19.09
2017-07-24 00:00:00+00:00,94.8,45.7,196.75,47.25,19.16
2017-07-25 00:00:00+00:00,95.01,45.58,199.48,46.78,19.48
2017-07-26 00:00:00+00:00,95.3,45.93,205.15,47.4,19.48
2017-07-27 00:00:00+00:00,94.62,46.07,205.52,47.82,19.7
2017-07-28 00:00:00+00:00,94.52,46.53,207.84,47.51,19.65
2017-07-31 00:00:00+00:00,94.37,46.65,202.89,47.93,19.75
2017-08-01 00:00:00+00:00,95.51,47.18,204.22,48.79,19.72
2017-08-02 00:00:00+00:00,95.41,46.99,205.57,49.78,19.49
2017-08-03 00:00:00+00:00,95.15,46.66,205.07,49.36,19.58
2017-08-04 00:00:00+00:00,97.72,46.39,206.01,48.79,19.72
2017-08-07 00:00:00+00:00,96.76,45.98,201.89,49.0,19.38
2017-08-08 00:00:00+00:00,96.95,45.34,197.43,49.12,19.3
2017-08-09 00:00:00+00:00,96.02,45.36,199.05,48.85,19.28
2017-08-10 00:00:00+00:00,93.64,45.16,195.41,48.81,18.91
2017-08-11 00:00:00+00:00,93.31,45.65,192.46,48.42,18.9
2017-08-14 00:00:00+00:00,94.48,45.98,193.26,48.64,19.14
2017-08-15 00:00:00+00:00,94.32,46.39,192.49,48.96,19.22
2017-08-16 00:00:00+00:00,94.6,46.99,192.98,48.99,19.38
2017-08-17 00:00:00+00:00,93.67,46.22,192.03,47.92,19.0
2017-08-18 00:00:00+00:00,93.76,45.75,188.71,48.3,18.88
2017-08-21 00:00:00+00:00,94.57,45.87,191.59,48.29,18.88
2017-08-22 00:00:00+00:00,95.85,46.4,193.34,47.95,19.03
2017-08-23 00:00:00+00:00,94.58,46.39,194.09,48.04,18.97
2017-08-24 00:00:00+00:00,94.26,46.56,190.61,48.02,18.98
2017-08-25 00:00:00+00:00,93.35,46.52,190.6,48.31,19.0
2017-08-28 00:00:00+00:00,93.87,46.62,189.92,48.35,19.04
2017-08-29 00:00:00+00:00,93.99,46.4,188.87,48.18,19.07
2017-08-30 00:00:00+00:00,94.52,46.52,191.4,48.21,18.93
2017-08-31 00:00:00+00:00,95.49,46.845,192.95,48.26,18.92
2017-09-01 00:00:00+00:00,95.52,46.77,188.98,48.26,18.79
2017-09-05 00:00:00+00:00,94.85,47.25,187.47,49.16,18.68
2017-09-06 00:00:00+00:00,94.77,47.35,176.58,49.28,18.51
2017-09-07 00:00:00+00:00,95.99,47.24,176.22,49.95,18.54
2017-09-08 00:00:00+00:00,95.09,47.53,178.38,50.2,18.69
2017-09-11 00:00:00+00:00,96.5,47.95,179.81,50.61,18.89
2017-09-12 00:00:00+00:00,98.08,48.3,180.08,49.56,19.22
2017-09-13 00:00:00+00:00,97.38,47.34,180.77,49.42,19.11
2017-09-14 00:00:00+00:00,97.03,47.15,181.21,50.4,18.94
2017-09-15 00:00:00+00:00,97.56,47.4,179.18,50.64,18.91
2017-09-18 00:00:00+00:00,96.99,47.53,180.43,50.07,19.1
2017-09-19 00:00:00+00:00,96.08,47.45,179.98,49.87,19.05
2017-09-20 00:00:00+00:00,95.62,47.92,181.33,49.45,18.95
2017-09-21 00:00:00+00:00,96.34,48.17,179.51,49.27,18.91
2017-09-22 00:00:00+00:00,95.82,48.43,182.5,48.82,18.99
2017-09-25 00:00:00+00:00,94.2,48.29,178.5,49.03,19.03
2017-09-26 00:00:00+00:00,94.35,44.12,176.2,48.79,18.73
2017-09-27 00:00:00+00:00,94.48,43.96,178.85,48.52,19.0
2017-09-28 00:00:00+00:00,93.94,44.13,182.91,48.94,19.06
2017-09-29 00:00:00+00:00,95.03,44.08,184.51,49.14,19.2
2017-10-02 00:00:00+00:00,96.13,44.08,185.79,49.14,19.4
2017-10-03 00:00:00+00:00,96.62,44.01,185.07,48.79,19.38
2017-10-04 00:00:00+00:00,96.42,44.33,184.04,49.1,19.41
2017-10-05 00:00:00+00:00,96.79,44.09,186.64,49.36,19.65
2017-10-06 00:00:00+00:00,96.95,43.98,187.45,49.59,19.52
2017-10-09 00:00:00+00:00,98.15,44.2,189.37,49.65,19.52
2017-10-10 00:00:00+00:00,98.52,44.24,187.65,50.24,19.6
2017-10-11 00:00:00+00:00,99.07,43.97,191.71,50.48,19.74
2017-10-12 00:00:00+00:00,99.06,44.0,190.17,50.74,19.74
2017-10-13 00:00:00+00:00,99.64,43.9,191.28,50.94,19.79
2017-10-16 00:00:00+00:00,99.34,43.81,192.39,51.14,19.76
2017-10-17 00:00:00+00:00,97.68,43.76,191.39,51.14,19.7
2017-10-18 00:00:00+00:00,96.87,43.63,193.48,51.27,19.79
2017-10-19 00:00:00+00:00,96.81,43.52,188.67,52.0,19.86
2017-10-20 00:00:00+00:00,97.17,44.03,190.26,52.21,20.31
2017-10-23 00:00:00+00:00,97.44,43.96,191.24,52.2,20.2
2017-10-24 00:00:00+00:00,97.74,43.54,190.08,52.37,20.1
2017-10-25 00:00:00+00:00,99.56,42.95,179.68,52.22,20.025
2017-10-26 00:00:00+00:00,100.4,42.99,179.43,52.06,20.25
2017-10-27 00:00:00+00:00,101.57,43.32,175.59,52.09,20.26
2017-10-30 00:00:00+00:00,101.88,42.45,173.05,52.09,19.72
2017-10-31 00:00:00+00:00,103.95,42.61,174.0,52.2,19.86
2017-11-01 00:00:00+00:00,102.55,42.7,175.73,52.08,19.98
2017-11-02 00:00:00+00:00,102.81,42.93,176.5,53.25,20.08
2017-11-03 00:00:00+00:00,103.61,43.49,177.0,52.44,19.5
2017-11-06 00:00:00+00:00,104.27,43.61,179.95,51.65,19.43
2017-11-07 00:00:00+00:00,103.9,43.43,178.01,51.72,19.16
2017-11-08 00:00:00+00:00,101.65,43.93,178.75,51.77,19.75
2017-11-09 00:00:00+00:00,99.32,43.2,174.5,52.01,20.08
2017-11-10 00:00:00+00:00,98.85,42.93,173.49,51.36,20.14
2017-11-13 00:00:00+00:00,99.6,42.99,174.52,51.82,19.52
2017-11-14 00:00:00+00:00,101.34,43.89,173.94,52.31,19.65
2017-11-15 00:00:00+00:00,99.39,43.53,177.82,51.92,19.6
2017-11-16 00:00:00+00:00,100.22,43.46,176.25,51.94,19.77
2017-11-17 00:00:00+00:00,100.03,43.62,180.4,50.97,19.68
2017-11-20 00:00:00+00:00,101.08,43.85,183.29,51.18,19.68
2017-11-21 00:00:00+00:00,103.21,43.23,188.41,51.3,19.7
2017-11-22 00:00:00+00:00,102.43,43.43,187.98,51.36,19.55
2017-11-24 00:00:00+00:00,103.47,43.77,188.47,51.39,19.65
2017-11-27 00:00:00+00:00,103.89,43.87,188.56,51.56,19.48
2017-11-28 00:00:00+00:00,103.55,44.62,193.43,51.49,19.69
2017-11-29 00:00:00+00:00,98.96,44.16,196.04,51.09,19.7
2017-11-30 00:00:00+00:00,100.56,44.62,195.27,51.2,19.69
2017-12-01 00:00:00+00:00,100.75,44.71,195.35,51.11,19.71
2017-12-04 00:00:00+00:00,95.96,44.44,197.19,50.33,19.71
2017-12-05 00:00:00+00:00,96.63,44.67,196.09,50.36,19.55
2017-12-06 00:00:00+00:00,97.19,45.34,197.03,50.89,19.4
2017-12-07 00:00:00+00:00,99.19,45.56,195.6,51.33,19.52
2017-12-08 00:00:00+00:00,99.37,45.59,196.0,51.06,19.39
2017-12-11 00:00:00+00:00,100.22,45.13,196.82,51.68,19.53
2017-12-12 00:00:00+00:00,100.14,45.2,197.21,51.19,19.5
2017-12-13 00:00:00+00:00,99.36,44.99,196.25,51.68,19.37
2017-12-14 00:00:00+00:00,99.54,44.88,195.07,51.52,19.35
2017-12-15 00:00:00+00:00,100.83,45.53,193.85,51.31,19.48
2017-12-18 00:00:00+00:00,101.36,45.53,199.36,50.55,19.56
2017-12-19 00:00:00+00:00,102.72,45.07,202.1,49.81,19.59
2017-12-20 00:00:00+00:00,101.72,45.43,202.91,49.94,19.47
2017-12-21 00:00:00+00:00,100.37,45.04,201.72,49.49,19.26
2017-12-22 00:00:00+00:00,100.36,45.05,201.75,48.5,19.08
2017-12-26 00:00:00+00:00,100.73,45.0,201.02,48.05,18.89
2017-12-27 00:00:00+00:00,100.33,45.17,201.0,48.05,18.8
2017-12-28 00:00:00+00:00,100.32,45.29,201.81,48.28,19.07
2017-12-29 00:00:00+00:00,100.24,45.15,201.75,48.09,19.01
2018-01-02 00:00:00+00:00,99.56,45.55,203.63,47.17,19.08
2018-01-03 00:00:00+00:00,101.71,45.21,200.94,46.9,19.07
2018-01-04 00:00:00+00:00,103.65,45.68,206.54,46.7,19.45
2018-01-05 00:00:00+00:00,103.56,45.95,207.23,46.78,20.6
2018-01-08 00:00:00+00:00,104.18,46.68,207.41,47.2,21.49
2018-01-09 00:00:00+00:00,104.81,46.8,204.56,46.61,21.04
2018-01-10 00:00:00+00:00,103.57,46.97,206.38,45.96,21.23
2018-01-11 00:00:00+00:00,104.0,47.46,201.52,45.25,21.18
2018-01-12 00:00:00+00:00,103.26,47.85,203.72,44.84,21.12
2018-01-16 00:00:00+00:00,104.6,47.99,206.46,44.66,20.62
2018-01-17 00:00:00+00:00,105.8,47.87,207.37,45.05,20.24
2018-01-18 00:00:00+00:00,106.18,47.65,207.86,44.9,20.19
2018-01-19 00:00:00+00:00,108.01,48.87,208.39,44.44,20.24
2018-01-22 00:00:00+00:00,109.1,48.37,201.26,44.04,20.55
2018-01-23 00:00:00+00:00,109.89,48.51,195.98,44.47,20.73
2018-01-24 00:00:00+00:00,112.17,48.68,195.74,44.08,20.52
2018-01-25 00:00:00+00:00,112.2,48.45,193.58,44.62,20.8
2018-01-26 00:00:00+00:00,113.26,48.24,193.49,44.31,21.16
2018-01-29 00:00:00+00:00,112.42,47.55,190.79,43.99,20.83
2018-01-30 00:00:00+00:00,111.38,47.78,191.85,44.8,20.6
2018-01-31 00:00:00+00:00,111.78,47.73,196.21,45.11,20.79
2018-02-01 00:00:00+00:00,111.59,47.6,195.6,44.38,20.69
2018-02-02 00:00:00+00:00,108.72,47.02,196.29,44.17,20.28
2018-02-05 00:00:00+00:00,104.98,45.15,197.13,43.72,19.54
2018-02-06 00:00:00+00:00,106.01,45.79,195.26,43.49,19.81
2018-02-07 00:00:00+00:00,106.32,45.17,195.01,43.34,19.49
2018-02-08 00:00:00+00:00,100.59,43.73,189.02,43.4,18.81
2018-02-09 00:00:00+00:00,103.93,44.31,189.16,44.33,19.36
2018-02-12 00:00:00+00:00,106.4,45.21,191.5,44.68,19.77
2018-02-13 00:00:00+00:00,106.85,45.3,193.3,44.62,19.75
2018-02-14 00:00:00+00:00,107.58,46.1,197.6,43.58,20.3
2018-02-15 00:00:00+00:00,112.35,46.54,198.9,44.56,20.2
2018-02-16 00:00:00+00:00,114.35,46.77,201.4,43.93,20.26
2018-02-20 00:00:00+00:00,114.73,46.6,200.12,43.47,20.25
2018-02-21 00:00:00+00:00,112.24,46.45,201.99,42.92,20.09
2018-02-22 00:00:00+00:00,112.02,46.82,199.4,43.02,20.09
2018-02-23 00:00:00+00:00,114.46,47.43,197.68,44.07,20.24
2018-02-26 00:00:00+00:00,114.7,47.6,199.67,44.03,20.3
2018-02-27 00:00:00+00:00,114.2,47.01,201.01,43.4,19.99
2018-02-28 00:00:00+00:00,113.39,47.05,202.4,43.06,19.82
2018-03-01 00:00:00+00:00,111.45,46.06,205.6,43.98,19.66
2018-03-02 00:00:00+00:00,113.45,46.16,202.88,44.2,19.87
2018-03-05 00:00:00+00:00,113.73,47.41,209.2,44.84,19.9
2018-03-06 00:00:00+00:00,114.18,47.51,211.47,44.1,19.9
2018-03-07 00:00:00+00:00,114.31,47.48,212.48,43.67,19.96
2018-03-08 00:00:00+00:00,114.53,48.09,216.73,43.41,19.66
2018-03-09 00:00:00+00:00,117.22,49.06,218.88,43.76,20.17
2018-03-12 00:00:00+00:00,117.83,49.11,223.15,43.82,20.13
2018-03-13 00:00:00+00:00,117.25,48.97,223.97,43.59,20.37
2018-03-14 00:00:00+00:00,117.88,48.84,223.57,44.05,20.31
2018-03-15 00:00:00+00:00,118.21,48.91,224.09,43.93,20.02
2018-03-16 00:00:00+00:00,118.01,48.78,224.59,44.19,20.04
2018-03-19 00:00:00+00:00,116.55,48.7,222.75,44.17,19.64
2018-03-20 00:00:00+00:00,117.7,49.1,224.22,43.85,19.75
2018-03-21 00:00:00+00:00,116.53,48.79,223.37,43.9,19.68
2018-03-22 00:00:00+00:00,113.51,47.77,221.24,43.81,19.35
2018-03-23 00:00:00+00:00,111.18,46.87,219.54,43.11,19.0
2018-03-26 00:00:00+00:00,114.41,48.03,221.71,43.82,19.21
2018-03-27 00:00:00+00:00,111.12,48.6,217.28,44.53,18.89
2018-03-28 00:00:00+00:00,110.08,47.95,212.98,44.64,19.22
2018-03-29 00:00:00+00:00,111.52,48.24,217.44,44.66,19.23
2018-04-02 00:00:00+00:00,109.19,47.52,212.27,44.21,18.93
2018-04-03 00:00:00+00:00,109.65,47.83,213.41,44.17,18.69
2018-04-04 00:00:00+00:00,110.42,48.23,212.24,44.79,19.09
2018-04-05 00:00:00+00:00,111.37,48.71,208.44,45.01,19.08
2018-04-06 00:00:00+00:00,108.77,48.07,206.68,44.79,18.65
2018-04-09 00:00:00+00:00,108.48,48.0,207.81,44.77,18.71
2018-04-10 00:00:00+00:00,110.69,48.48,206.38,44.3,19.04
2018-04-11 00:00:00+00:00,108.7,48.35,205.85,44.47,18.92
2018-04-12 00:00:00+00:00,109.56,48.71,203.48,43.82,19.01
2018-04-13 00:00:00+00:00,109.93,48.52,202.07,43.94,18.88
2018-04-16 00:00:00+00:00,110.44,48.79,204.4,45.07,19.14
2018-04-17 00:00:00+00:00,111.91,49.1,205.99,45.82,19.41
2018-04-18 00:00:00+00:00,112.56,49.39,203.09,45.43,19.37
2018-04-19 00:00:00+00:00,112.34,49.5,202.67,45.6,19.41
2018-04-20 00:00:00+00:00,111.28,49.27,202.5,45.22,19.08
2018-04-23 00:00:00+00:00,110.25,49.05,202.06,45.24,19.14
2018-04-24 00:00:00+00:00,109.65,49.11,200.88,45.7,19.02
2018-04-25 00:00:00+00:00,109.53,48.77,199.29,46.03,19.15
2018-04-26 00:00:00+00:00,112.16,49.0,199.48,46.09,19.58
2018-04-27 00:00:00+00:00,111.1,49.26,199.26,46.4,19.34
2018-04-30 00:00:00+00:00,113.05,49.13,198.63,46.12,19.75
2018-05-01 00:00:00+00:00,113.33,49.41,201.52,45.81,19.91
2018-05-02 00:00:00+00:00,112.57,49.24,202.02,46.25,19.25
2018-05-03 00:00:00+00:00,113.35,48.6,199.0,46.26,19.4
2018-05-04 00:00:00+00:00,112.85,49.37,201.74,46.03,19.61
2018-05-07 00:00:00+00:00,113.65,50.16,204.02,45.45,19.78
2018-05-08 00:00:00+00:00,113.96,50.55,203.3,44.15,19.72
2018-05-09 00:00:00+00:00,114.6,51.19,205.75,43.79,19.92
2018-05-10 00:00:00+00:00,116.0,51.81,204.61,44.71,20.06
2018-05-11 00:00:00+00:00,116.13,52.24,205.73,44.93,19.88
2018-05-14 00:00:00+00:00,114.9,51.93,199.63,44.55,19.75
2018-05-15 00:00:00+00:00,114.5,51.72,201.32,44.21,20.03
2018-05-16 00:00:00+00:00,115.17,51.63,202.24,43.89,20.02
2018-05-17 00:00:00+00:00,113.84,51.33,202.82,43.62,20.11
2018-05-18 00:00:00+00:00,113.76,51.43,204.72,42.73,20.09
2018-05-21 00:00:00+00:00,113.68,51.6,210.59,43.44,20.14
2018-05-22 00:00:00+00:00,111.92,51.27,210.31,43.55,20.2
2018-05-23 00:00:00+00:00,112.05,50.77,210.01,43.99,20.12
2018-05-24 00:00:00+00:00,112.88,50.7,211.83,44.25,20.06
2018-05-25 00:00:00+00:00,111.71,49.95,210.55,44.52,20.0
2018-05-29 00:00:00+00:00,109.34,49.38,210.94,44.3,19.7
2018-05-30 00:00:00+00:00,111.52,49.41,216.15,44.74,19.95
2018-05-31 00:00:00+00:00,111.16,49.28,213.65,44.9,19.89
2018-06-01 00:00:00+00:00,113.4,49.72,216.85,44.2,20.06
2018-06-04 00:00:00+00:00,115.37,49.96,217.95,43.93,20.36
2018-06-05 00:00:00+00:00,115.07,50.58,208.7,43.77,20.62
2018-06-06 00:00:00+00:00,117.97,51.49,211.27,42.89,20.95
2018-06-07 00:00:00+00:00,116.97,51.16,212.45,43.18,20.78
2018-06-08 00:00:00+00:00,117.08,51.14,214.89,43.28,20.81
2018-06-11 00:00:00+00:00,116.83,50.69,218.14,42.84,20.89
2018-06-12 00:00:00+00:00,118.46,50.6,215.47,43.44,21.1
2018-06-13 00:00:00+00:00,118.48,50.28,216.72,43.78,20.97
2018-06-14 00:00:00+00:00,117.75,50.76,217.31,44.21,20.66
2018-06-15 00:00:00+00:00,117.5,50.81,215.11,44.43,20.69
2018-06-18 00:00:00+00:00,117.15,50.67,213.87,44.57,20.76
2018-06-19 00:00:00+00:00,116.18,50.67,214.33,45.06,21.0
2018-06-20 00:00:00+00:00,116.9,51.23,213.04,45.05,21.18
2018-06-21 00:00:00+00:00,114.7,50.78,211.69,45.29,21.08
2018-06-22 00:00:00+00:00,114.4,51.25,211.0,45.81,21.14
2018-06-25 00:00:00+00:00,110.83,50.12,205.42,46.6,20.78
2018-06-26 00:00:00+00:00,110.52,52.5,202.71,46.09,20.62
2018-06-27 00:00:00+00:00,108.78,51.28,200.31,46.33,20.31
2018-06-28 00:00:00+00:00,109.99,52.01,202.65,46.34,20.3
2018-06-29 00:00:00+00:00,111.49,51.59,197.86,46.31,20.33
2018-07-02 00:00:00+00:00,112.41,51.84,200.72,46.9,20.44
2018-07-03 00:00:00+00:00,111.1,51.79,199.6,47.0,20.11
2018-07-05 00:00:00+00:00,112.09,52.61,199.79,47.56,20.3
2018-07-06 00:00:00+00:00,112.75,52.65,202.55,47.76,20.25
2018-07-09 00:00:00+00:00,112.98,52.48,202.8,46.37,20.3
2018-07-10 00:00:00+00:00,113.6,52.45,201.63,47.34,20.44
2018-07-11 00:00:00+00:00,116.41,52.81,204.11,47.77,20.3
2018-07-12 00:00:00+00:00,117.68,52.97,206.59,47.98,20.41
2018-07-13 00:00:00+00:00,117.95,52.27,205.86,47.96,20.36
2018-07-16 00:00:00+00:00,117.0,52.11,205.98,47.71,20.27
2018-07-17 00:00:00+00:00,117.94,52.84,207.59,47.65,20.4
2018-07-18 00:00:00+00:00,118.3,53.05,209.76,47.55,20.16
2018-07-19 00:00:00+00:00,117.08,52.69,208.91,47.92,20.29
2018-07-20 00:00:00+00:00,117.12,52.73,210.22,47.52,20.28
2018-07-23 00:00:00+00:00,117.81,53.35,210.51,47.36,20.21
2018-07-24 00:00:00+00:00,115.41,53.4,209.6,47.54,20.22
2018-07-25 00:00:00+00:00,117.83,54.14,202.91,47.55,20.39
2018-07-26 00:00:00+00:00,117.68,54.15,200.37,48.08,20.4
2018-07-27 00:00:00+00:00,115.25,53.36,198.6,47.97,20.26
2018-07-30 00:00:00+00:00,112.26,52.9,192.21,47.91,20.11
2018-07-31 00:00:00+00:00,112.57,53.03,193.77,48.6,20.16
2018-08-01 00:00:00+00:00,111.9,53.45,193.53,48.08,20.15
2018-08-02 00:00:00+00:00,119.18,53.35,190.81,48.47,20.59
2018-08-03 00:00:00+00:00,118.77,52.95,189.64,48.93,19.4
2018-08-06 00:00:00+00:00,118.44,53.54,189.68,48.99,19.08
2018-08-07 00:00:00+00:00,118.06,53.84,189.44,49.08,19.17
2018-08-08 00:00:00+00:00,116.17,53.86,186.23,46.88,19.15
2018-08-09 00:00:00+00:00,116.61,54.19,185.98,46.81,18.92
2018-08-10 00:00:00+00:00,116.14,53.79,186.47,46.13,18.84
2018-08-13 00:00:00+00:00,116.94,53.94,185.96,46.4,18.75
2018-08-14 00:00:00+00:00,118.35,54.18,186.44,46.72,18.81
2018-08-15 00:00:00+00:00,116.92,53.55,187.24,47.15,18.9
2018-08-16 00:00:00+00:00,118.02,53.8,187.97,47.5,18.86
2018-08-17 00:00:00+00:00,118.67,53.76,189.08,46.97,18.91
2018-08-20 00:00:00+00:00,119.29,54.03,190.02,46.61,18.97
2018-08-21 00:00:00+00:00,119.03,54.01,190.67,46.0,18.89
2018-08-22 00:00:00+00:00,120.34,53.74,190.74,45.26,18.97
2018-08-23 00:00:00+00:00,120.38,53.7,189.18,45.14,18.89
2018-08-24 00:00:00+00:00,122.15,53.67,187.38,45.03,18.82
2018-08-27 00:00:00+00:00,123.23,54.35,187.22,44.63,18.84
2018-08-28 00:00:00+00:00,124.37,54.37,188.52,44.33,18.81
2018-08-29 00:00:00+00:00,125.01,54.9,190.04,44.54,18.89
2018-08-30 00:00:00+00:00,123.67,54.79,189.98,44.19,18.8
2018-08-31 00:00:00+00:00,124.58,55.0,189.82,43.78,18.92
2018-09-04 00:00:00+00:00,125.51,55.7,194.38,43.89,18.86
2018-09-05 00:00:00+00:00,123.69,55.03,191.19,44.66,18.71
2018-09-06 00:00:00+00:00,124.28,54.82,184.17,45.76,18.96
2018-09-07 00:00:00+00:00,123.73,54.66,186.96,44.33,18.89
2018-09-10 00:00:00+00:00,125.58,54.97,182.99,44.36,19.14
2018-09-11 00:00:00+00:00,126.81,55.01,184.37,44.17,19.16
2018-09-12 00:00:00+00:00,127.95,55.05,184.09,44.12,19.3
2018-09-13 00:00:00+00:00,128.33,55.45,183.3,44.29,18.74
2018-09-14 00:00:00+00:00,128.59,55.14,183.45,43.9,18.73
2018-09-17 00:00:00+00:00,126.97,54.44,179.79,44.39,18.52
2018-09-18 00:00:00+00:00,128.55,55.11,181.64,44.79,18.66
2018-09-19 00:00:00+00:00,126.82,54.34,182.62,43.7,18.6
2018-09-20 00:00:00+00:00,127.15,54.94,183.24,43.29,18.72
2018-09-21 00:00:00+00:00,127.19,55.21,181.86,44.01,19.03
2018-09-24 00:00:00+00:00,127.29,54.28,184.18,43.83,18.78
2018-09-25 00:00:00+00:00,127.86,53.9,181.62,42.73,18.77
2018-09-26 00:00:00+00:00,127.11,53.38,179.19,42.66,19.06
2018-09-27 00:00:00+00:00,126.71,53.4,178.17,43.24,18.94
2018-09-28 00:00:00+00:00,127.4,53.96,178.49,43.6,19.06
2018-10-01 00:00:00+00:00,126.52,54.08,173.89,43.18,19.01
2018-10-02 00:00:00+00:00,125.71,54.07,178.1,43.43,18.89
2018-10-03 00:00:00+00:00,125.49,54.5,183.14,42.79,19.08
2018-10-04 00:00:00+00:00,122.09,53.68,191.53,42.98,18.6
2018-10-05 00:00:00+00:00,121.8,53.7,189.54,43.71,18.17
2018-10-08 00:00:00+00:00,117.86,52.85,186.06,43.92,18.02
2018-10-09 00:00:00+00:00,117.63,53.12,188.69,44.12,18.17
2018-10-10 00:00:00+00:00,113.11,51.14,186.81,43.94,17.76
2018-10-11 00:00:00+00:00,112.78,50.48,185.2,43.54,17.67
2018-10-12 00:00:00+00:00,117.36,51.84,187.5,43.58,17.91
2018-10-15 00:00:00+00:00,115.45,51.43,189.73,44.22,18.04
2018-10-16 00:00:00+00:00,119.89,52.5,193.6,44.51,18.4
2018-10-17 00:00:00+00:00,119.89,52.57,196.07,44.31,18.42
2018-10-18 00:00:00+00:00,117.94,52.49,194.72,44.3,18.34
2018-10-19 00:00:00+00:00,116.5,52.05,197.43,45.07,18.18
2018-10-22 00:00:00+00:00,116.83,51.84,196.34,44.97,18.01
2018-10-23 00:00:00+00:00,114.94,51.2,192.87,44.73,17.94
2018-10-24 00:00:00+00:00,110.39,50.0,208.93,46.02,17.67
2018-10-25 00:00:00+00:00,114.14,50.89,210.65,45.27,17.93
2018-10-26 00:00:00+00:00,112.04,50.74,207.76,44.86,17.62
2018-10-29 00:00:00+00:00,108.84,50.42,209.04,45.89,17.59
2018-10-30 00:00:00+00:00,110.66,51.43,217.26,45.82,17.87
2018-10-31 00:00:00+00:00,114.23,52.53,209.67,45.03,18.04
2018-11-01 00:00:00+00:00,114.77,52.47,208.59,44.9,18.07
2018-11-02 00:00:00+00:00,114.57,52.2,213.79,44.74,17.91
2018-11-05 00:00:00+00:00,111.59,51.9,207.09,45.25,18.44
2018-11-06 00:00:00+00:00,112.13,52.29,207.26,45.67,18.48
2018-11-07 00:00:00+00:00,115.04,53.09,208.08,47.01,18.49
2018-11-08 00:00:00+00:00,113.71,53.78,206.22,46.58,18.97
2018-11-09 00:00:00+00:00,112.17,52.91,208.48,46.81,18.82
2018-11-12 00:00:00+00:00,109.26,51.34,207.4,46.89,18.56
2018-11-13 00:00:00+00:00,108.56,51.02,207.79,47.27,18.89
2018-11-14 00:00:00+00:00,107.3,50.92,210.09,47.4,18.87
2018-11-15 00:00:00+00:00,109.42,52.18,210.03,47.18,18.76
2018-11-16 00:00:00+00:00,109.69,52.45,213.47,46.89,18.89
2018-11-19 00:00:00+00:00,104.38,50.6,214.65,47.04,18.71
2018-11-20 00:00:00+00:00,103.14,49.76,217.03,46.66,18.62
2018-11-21 00:00:00+00:00,103.87,50.37,214.89,45.63,18.43
2018-11-23 00:00:00+00:00,103.13,49.83,213.5,45.72,18.46
2018-11-26 00:00:00+00:00,106.43,50.87,215.11,45.65,18.53
2018-11-27 00:00:00+00:00,106.05,50.97,217.83,46.09,18.65
2018-11-28 00:00:00+00:00,111.06,52.84,216.0,46.12,18.85
2018-11-29 00:00:00+00:00,110.75,52.8,215.05,46.54,18.68
2018-11-30 00:00:00+00:00,111.81,53.37,217.73,47.33,18.73
2018-12-03 00:00:00+00:00,112.82,54.2,219.29,47.49,18.72
2018-12-04 00:00:00+00:00,106.99,52.51,221.99,47.24,18.36
2018-12-06 00:00:00+00:00,106.32,51.79,221.91,46.52,18.49
2018-12-07 00:00:00+00:00,103.84,50.89,224.73,46.98,18.15
2018-12-10 00:00:00+00:00,103.79,50.79,226.4,47.22,18.3
2018-12-11 00:00:00+00:00,103.0,50.56,228.69,47.56,18.37
2018-12-12 00:00:00+00:00,104.36,50.27,228.27,47.01,18.54
2018-12-13 00:00:00+00:00,103.77,49.54,229.34,47.55,18.7
2018-12-14 00:00:00+00:00,101.6,48.83,226.5,47.33,18.18
2018-12-17 00:00:00+00:00,99.63,48.55,219.36,46.0,17.82
2018-12-18 00:00:00+00:00,101.14,49.51,213.37,45.53,17.65
2018-12-19 00:00:00+00:00,101.34,48.43,213.05,45.28,17.49
2018-12-20 00:00:00+00:00,98.86,47.7,209.38,45.09,17.03
2018-12-21 00:00:00+00:00,96.27,46.39,204.85,45.09,16.83
2018-12-24 00:00:00+00:00,95.37,44.93,199.33,43.02,16.55
2018-12-26 00:00:00+00:00,101.44,47.22,204.47,43.64,17.01
2018-12-27 00:00:00+00:00,102.73,47.71,205.85,43.95,17.09
2018-12-28 00:00:00+00:00,102.54,47.32,207.55,43.95,17.04
2018-12-31 00:00:00+00:00,103.13,47.97,211.31,43.92,17.06
2019-01-02 00:00:00+00:00,102.03,47.42,209.21,43.72,17.14
2019-01-03 00:00:00+00:00,98.72,46.6,207.76,44.34,16.87
2019-01-04 00:00:00+00:00,102.75,48.8,214.3,44.71,17.09
2019-01-07 00:00:00+00:00,104.9,49.33,216.86,44.61,17.04
2019-01-08 00:00:00+00:00,107.67,49.76,216.69,45.88,17.07
2019-01-09 00:00:00+00:00,109.25,49.61,213.14,45.49,17.32
2019-01-10 00:00:00+00:00,110.25,49.89,212.67,46.34,17.41
2019-01-11 00:00:00+00:00,110.79,49.78,212.59,46.61,17.52
2019-01-14 00:00:00+00:00,110.04,49.65,207.58,46.16,17.5
2019-01-15 00:00:00+00:00,112.01,50.77,210.88,46.79,17.7
2019-01-16 00:00:00+00:00,112.91,51.11,216.25,46.87,17.75
2019-01-17 00:00:00+00:00,113.43,51.4,215.99,47.07,17.93
2019-01-18 00:00:00+00:00,114.59,51.61,219.18,47.22,18.26
2019-01-22 00:00:00+00:00,112.69,51.5,218.3,47.07,18.09
2019-01-23 00:00:00+00:00,111.28,51.25,219.81,47.58,18.07
2019-01-24 00:00:00+00:00,112.23,51.01,218.75,47.96,18.18
2019-01-25 00:00:00+00:00,113.23,51.52,219.45,47.5,18.23
2019-01-28 00:00:00+00:00,111.65,50.78,218.3,47.43,18.17
2019-01-29 00:00:00+00:00,110.7,50.6,213.5,47.58,18.13
2019-01-30 00:00:00+00:00,113.68,51.43,210.22,47.87,18.31
2019-01-31 00:00:00+00:00,112.28,51.92,214.77,48.6,18.25
2019-02-01 00:00:00+00:00,113.76,51.77,213.62,48.49,18.48
2019-02-04 00:00:00+00:00,115.12,52.23,216.43,48.61,18.41
2019-02-05 00:00:00+00:00,115.3,52.21,218.64,48.73,18.51
2019-02-06 00:00:00+00:00,114.32,52.28,218.84,48.54,18.6
2019-02-07 00:00:00+00:00,113.0,52.21,220.51,49.16,18.32
2019-02-08 00:00:00+00:00,114.9,52.41,220.67,49.12,18.01
2019-02-11 00:00:00+00:00,116.02,52.61,223.56,49.24,17.86
2019-02-12 00:00:00+00:00,117.42,53.11,225.41,49.37,17.99
2019-02-13 00:00:00+00:00,122.75,53.35,228.23,49.22,17.95
2019-02-14 00:00:00+00:00,121.55,52.99,226.76,49.2,17.75
2019-02-15 00:00:00+00:00,123.3,53.42,229.51,48.56,17.8
2019-02-19 00:00:00+00:00,124.37,53.13,232.54,48.92,17.84
2019-02-20 00:00:00+00:00,125.94,53.04,233.57,49.74,17.84
2019-02-21 00:00:00+00:00,126.62,53.08,235.16,50.22,17.63
2019-02-22 00:00:00+00:00,127.73,53.11,238.97,50.37,17.83
2019-02-25 00:00:00+00:00,128.22,52.99,241.39,49.56,17.71
2019-02-26 00:00:00+00:00,128.4,53.02,240.45,49.22,17.73
2019-02-27 00:00:00+00:00,129.28,53.05,244.5,49.38,17.8
2019-02-28 00:00:00+00:00,130.38,53.17,243.88,49.69,17.87
2019-03-01 00:00:00+00:00,131.49,53.98,243.09,49.98,18.21
2019-03-04 00:00:00+00:00,130.54,53.57,237.56,50.1,18.23
2019-03-05 00:00:00+00:00,129.94,53.43,233.92,50.07,18.07
2019-03-06 00:00:00+00:00,129.55,53.04,230.52,50.13,18.14
2019-03-07 00:00:00+00:00,129.87,52.9,225.44,50.49,17.71
2019-03-08 00:00:00+00:00,130.32,52.54,225.67,50.9,17.93
2019-03-11 00:00:00+00:00,131.89,53.62,227.16,51.4,18.16
2019-03-12 00:00:00+00:00,131.89,54.09,229.78,51.68,18.18
2019-03-13 00:00:00+00:00,133.0,54.39,230.47,51.73,18.4
2019-03-14 00:00:00+00:00,132.35,54.13,231.81,51.53,18.19
2019-03-15 00:00:00+00:00,134.12,54.52,233.44,51.86,18.35
2019-03-18 00:00:00+00:00,134.04,55.29,237.64,51.78,18.18
2019-03-19 00:00:00+00:00,134.35,55.25,235.62,50.99,18.07
2019-03-20 00:00:00+00:00,133.36,54.82,237.22,51.18,18.0
2019-03-21 00:00:00+00:00,136.15,55.46,240.16,51.57,18.32
2019-03-22 00:00:00+00:00,134.0,54.54,238.34,51.88,18.25
2019-03-25 00:00:00+00:00,132.9,54.34,239.12,52.05,18.2
2019-03-26 00:00:00+00:00,134.69,53.27,243.68,52.53,18.57
2019-03-27 00:00:00+00:00,133.99,52.6,245.08,52.23,18.57
2019-03-28 00:00:00+00:00,135.15,53.81,246.52,51.35,18.63
2019-03-29 00:00:00+00:00,136.52,54.38,246.08,51.68,18.47
2019-04-01 00:00:00+00:00,138.66,54.66,246.72,51.41,18.66
2019-04-02 00:00:00+00:00,138.8,54.73,248.69,51.64,18.93
2019-04-03 00:00:00+00:00,137.8,54.94,246.68,51.5,19.07
2019-04-04 00:00:00+00:00,135.69,54.96,248.41,51.2,19.02
2019-04-05 00:00:00+00:00,136.9,54.77,253.89,51.65,19.39
2019-04-08 00:00:00+00:00,136.63,54.89,258.14,51.51,19.48
2019-04-09 00:00:00+00:00,136.68,54.87,258.99,51.95,19.38
2019-04-10 00:00:00+00:00,137.05,54.97,258.46,51.77,19.37
2019-04-11 00:00:00+00:00,137.07,55.01,257.22,52.12,19.17
2019-04-12 00:00:00+00:00,139.14,55.08,259.85,52.5,19.11
2019-04-15 00:00:00+00:00,138.31,55.13,261.74,52.72,19.17
2019-04-16 00:00:00+00:00,138.82,55.17,262.92,52.39,19.24
2019-04-17 00:00:00+00:00,138.64,54.61,262.23,52.16,19.3
2019-04-18 00:00:00+00:00,139.67,55.01,263.92,51.96,19.3
2019-04-22 00:00:00+00:00,140.58,55.66,262.13,51.93,19.27
2019-04-23 00:00:00+00:00,143.71,56.29,262.5,51.84,19.41
2019-04-24 00:00:00+00:00,142.89,56.08,264.38,52.23,19.44
2019-04-25 00:00:00+00:00,143.43,56.3,265.46,52.44,19.18
2019-04-26 00:00:00+00:00,144.89,56.57,269.68,52.54,19.69
2019-04-29 00:00:00+00:00,145.38,56.9,276.3,52.26,19.41
2019-04-30 00:00:00+00:00,146.07,57.26,278.33,53.22,19.44
2019-05-01 00:00:00+00:00,144.08,56.48,282.04,52.52,19.32
2019-05-02 00:00:00+00:00,144.33,56.56,282.91,52.75,19.27
2019-05-03 00:00:00+00:00,145.9,57.0,286.05,53.24,19.3
2019-05-06 00:00:00+00:00,147.32,56.98,290.44,53.01,19.22
2019-05-07 00:00:00+00:00,144.2,56.08,279.87,52.86,19.2
2019-05-08 00:00:00+00:00,145.09,56.15,280.82,52.2,19.2
2019-05-09 00:00:00+00:00,146.07,55.72,278.0,52.36,19.2
2019-05-10 00:00:00+00:00,146.89,56.2,280.95,53.37,19.4
2019-05-13 00:00:00+00:00,143.6,54.64,281.65,54.1,19.06
2019-05-14 00:00:00+00:00,146.79,56.14,287.39,53.63,19.32
2019-05-15 00:00:00+00:00,148.22,56.62,287.0,53.64,19.44
2019-05-16 00:00:00+00:00,151.4,57.69,289.43,54.06,19.6
2019-05-17 00:00:00+00:00,149.81,57.4,292.17,53.82,19.32
2019-05-20 00:00:00+00:00,148.54,57.5,293.59,54.08,19.23
2019-05-21 00:00:00+00:00,150.49,58.43,292.04,53.97,19.41
2019-05-22 00:00:00+00:00,150.62,58.72,292.49,54.11,19.47
2019-05-23 00:00:00+00:00,147.96,57.76,291.62,54.34,19.47
2019-05-24 00:00:00+00:00,153.44,58.38,288.32,54.35,19.36
2019-05-28 00:00:00+00:00,148.87,57.82,281.07,53.56,19.34
2019-05-29 00:00:00+00:00,147.67,57.52,281.32,52.89,19.36
2019-05-30 00:00:00+00:00,152.93,57.82,283.96,53.0,19.31
2019-05-31 00:00:00+00:00,154.04,57.39,297.82,53.5,19.4
2019-06-03 00:00:00+00:00,148.87,57.66,294.22,54.16,19.39
2019-06-04 00:00:00+00:00,153.18,58.22,299.12,54.2,20.37
2019-06-05 00:00:00+00:00,157.08,59.04,316.8,54.81,19.85
2019-06-06 00:00:00+00:00,157.8,59.22,326.86,55.38,19.96
2019-06-07 00:00:00+00:00,160.91,59.6,334.61,54.71,20.15
2019-06-10 00:00:00+00:00,160.45,60.75,339.9,54.48,20.02
2019-06-11 00:00:00+00:00,158.94,59.64,333.99,54.55,19.89
2019-06-12 00:00:00+00:00,158.7,59.45,325.28,55.15,20.14
2019-06-13 00:00:00+00:00,158.17,59.26,317.67,55.15,20.06
2019-06-14 00:00:00+00:00,158.81,59.32,320.05,55.65,20.09
2019-06-17 00:00:00+00:00,159.82,59.36,318.5,55.5,20.06
2019-06-18 00:00:00+00:00,158.79,59.08,318.55,55.26,19.57
2019-06-19 00:00:00+00:00,160.9,59.55,331.39,55.74,19.71
2019-06-20 00:00:00+00:00,161.76,59.89,331.36,56.02,19.89
2019-06-21 00:00:00+00:00,161.04,59.88,333.08,56.27,20.09
2019-06-24 00:00:00+00:00,160.18,59.56,333.02,56.28,19.94
2019-06-25 00:00:00+00:00,157.82,59.26,319.04,55.98,19.94
2019-06-26 00:00:00+00:00,158.64,62.37,312.67,54.98,19.6
2019-06-27 00:00:00+00:00,159.73,63.1,316.34,55.08,19.68
2019-06-28 00:00:00+00:00,160.13,63.72,321.42,55.28,19.89
2019-07-01 00:00:00+00:00,162.65,64.61,322.58,54.84,19.98
2019-07-02 00:00:00+00:00,162.03,64.66,330.89,55.86,20.16
2019-07-03 00:00:00+00:00,162.99,65.12,338.5,56.31,20.25
2019-07-05 00:00:00+00:00,162.49,64.62,341.9,56.36,20.35
2019-07-08 00:00:00+00:00,163.0,64.58,341.5,56.31,20.35
2019-07-09 00:00:00+00:00,164.78,64.81,342.9,56.56,20.65
2019-07-10 00:00:00+00:00,163.88,64.84,349.4,56.91,20.55
2019-07-11 00:00:00+00:00,164.13,65.4,354.53,56.49,20.41
2019-07-12 00:00:00+00:00,164.22,65.57,358.28,55.67,20.5
2019-07-15 00:00:00+00:00,165.94,65.58,360.79,56.11,20.77
2019-07-16 00:00:00+00:00,164.73,65.56,363.11,55.66,20.53
2019-07-17 00:00:00+00:00,165.1,65.37,368.03,55.79,20.39
2019-07-18 00:00:00+00:00,167.32,65.53,372.8,56.13,20.51
2019-07-19 00:00:00+00:00,164.73,65.05,367.03,55.27,20.4
2019-07-22 00:00:00+00:00,163.21,65.25,370.48,55.48,20.4
2019-07-23 00:00:00+00:00,164.69,65.25,367.81,55.42,20.66
2019-07-24 00:00:00+00:00,161.89,64.81,334.25,55.64,20.88
2019-07-25 00:00:00+00:00,165.33,64.69,344.0,55.36,20.84
2019-07-26 00:00:00+00:00,169.64,65.46,347.94,55.74,21.07
2019-07-29 00:00:00+00:00,171.45,65.39,336.9,56.11,21.14
2019-07-30 00:00:00+00:00,167.36,65.23,336.05,55.29,20.9
2019-07-31 00:00:00+00:00,167.92,64.42,337.04,56.2,21.0
2019-08-01 00:00:00+00:00,164.9,64.04,340.3,56.98,21.09
2019-08-02 00:00:00+00:00,161.48,63.83,340.63,57.36,21.82
2019-08-05 00:00:00+00:00,153.58,62.24,341.47,55.93,21.05
2019-08-06 00:00:00+00:00,154.41,63.12,344.84,56.94,21.38
2019-08-07 00:00:00+00:00,157.87,63.04,348.92,57.45,21.4
2019-08-08 00:00:00+00:00,160.38,64.39,352.36,58.19,21.61
2019-08-09 00:00:00+00:00,160.07,64.41,362.15,58.33,21.59
2019-08-12 00:00:00+00:00,156.01,63.52,363.26,58.68,21.3
2019-08-13 00:00:00+00:00,158.79,64.84,367.02,57.2,21.41
2019-08-14 00:00:00+00:00,153.95,63.21,356.66,57.06,20.77
2019-08-15 00:00:00+00:00,156.33,63.65,365.12,57.63,20.88
2019-08-16 00:00:00+00:00,157.75,64.83,366.21,57.48,21.09
2019-08-19 00:00:00+00:00,159.48,65.4,368.91,57.94,21.39
2019-08-20 00:00:00+00:00,161.16,65.14,375.33,57.69,21.39
2019-08-21 00:00:00+00:00,162.59,65.13,389.23,57.95,21.77
2019-08-22 00:00:00+00:00,162.27,64.13,392.54,58.45,21.9
2019-08-23 00:00:00+00:00,158.01,62.74,388.62,57.68,21.38
2019-08-26 00:00:00+00:00,160.02,63.51,395.11,58.34,21.66
2019-08-27 00:00:00+00:00,162.22,64.39,405.68,57.76,21.87
2019-08-28 00:00:00+00:00,163.43,64.79,404.46,57.81,21.97
2019-08-29 00:00:00+00:00,165.6,65.62,392.25,58.12,22.12
2019-08-30 00:00:00+00:00,165.98,65.61,397.62,58.26,22.12
2019-09-03 00:00:00+00:00,167.25,65.72,402.11,59.77,21.94
2019-09-04 00:00:00+00:00,169.85,66.48,408.61,60.11,22.27
2019-09-05 00:00:00+00:00,174.84,67.17,411.96,59.5,22.6
2019-09-06 00:00:00+00:00,174.37,67.91,419.4,59.68,22.85
2019-09-09 00:00:00+00:00,170.8,67.29,369.69,59.02,23.3
2019-09-10 00:00:00+00:00,165.26,66.41,342.06,59.19,23.22
2019-09-11 00:00:00+00:00,165.65,65.59,341.43,59.71,23.74
2019-09-12 00:00:00+00:00,168.03,67.57,345.14,59.99,23.76
2019-09-13 00:00:00+00:00,167.52,67.86,330.29,60.13,23.36
2019-09-16 00:00:00+00:00,166.08,68.15,334.35,59.86,22.76
2019-09-17 00:00:00+00:00,163.74,67.93,342.48,60.55,22.86
2019-09-18 00:00:00+00:00,164.35,67.84,344.0,60.8,22.81
2019-09-19 00:00:00+00:00,162.68,67.75,342.75,61.06,22.71
2019-09-20 00:00:00+00:00,161.62,67.36,338.18,61.11,22.51
2019-09-23 00:00:00+00:00,159.66,66.92,335.55,61.32,22.4
2019-09-24 00:00:00+00:00,160.58,65.94,336.1,61.98,21.91
2019-09-25 00:00:00+00:00,160.59,66.24,333.51,61.73,22.34
2019-09-26 00:00:00+00:00,160.02,66.48,332.0,61.86,22.44
2019-09-27 00:00:00+00:00,156.84,65.68,324.71,61.77,23.05
2019-09-30 00:00:00+00:00,159.0,66.88,327.5,61.77,23.17
2019-10-01 00:00:00+00:00,158.12,66.96,325.01,61.88,23.22
2019-10-02 00:00:00+00:00,156.77,65.65,318.73,61.15,22.77
2019-10-03 00:00:00+00:00,158.56,66.52,336.86,61.36,22.9
2019-10-04 00:00:00+00:00,160.84,67.36,346.95,62.05,23.31
2019-10-07 00:00:00+00:00,160.2,67.52,347.79,61.92,23.32
2019-10-08 00:00:00+00:00,157.52,66.59,346.67,61.36,23.16
2019-10-09 00:00:00+00:00,161.09,67.67,355.27,61.9,23.38
2019-10-10 00:00:00+00:00,161.14,67.97,359.09,61.8,23.56
2019-10-11 00:00:00+00:00,162.92,68.31,348.19,61.52,23.73
2019-10-14 00:00:00+00:00,164.14,68.15,349.43,60.92,23.76
2019-10-15 00:00:00+00:00,164.86,69.24,349.32,60.7,23.97
2019-10-16 00:00:00+00:00,164.77,69.27,340.42,61.09,23.96
2019-10-17 00:00:00+00:00,163.24,69.71,349.7,61.06,23.94
2019-10-18 00:00:00+00:00,160.13,69.74,352.88,61.14,24.03
2019-10-21 00:00:00+00:00,161.35,70.14,353.4,61.59,24.35
2019-10-22 00:00:00+00:00,155.13,69.28,340.65,61.44,24.24
2019-10-23 00:00:00+00:00,156.27,69.57,342.18,61.95,24.52
2019-10-24 00:00:00+00:00,161.24,69.89,349.46,61.95,24.77
2019-10-25 00:00:00+00:00,161.34,69.35,344.07,61.35,24.82
2019-10-28 00:00:00+00:00,162.2,69.7,348.87,61.01,25.02
2019-10-29 00:00:00+00:00,163.2,69.2,351.49,60.92,25.03
2019-10-30 00:00:00+00:00,165.54,70.12,359.15,62.63,25.2
2019-10-31 00:00:00+00:00,169.18,70.02,368.59,62.66,25.06
2019-11-01 00:00:00+00:00,172.35,70.7,366.14,62.26,26.48
2019-11-04 00:00:00+00:00,169.27,69.74,358.4,61.74,26.61
2019-11-05 00:00:00+00:00,166.53,68.49,343.73,61.36,26.51
2019-11-06 00:00:00+00:00,167.06,69.36,347.81,61.85,27.47
2019-11-07 00:00:00+00:00,168.99,69.7,349.6,60.71,27.86
2019-11-08 00:00:00+00:00,170.26,69.64,347.15,61.26,27.87
2019-11-11 00:00:00+00:00,171.99,68.9,359.74,60.47,27.36
2019-11-12 00:00:00+00:00,171.86,69.26,365.93,60.69,26.65
2019-11-13 00:00:00+00:00,173.58,70.21,374.36,61.91,26.4
2019-11-14 00:00:00+00:00,177.5,71.55,379.22,62.39,26.48
2019-11-15 00:00:00+00:00,179.23,71.38,381.06,62.2,26.8
2019-11-18 00:00:00+00:00,179.63,71.17,389.52,62.48,27.08
2019-11-19 00:00:00+00:00,181.72,71.88,400.17,62.21,27.35
2019-11-20 00:00:00+00:00,180.51,72.01,404.49,62.78,26.97
2019-11-21 00:00:00+00:00,178.39,71.62,393.89,62.68,27.03
2019-11-22 00:00:00+00:00,178.65,71.85,392.33,62.89,27.0
2019-11-25 00:00:00+00:00,179.65,72.23,397.18,62.18,27.38
2019-11-26 00:00:00+00:00,180.52,72.81,401.9,62.25,27.37
2019-11-27 00:00:00+00:00,181.06,72.9,406.43,62.31,27.28
2019-11-29 00:00:00+00:00,181.1,72.65,403.82,61.99,26.88
2019-12-02 00:00:00+00:00,178.07,72.11,398.97,61.6,26.91
2019-12-03 00:00:00+00:00,177.42,72.31,397.67,62.37,26.75
2019-12-04 00:00:00+00:00,175.97,72.5,393.99,62.69,26.76
2019-12-05 00:00:00+00:00,176.92,72.71,381.18,62.76,26.84
2019-12-06 00:00:00+00:00,176.66,73.72,375.9,62.14,26.86
2019-12-09 00:00:00+00:00,175.18,73.11,367.02,61.44,26.93
2019-12-10 00:00:00+00:00,173.98,73.33,370.0,60.33,26.81
2019-12-11 00:00:00+00:00,174.99,73.65,376.81,60.69,26.59
2019-12-12 00:00:00+00:00,175.07,74.04,369.46,60.71,27.05
2019-12-13 00:00:00+00:00,178.93,74.6,373.89,60.76,27.23
2019-12-16 00:00:00+00:00,179.3,74.91,374.69,62.27,27.13
2019-12-17 00:00:00+00:00,180.47,75.13,373.54,63.7,26.86
2019-12-18 00:00:00+00:00,181.27,74.23,369.9,63.63,26.87
2019-12-19 00:00:00+00:00,183.39,74.73,377.57,63.07,27.17
2019-12-20 00:00:00+00:00,183.45,75.36,376.32,63.86,27.43
2019-12-23 00:00:00+00:00,182.26,75.41,371.36,63.26,27.14
2019-12-24 00:00:00+00:00,182.84,75.13,374.08,63.13,27.07
2019-12-26 00:00:00+00:00,183.49,75.01,376.1,63.17,27.29
2019-12-27 00:00:00+00:00,182.89,75.64,375.0,63.46,27.37
2019-12-30 00:00:00+00:00,181.35,74.79,374.5,63.34,26.78
2019-12-31 00:00:00+00:00,182.56,75.35,379.11,63.7,26.78
2020-01-02 00:00:00+00:00,185.67,75.79,380.25,62.62,26.19
2020-01-03 00:00:00+00:00,184.4,75.82,380.05,62.56,26.1
2020-01-06 00:00:00+00:00,187.97,76.24,374.08,62.81,25.85
2020-01-07 00:00:00+00:00,187.37,76.43,375.25,62.62,25.97
2020-01-08 00:00:00+00:00,188.86,77.21,364.3,62.6,26.2
2020-01-09 00:00:00+00:00,191.37,78.19,371.7,63.26,26.66
2020-01-10 00:00:00+00:00,190.44,78.26,363.07,63.66,26.26
2020-01-13 00:00:00+00:00,193.3,79.93,368.6,64.54,26.5
2020-01-14 00:00:00+00:00,191.31,79.06,366.61,64.92,26.67
2020-01-15 00:00:00+00:00,194.38,79.35,368.1,65.58,27.07
2020-01-16 00:00:00+00:00,195.95,78.08,370.01,66.15,27.59
2020-01-17 00:00:00+00:00,198.62,79.27,369.06,67.26,27.77
2020-01-21 00:00:00+00:00,198.79,80.14,370.69,68.12,27.32
2020-01-22 00:00:00+00:00,200.06,80.69,370.4,68.3,27.58
2020-01-23 00:00:00+00:00,199.78,80.59,367.28,68.96,27.75
2020-01-24 00:00:00+00:00,198.77,79.89,359.27,69.44,27.1
2020-01-27 00:00:00+00:00,195.5,79.37,357.86,69.74,27.15
2020-01-28 00:00:00+00:00,198.03,80.05,359.87,70.05,27.49
2020-01-29 00:00:00+00:00,199.27,79.79,352.04,70.1,27.51
2020-01-30 00:00:00+00:00,200.04,79.95,358.16,70.85,27.6
2020-01-31 00:00:00+00:00,195.45,78.86,354.18,70.4,26.9
2020-02-03 00:00:00+00:00,198.06,79.66,355.5,70.7,27.09
2020-02-04 00:00:00+00:00,202.94,80.79,355.0,69.54,27.46
2020-02-05 00:00:00+00:00,200.65,80.36,341.85,69.03,27.92
2020-02-06 00:00:00+00:00,201.67,80.85,345.67,68.84,27.97
2020-02-07 00:00:00+00:00,200.79,80.42,344.29,68.38,27.65
2020-02-10 00:00:00+00:00,204.64,81.1,341.25,68.44,28.3
2020-02-11 00:00:00+00:00,203.18,80.62,342.28,68.59,28.24
2020-02-12 00:00:00+00:00,201.65,80.52,335.5,68.62,26.13
2020-02-13 00:00:00+00:00,202.73,80.27,338.15,69.54,26.06
2020-02-14 00:00:00+00:00,206.37,80.76,345.69,69.02,26.24
2020-02-18 00:00:00+00:00,207.07,80.29,347.18,69.4,25.79
2020-02-19 00:00:00+00:00,206.98,81.11,341.68,68.61,26.22
2020-02-20 00:00:00+00:00,208.47,80.44,344.6,69.81,26.5
2020-02-21 00:00:00+00:00,204.39,79.06,340.09,68.99,25.77
2020-02-24 00:00:00+00:00,200.42,77.45,341.91,67.8,25.11
2020-02-25 00:00:00+00:00,191.2,74.91,331.2,66.86,24.06
2020-02-26 00:00:00+00:00,189.65,74.79,338.28,66.19,23.81
2020-02-27 00:00:00+00:00,183.75,71.64,333.34,62.88,22.71
2020-02-28 00:00:00+00:00,183.97,71.24,324.33,60.36,22.39
2020-03-02 00:00:00+00:00,192.39,73.49,348.62,63.93,23.49
2020-03-03 00:00:00+00:00,187.58,71.21,351.58,63.9,23.05
2020-03-04 00:00:00+00:00,193.92,74.31,373.56,67.8,23.9
2020-03-05 00:00:00+00:00,185.73,71.9,377.53,67.57,22.38
2020-03-06 00:00:00+00:00,179.56,69.32,362.36,66.87,22.35
2020-03-09 00:00:00+00:00,164.75,60.68,352.31,62.16,20.17
2020-03-10 00:00:00+00:00,181.77,61.11,357.16,62.02,21.9
2020-03-11 00:00:00+00:00,172.15,59.58,333.65,58.18,21.73
2020-03-12 00:00:00+00:00,157.11,52.89,314.73,52.19,20.68
2020-03-13 00:00:00+00:00,172.99,55.97,343.07,53.97,22.13
2020-03-16 00:00:00+00:00,139.83,51.21,311.29,47.62,20.84
2020-03-17 00:00:00+00:00,147.81,54.95,333.0,56.56,22.56
2020-03-18 00:00:00+00:00,134.56,55.53,305.36,55.92,21.55
2020-03-19 00:00:00+00:00,130.52,52.16,316.13,50.9,20.07
2020-03-20 00:00:00+00:00,119.0,47.88,310.63,46.36,18.37
2020-03-23 00:00:00+00:00,116.07,45.4,281.31,43.23,18.55
2020-03-24 00:00:00+00:00,141.23,58.3,326.72,49.04,19.11
2020-03-25 00:00:00+00:00,146.7,58.2,330.31,50.14,19.24
2020-03-26 00:00:00+00:00,152.87,59.56,352.79,55.14,20.76
2020-03-27 00:00:00+00:00,144.96,59.05,342.78,56.01,19.74
2020-03-30 00:00:00+00:00,151.23,61.86,351.32,57.99,18.91
2020-03-31 00:00:00+00:00,144.23,60.0,332.57,54.14,18.13
2020-04-01 00:00:00+00:00,133.11,58.3,333.99,50.14,17.6
2020-04-02 00:00:00+00:00,130.69,60.63,347.29,52.4,17.85
2020-04-03 00:00:00+00:00,126.3,61.58,387.27,50.27,17.72
