date,AMD,AMG,EQIX,JKHY,NEM,portfolio_value
2015-04-06 00:00:00+00:00,2.7,215.14,235.15,70.09,22.58,821.2242026020098
2015-04-07 00:00:00+00:00,2.7,214.17,234.29,69.33,22.17,815.7619129957579
2015-04-08 00:00:00+00:00,2.71,215.74,239.09,69.07,22.08,820.6504201724345
2015-04-09 00:00:00+00:00,2.72,218.7,240.06,68.42,22.23,828.3825195234
2015-04-10 00:00:00+00:00,2.76,217.7,239.65,68.03,22.33,825.8019386644183
2015-04-13 00:00:00+00:00,2.78,219.1,239.77,68.15,22.57,830.6744356905915
2015-04-14 00:00:00+00:00,2.67,219.86,241.49,68.41,22.82,834.1017874168269
2015-04-15 00:00:00+00:00,2.7,219.51,241.19,67.62,23.55,835.3602060490732
2015-04-16 00:00:00+00:00,2.87,219.93,241.56,67.33,23.62,837.2016984329913
2015-04-17 00:00:00+00:00,2.575,218.02,236.14,66.69,23.57,828.3121197871727
2015-04-20 00:00:00+00:00,2.49,220.0,239.87,67.1,23.52,834.5159876818364
2015-04-21 00:00:00+00:00,2.35,220.24,243.78,67.7,23.51,836.5154406034894
2015-04-22 00:00:00+00:00,2.28,221.04,244.78,68.03,22.77,835.8409109995472
2015-04-23 00:00:00+00:00,2.33,222.18,246.925,68.14,23.45,842.6971716518236
2015-04-24 00:00:00+00:00,2.3,222.35,246.065,67.45,24.98,848.3915948719894
2015-04-27 00:00:00+00:00,2.34,222.69,244.85,67.25,25.59,851.3884701589533
2015-04-28 00:00:00+00:00,2.31,228.02,246.38,67.95,26.35,869.4881525108626
2015-04-29 00:00:00+00:00,2.28,225.4,244.8,67.46,26.48,862.1018442607345
2015-04-30 00:00:00+00:00,2.26,226.13,255.93,66.51,26.49,866.3232847995084
2015-05-01 00:00:00+00:00,2.31,226.45,258.88,66.96,26.49,868.8710674102578
2015-05-04 00:00:00+00:00,2.31,226.79,259.13,67.2,26.05,868.2429112026434
2015-05-05 00:00:00+00:00,2.28,223.71,257.18,66.28,25.95,858.0388868522274
2015-05-06 00:00:00+00:00,2.29,220.92,258.28,67.09,25.65,851.0548994189345
2015-05-07 00:00:00+00:00,2.32,221.54,262.0,66.0,25.82,853.3185623036538
2015-05-08 00:00:00+00:00,2.31,223.47,267.93,65.08,26.04,859.8991367376624
2015-05-11 00:00:00+00:00,2.32,223.04,263.42,65.15,26.36,858.8411526034323
2015-05-12 00:00:00+00:00,2.35,221.0,259.3,65.0,26.65,853.4789214124366
2015-05-13 00:00:00+00:00,2.37,220.96,259.68,65.01,27.31,856.4152184603264
2015-05-14 00:00:00+00:00,2.33,223.37,261.41,65.61,27.2,863.2430438454268
2015-05-15 00:00:00+00:00,2.32,222.4,260.4,65.03,27.69,861.7606289943056
2015-05-18 00:00:00+00:00,2.35,224.8,262.29,65.69,27.55,868.8570997896993
2015-05-19 00:00:00+00:00,2.28,224.34,263.68,65.62,27.05,865.6136612994364
2015-05-20 00:00:00+00:00,2.32,225.71,269.9,65.37,27.66,873.5791563231421
2015-05-21 00:00:00+00:00,2.28,225.46,268.22,64.99,27.0,868.9320899970255
2015-05-22 00:00:00+00:00,2.28,224.88,268.0,65.1,27.01,867.561954512043
2015-05-26 00:00:00+00:00,2.22,222.63,266.77,64.2,26.55,858.0703381156063
2015-05-27 00:00:00+00:00,2.28,224.85,270.01,65.15,27.03,868.2833607250684
2015-05-28 00:00:00+00:00,2.27,225.04,269.19,65.09,27.47,870.2647036717199
2015-05-29 00:00:00+00:00,2.28,223.66,268.07,65.08,27.24,865.4278187267008
2015-06-01 00:00:00+00:00,2.25,223.09,270.15,65.1,27.17,864.2450009558676
2015-06-02 00:00:00+00:00,2.3,224.74,268.95,65.1,26.95,867.3396710549534
2015-06-03 00:00:00+00:00,2.28,226.07,266.14,65.74,26.38,868.1139504364893
2015-06-04 00:00:00+00:00,2.33,223.02,263.06,64.98,26.8,860.3808447988306
2015-06-05 00:00:00+00:00,2.33,222.15,263.05,65.38,25.91,854.8601107084386
2015-06-08 00:00:00+00:00,2.31,220.21,261.45,65.04,25.84,848.5799061656072
2015-06-09 00:00:00+00:00,2.29,218.48,257.81,64.79,24.41,836.4815914763218
2015-06-10 00:00:00+00:00,2.32,223.86,260.37,65.22,23.7,848.676366572354
2015-06-11 00:00:00+00:00,2.32,224.15,260.93,65.93,23.66,850.3212824393819
2015-06-12 00:00:00+00:00,2.31,221.65,260.72,65.53,23.55,842.856685795571
2015-06-15 00:00:00+00:00,2.32,221.23,255.86,65.05,24.03,841.7014393017719
2015-06-16 00:00:00+00:00,2.35,223.82,255.7,65.71,23.94,848.8339026504526
2015-06-17 00:00:00+00:00,2.47,223.31,257.12,65.25,24.53,850.4369523197337
2015-06-18 00:00:00+00:00,2.52,225.04,261.35,66.14,25.0,859.55882113861
2015-06-19 00:00:00+00:00,2.58,225.13,262.79,66.14,24.65,859.0119631370787
2015-06-22 00:00:00+00:00,2.62,227.9,260.04,66.02,23.95,862.2210208324235
2015-06-23 00:00:00+00:00,2.61,227.92,259.26,65.71,24.13,862.3559958801316
2015-06-24 00:00:00+00:00,2.62,226.42,256.11,65.83,24.12,857.6601772529546
2015-06-25 00:00:00+00:00,2.58,225.89,256.59,66.09,23.94,855.8528645309768
2015-06-26 00:00:00+00:00,2.47,226.76,258.87,66.05,23.83,857.8264674683612
2015-06-29 00:00:00+00:00,2.34,219.27,250.33,65.36,23.53,833.251286292555
2015-06-30 00:00:00+00:00,2.4,218.6,254.0,64.7,23.36,831.422456931686
2015-07-01 00:00:00+00:00,2.42,220.07,255.64,65.68,23.13,836.0411672487973
2015-07-02 00:00:00+00:00,2.53,219.25,255.34,65.64,23.67,836.5706755440108
2015-07-06 00:00:00+00:00,2.47,215.75,255.51,65.8,23.86,828.4526857043797
2015-07-07 00:00:00+00:00,2.09,215.65,257.5,65.94,22.41,821.2229907495006
2015-07-08 00:00:00+00:00,2.01,208.8,256.35,65.72,22.52,803.2233998047634
2015-07-09 00:00:00+00:00,1.98,210.63,256.68,65.97,22.59,808.4883261750781
2015-07-10 00:00:00+00:00,1.96,213.82,258.78,66.86,22.52,818.047046566127
2015-07-13 00:00:00+00:00,1.96,216.52,259.94,67.15,22.5,825.5931733903665
2015-07-14 00:00:00+00:00,2.05,216.66,261.07,67.65,22.15,825.8301734277522
2015-07-15 00:00:00+00:00,1.96,216.73,259.8,68.03,21.8,824.203182606547
2015-07-16 00:00:00+00:00,1.87,219.99,262.12,68.93,21.38,832.2345082052306
2015-07-17 00:00:00+00:00,1.79,218.8,263.5,68.42,20.69,825.716655603794
2015-07-20 00:00:00+00:00,1.8,218.24,270.24,69.05,18.16,816.4963852111495
2015-07-21 00:00:00+00:00,1.8,217.9,268.84,68.91,18.74,817.4768097791596
2015-07-22 00:00:00+00:00,1.79,218.69,269.55,69.7,18.52,819.7362829791117
2015-07-23 00:00:00+00:00,1.76,216.25,269.39,69.38,17.6,808.9981815658977
2015-07-24 00:00:00+00:00,1.67,213.69,276.06,69.42,17.8,805.14502901693
2015-07-27 00:00:00+00:00,1.62,210.16,276.64,68.76,17.22,792.8034163464747
2015-07-28 00:00:00+00:00,1.77,208.02,279.2,69.1,17.64,791.0229805372055
2015-07-29 00:00:00+00:00,1.96,210.41,279.22,69.95,17.67,799.1292931932597
2015-07-30 00:00:00+00:00,1.93,209.25,282.58,70.09,17.29,795.6815180501645
2015-07-31 00:00:00+00:00,1.93,207.9,278.91,69.86,17.17,790.2475767960808
2015-08-03 00:00:00+00:00,2.2,208.75,282.89,69.71,16.42,791.4489705452314
2015-08-04 00:00:00+00:00,2.13,211.02,280.04,69.97,16.4,796.2689240085942
2015-08-05 00:00:00+00:00,2.16,212.08,280.45,70.45,16.35,799.6245679186584
2015-08-06 00:00:00+00:00,2.11,209.63,280.0,69.72,16.36,792.1381565193626
2015-08-07 00:00:00+00:00,2.09,209.02,280.39,70.24,16.14,790.3386243536601
2015-08-10 00:00:00+00:00,1.93,211.83,280.09,71.11,16.95,801.2949716126229
2015-08-11 00:00:00+00:00,1.9,207.5,279.43,70.23,17.03,789.1365641437202
2015-08-12 00:00:00+00:00,1.9,203.33,280.35,70.83,18.14,784.2872418019663
2015-08-13 00:00:00+00:00,1.79,203.53,282.23,71.31,17.49,782.770509507623
2015-08-14 00:00:00+00:00,1.84,205.55,284.4,71.22,17.35,788.1268643043634
2015-08-17 00:00:00+00:00,1.8,205.72,284.51,71.63,17.85,791.07972805302
2015-08-18 00:00:00+00:00,1.8,204.91,287.42,71.59,17.54,788.5784175186484
2015-08-19 00:00:00+00:00,1.8,201.77,285.59,71.22,17.93,781.1721321211382
2015-08-20 00:00:00+00:00,1.7,196.85,279.96,70.14,18.55,767.6609555753753
2015-08-21 00:00:00+00:00,1.78,190.72,271.31,68.27,18.14,745.4497550062936
2015-08-24 00:00:00+00:00,1.75,182.73,255.53,65.95,16.89,711.5690792538005
2015-08-25 00:00:00+00:00,1.66,179.59,251.11,65.88,16.17,698.5839806909554
2015-08-26 00:00:00+00:00,1.72,184.71,260.8,68.71,15.81,717.0645078504956
2015-08-27 00:00:00+00:00,1.78,189.07,266.14,67.82,16.7,732.850758136407
2015-08-28 00:00:00+00:00,1.85,187.48,268.78,68.78,17.17,733.157566029179
2015-08-31 00:00:00+00:00,1.81,186.44,269.77,67.96,17.07,729.1942425989739
2015-09-01 00:00:00+00:00,1.71,179.21,262.87,65.61,16.73,703.6766444560462
2015-09-02 00:00:00+00:00,1.77,178.83,269.95,66.9,16.21,704.6522134920702
2015-09-03 00:00:00+00:00,1.79,177.57,274.44,67.47,16.19,703.6043621583301
2015-09-04 00:00:00+00:00,1.82,173.25,269.88,66.44,15.7,687.8406440020763
2015-09-08 00:00:00+00:00,1.88,180.63,279.28,68.35,15.96,713.4843767191602
2015-09-09 00:00:00+00:00,1.85,177.61,281.0,67.67,15.62,703.8969214869742
2015-09-10 00:00:00+00:00,1.84,176.94,285.14,68.12,15.56,703.793379880504
2015-09-11 00:00:00+00:00,2.01,176.01,289.62,69.1,16.24,707.7228117549884
2015-09-14 00:00:00+00:00,1.82,174.64,289.7,68.59,15.89,701.3139397229568
2015-09-15 00:00:00+00:00,1.86,177.76,290.05,69.59,15.97,711.1605194150733
2015-09-16 00:00:00+00:00,1.89,180.85,290.57,70.08,16.94,724.1017082648253
2015-09-17 00:00:00+00:00,1.89,179.52,290.07,70.0,17.24,721.7259668557176
2015-09-18 00:00:00+00:00,1.87,175.21,285.51,69.51,16.98,707.4397451740728
2015-09-21 00:00:00+00:00,1.81,176.02,292.02,70.0,16.63,710.4807147105784
2015-09-22 00:00:00+00:00,1.73,171.85,288.45,69.56,15.59,693.3507085889696
2015-09-23 00:00:00+00:00,1.7,169.88,288.89,69.82,15.55,688.4951728008667
2015-09-24 00:00:00+00:00,1.72,170.01,279.67,69.61,16.78,690.9201228891737
2015-09-25 00:00:00+00:00,1.71,170.59,279.3,69.93,16.59,691.8305131660071
2015-09-28 00:00:00+00:00,1.66,165.65,270.49,68.45,16.02,671.8651182825281
2015-09-29 00:00:00+00:00,1.67,166.61,268.98,68.89,15.82,673.5697576921976
2015-09-30 00:00:00+00:00,1.72,170.99,273.4,69.61,16.07,688.3629138112348
2015-10-01 00:00:00+00:00,1.74,170.36,276.46,69.67,15.84,686.9214389656356
2015-10-02 00:00:00+00:00,1.83,170.51,279.58,70.87,17.07,695.4568715511334
2015-10-05 00:00:00+00:00,1.8,174.33,283.44,72.09,17.95,711.6232125167722
2015-10-06 00:00:00+00:00,1.83,174.07,271.55,71.97,18.35,708.8007123515468
2015-10-07 00:00:00+00:00,1.86,177.07,265.41,72.57,18.94,717.8756259181274
2015-10-08 00:00:00+00:00,1.93,177.05,267.34,73.51,18.66,718.7318585945609
2015-10-09 00:00:00+00:00,1.96,177.07,269.88,73.89,18.93,721.3620724008447
2015-10-12 00:00:00+00:00,1.87,175.13,272.56,74.08,18.45,715.0868127115449
2015-10-13 00:00:00+00:00,1.92,171.01,271.7,73.55,18.37,703.4945638917083
2015-10-14 00:00:00+00:00,1.95,170.6,274.7,73.03,19.47,707.5866697563022
2015-10-15 00:00:00+00:00,1.97,175.61,280.1,73.4,19.3,721.9433455950219
2015-10-16 00:00:00+00:00,1.94,176.7,286.3,73.54,18.99,725.4550369646706
2015-10-19 00:00:00+00:00,2.01,172.93,290.71,74.09,18.55,716.3667844689968
2015-10-20 00:00:00+00:00,2.02,173.13,293.36,74.0,18.84,718.9008976722321
2015-10-21 00:00:00+00:00,2.1,168.75,292.28,73.37,18.42,705.1223102785619
2015-10-22 00:00:00+00:00,2.14,176.88,294.62,75.22,19.03,731.7336308429472
2015-10-23 00:00:00+00:00,2.21,181.71,294.84,76.1,19.55,747.757030233157
2015-10-26 00:00:00+00:00,2.15,181.02,301.2,76.33,18.8,744.8851342167438
2015-10-27 00:00:00+00:00,2.15,178.57,296.09,75.41,18.77,735.6932494390311
2015-10-28 00:00:00+00:00,2.18,183.3,294.59,77.46,19.15,751.6133049044753
2015-10-29 00:00:00+00:00,2.13,179.87,292.91,77.71,19.89,745.5805859545221
2015-10-30 00:00:00+00:00,2.12,180.26,296.68,77.34,19.46,745.4495508046379
2015-11-02 00:00:00+00:00,2.19,185.06,303.58,77.55,19.63,761.2161497274084
2015-11-03 00:00:00+00:00,2.28,186.75,299.31,77.13,19.22,762.2487147597592
2015-11-04 00:00:00+00:00,2.2,186.65,295.99,77.59,19.01,760.2661901960929
2015-11-05 00:00:00+00:00,2.2,187.31,295.8,77.19,17.5,754.936463806169
2015-11-06 00:00:00+00:00,2.15,188.97,290.37,77.87,17.54,758.2354642815816
2015-11-09 00:00:00+00:00,2.11,177.87,292.4,78.5,17.86,732.5525901619766
2015-11-10 00:00:00+00:00,2.02,177.05,297.54,78.39,17.46,729.8945772382003
2015-11-11 00:00:00+00:00,2.07,176.78,296.92,78.0,17.79,730.133744426363
2015-11-12 00:00:00+00:00,2.0,171.29,294.74,77.31,17.33,712.2880560716703
2015-11-13 00:00:00+00:00,1.99,167.53,291.07,76.89,17.5,701.6599986441125
2015-11-16 00:00:00+00:00,1.99,172.07,295.39,78.57,17.63,717.3156154054782
2015-11-17 00:00:00+00:00,1.98,170.45,299.07,78.77,16.88,711.376882409323
2015-11-18 00:00:00+00:00,2.12,176.34,293.09,79.57,17.63,729.2785857968906
2015-11-19 00:00:00+00:00,2.14,176.71,286.11,79.1,18.05,729.2530603511203
2015-11-20 00:00:00+00:00,2.22,175.26,298.6,79.17,17.68,728.4336586889998
2015-11-23 00:00:00+00:00,2.22,174.82,297.73,78.84,17.56,726.1011912802401
2015-11-24 00:00:00+00:00,2.34,175.54,293.21,78.64,18.0,728.6109864106356
2015-11-25 00:00:00+00:00,2.38,176.18,295.13,78.7,17.91,730.7247426631479
2015-11-27 00:00:00+00:00,2.33,176.69,297.75,78.78,17.39,730.5424157092688
2015-11-30 00:00:00+00:00,2.36,177.23,296.5,79.38,18.41,736.7553193290001
2015-12-01 00:00:00+00:00,2.34,179.87,300.63,79.58,18.39,744.9104235282122
2015-12-02 00:00:00+00:00,2.27,175.73,299.66,79.14,17.85,730.8747386441747
2015-12-03 00:00:00+00:00,2.23,170.65,295.22,78.94,18.73,719.8118010733614
2015-12-04 00:00:00+00:00,2.28,175.52,301.2,79.0,20.46,741.8488655179605
2015-12-07 00:00:00+00:00,2.355,172.6,297.58,78.87,19.75,730.3462394381147
2015-12-08 00:00:00+00:00,2.39,169.05,298.1,78.22,19.38,719.2018478248667
2015-12-09 00:00:00+00:00,2.35,166.6,298.24,77.68,19.6,713.0845054129993
2015-12-10 00:00:00+00:00,2.45,165.86,295.65,77.93,19.43,710.3691683090669
2015-12-11 00:00:00+00:00,2.36,152.76,289.94,77.4,19.13,672.7601757988574
2015-12-14 00:00:00+00:00,2.34,144.01,293.55,77.83,18.35,648.7202975996812
2015-12-15 00:00:00+00:00,2.36,152.24,290.02,78.13,18.4,669.2609624937808
2015-12-16 00:00:00+00:00,2.54,159.08,295.49,77.74,19.08,691.6578128814723
2015-12-17 00:00:00+00:00,2.56,157.73,293.41,77.22,17.61,680.691049286117
2015-12-18 00:00:00+00:00,2.45,153.75,289.35,77.53,17.71,669.5748865139736
2015-12-21 00:00:00+00:00,2.53,154.23,295.74,77.51,17.65,672.920702030501
2015-12-22 00:00:00+00:00,2.77,157.92,296.93,77.76,17.8,684.6903314495361
2015-12-23 00:00:00+00:00,2.83,162.65,297.35,77.92,18.14,698.8050518178251
2015-12-24 00:00:00+00:00,2.92,163.1,297.19,78.14,18.54,702.2666643549562
2015-12-28 00:00:00+00:00,3.0,163.25,300.91,78.42,17.91,701.851027805938
2015-12-29 00:00:00+00:00,3.0,162.66,304.98,79.25,18.03,703.2187297161046
2015-12-30 00:00:00+00:00,2.98,160.74,302.69,78.99,17.77,696.0559426178685
2015-12-31 00:00:00+00:00,2.87,159.76,302.4,78.06,17.99,692.7651680026171
2016-01-04 00:00:00+00:00,2.77,155.99,296.08,76.53,18.44,680.6731481190448
2016-01-05 00:00:00+00:00,2.75,154.73,303.41,77.65,18.42,681.0675214478941
2016-01-06 00:00:00+00:00,2.505,147.93,309.13,77.71,18.56,665.201287215008
2016-01-07 00:00:00+00:00,2.275,139.0,303.29,76.88,18.86,639.7879577101206
2016-01-08 00:00:00+00:00,2.14,134.23,309.79,76.45,18.01,624.9730953323044
2016-01-11 00:00:00+00:00,2.34,135.84,312.88,76.73,17.01,627.0057615689932
2016-01-12 00:00:00+00:00,2.39,136.37,314.92,77.9,17.01,630.7026532080803
2016-01-13 00:00:00+00:00,2.25,131.16,305.58,75.78,17.48,613.1327837824837
2016-01-14 00:00:00+00:00,2.21,131.82,310.99,77.12,17.27,617.1886139538631
2016-01-15 00:00:00+00:00,2.03,128.2,303.19,74.53,17.7,603.2430164432621
2016-01-19 00:00:00+00:00,1.95,128.61,295.11,75.62,16.31,596.7782099472021
2016-01-20 00:00:00+00:00,1.8,126.57,294.36,75.14,16.56,591.1598782902277
2016-01-21 00:00:00+00:00,2.09,127.44,289.78,76.55,16.69,595.4541890806818
2016-01-22 00:00:00+00:00,2.02,134.53,297.05,78.32,16.68,617.792071101847
2016-01-25 00:00:00+00:00,2.12,128.18,299.93,77.38,17.67,605.9806013059086
2016-01-26 00:00:00+00:00,2.07,131.4,303.64,77.98,18.5,619.4880534279498
2016-01-27 00:00:00+00:00,2.13,131.1,299.57,77.92,19.44,621.5988424612931
2016-01-28 00:00:00+00:00,2.08,128.78,300.22,78.15,19.53,616.3509764082384
2016-01-29 00:00:00+00:00,2.2,134.19,310.57,81.18,19.96,639.6637160156062
2016-02-01 00:00:00+00:00,2.14,132.2,311.44,81.34,20.55,637.3342550617627
2016-02-02 00:00:00+00:00,1.99,122.6,312.59,80.71,20.07,609.7277170467478
2016-02-03 00:00:00+00:00,2.07,122.4,309.54,79.88,22.34,617.2175661675047
2016-02-04 00:00:00+00:00,2.09,128.66,308.45,79.75,23.38,637.2049351072199
2016-02-05 00:00:00+00:00,1.98,124.75,288.44,78.61,24.41,623.2577734357913
2016-02-08 00:00:00+00:00,1.93,120.36,268.84,76.57,25.19,606.2691460405093
2016-02-09 00:00:00+00:00,1.9,119.94,265.05,76.6,24.3,600.0827728792045
2016-02-10 00:00:00+00:00,1.84,120.99,273.34,77.3,24.31,606.1136087628938
2016-02-11 00:00:00+00:00,1.86,117.8,275.05,77.01,25.04,601.3608515488536
2016-02-12 00:00:00+00:00,1.83,124.42,284.88,79.29,25.78,627.3406814673265
2016-02-16 00:00:00+00:00,1.83,126.62,291.3,80.97,24.56,631.9369736941278
2016-02-17 00:00:00+00:00,1.9,130.6,290.65,80.02,24.84,642.1789595216964
2016-02-18 00:00:00+00:00,1.91,129.2,290.31,82.11,25.07,642.1536516599334
2016-02-19 00:00:00+00:00,1.91,129.54,299.37,83.01,24.84,646.1010358640553
2016-02-22 00:00:00+00:00,2.01,134.99,299.83,84.3,25.12,663.4024735192297
2016-02-23 00:00:00+00:00,1.97,129.17,292.06,83.57,25.39,646.1017113801986
2016-02-24 00:00:00+00:00,2.02,128.93,295.01,83.91,25.58,647.893038843239
2016-02-25 00:00:00+00:00,2.03,130.3,307.49,84.41,25.85,657.2480612238792
2016-02-26 00:00:00+00:00,2.07,136.93,306.77,83.24,25.35,670.4962599900579
2016-02-29 00:00:00+00:00,2.14,138.69,303.69,82.24,25.83,675.0779533176777
2016-03-01 00:00:00+00:00,2.18,144.18,308.4,82.75,25.39,689.5443352508412
2016-03-02 00:00:00+00:00,2.32,145.19,304.01,82.1,26.24,694.1046105548404
2016-03-03 00:00:00+00:00,2.46,150.01,310.59,82.12,26.82,711.6254426319488
2016-03-04 00:00:00+00:00,2.37,153.22,309.72,82.2,26.11,716.2265342328654
2016-03-07 00:00:00+00:00,2.47,151.58,297.73,81.94,26.53,710.0535128246852
2016-03-08 00:00:00+00:00,2.3,147.33,298.75,80.99,25.89,694.8890848570987
2016-03-09 00:00:00+00:00,2.26,148.27,301.26,81.02,26.14,699.0363395113029
2016-03-10 00:00:00+00:00,2.26,145.9,306.71,81.09,27.35,700.0044087165015
2016-03-11 00:00:00+00:00,2.52,153.66,318.0,81.38,26.68,722.0586048124807
2016-03-14 00:00:00+00:00,2.72,151.62,314.02,81.23,26.13,713.8705654467361
2016-03-15 00:00:00+00:00,2.49,148.25,312.47,81.2,26.37,704.7862800729863
2016-03-16 00:00:00+00:00,2.63,152.92,316.76,82.07,27.55,724.8176782549446
2016-03-17 00:00:00+00:00,2.8,159.94,316.98,82.86,27.46,744.1335039289554
2016-03-18 00:00:00+00:00,2.93,160.0,315.76,82.83,27.79,745.8117653784061
2016-03-21 00:00:00+00:00,2.8,162.38,317.39,82.77,27.79,751.7896213862307
2016-03-22 00:00:00+00:00,2.79,161.49,319.04,82.92,27.39,748.4898283609978
2016-03-23 00:00:00+00:00,2.68,158.98,319.36,82.97,24.98,731.493815516818
2016-03-24 00:00:00+00:00,2.79,157.43,320.75,82.99,25.4,730.269384267448
2016-03-28 00:00:00+00:00,2.78,156.53,323.77,83.02,25.7,730.2251397504048
2016-03-29 00:00:00+00:00,2.86,160.33,329.34,84.46,26.95,749.2139776036578
2016-03-30 00:00:00+00:00,2.86,163.05,328.11,85.96,26.75,756.794651438018
2016-03-31 00:00:00+00:00,2.85,162.4,330.71,84.57,26.58,753.4562964229981
2016-04-01 00:00:00+00:00,2.83,163.89,329.94,85.13,26.62,757.8025703786578
2016-04-04 00:00:00+00:00,2.83,160.62,333.11,84.1,26.3,747.8164600522318
2016-04-05 00:00:00+00:00,2.76,159.24,328.64,83.5,27.3,746.0694904568725
2016-04-06 00:00:00+00:00,2.8,160.7,327.41,84.41,27.74,752.5926906808119
2016-04-07 00:00:00+00:00,2.64,156.0,325.81,83.74,27.96,739.5008271219845
2016-04-08 00:00:00+00:00,2.74,157.28,325.99,83.49,29.1,747.8010507770786
2016-04-11 00:00:00+00:00,2.76,159.14,323.99,82.66,31.11,759.5247633118604
2016-04-12 00:00:00+00:00,2.81,164.15,322.13,82.17,30.63,769.254148937292
2016-04-13 00:00:00+00:00,2.8,170.49,321.55,82.55,29.48,780.7737170759632
2016-04-14 00:00:00+00:00,2.72,171.82,320.75,82.25,28.68,779.778034950247
2016-04-15 00:00:00+00:00,2.7,169.99,324.1,82.41,29.37,779.2540330518867
2016-04-18 00:00:00+00:00,2.76,170.25,325.59,82.47,29.46,781.111965496713
2016-04-19 00:00:00+00:00,2.62,172.68,324.86,83.33,30.91,793.7644415725885
2016-04-20 00:00:00+00:00,2.7,175.18,325.11,83.09,30.45,798.2962122742935
2016-04-21 00:00:00+00:00,2.62,174.91,319.89,82.1,32.19,801.766773504883
2016-04-22 00:00:00+00:00,3.99,177.75,322.01,81.88,31.23,811.0966248594247
2016-04-25 00:00:00+00:00,3.45,174.93,326.82,81.89,31.11,802.6780034930807
2016-04-26 00:00:00+00:00,3.66,177.46,330.11,82.23,31.97,815.1848061260245
2016-04-27 00:00:00+00:00,3.73,179.01,331.82,82.13,32.1,820.4177021287095
2016-04-28 00:00:00+00:00,3.61,173.77,328.24,81.94,32.99,808.9424960239184
2016-04-29 00:00:00+00:00,3.55,170.32,330.35,81.03,34.97,807.8755321719846
2016-05-02 00:00:00+00:00,3.74,171.85,333.62,82.35,34.34,812.6106263995376
2016-05-03 00:00:00+00:00,3.6,166.24,332.89,81.45,33.83,794.1541239035346
2016-05-04 00:00:00+00:00,3.6,162.45,334.83,83.08,32.35,780.8408276665753
2016-05-05 00:00:00+00:00,3.66,162.62,330.89,82.81,32.86,782.0921897999679
2016-05-06 00:00:00+00:00,3.68,163.61,336.96,83.6,34.13,793.0841533345148
2016-05-09 00:00:00+00:00,3.65,161.94,341.04,84.1,31.83,780.8211006218562
2016-05-10 00:00:00+00:00,3.64,167.58,341.11,84.75,33.03,801.1406016642841
2016-05-11 00:00:00+00:00,3.65,165.42,340.68,83.59,33.88,797.6993150164673
2016-05-12 00:00:00+00:00,3.59,168.34,346.21,84.43,33.21,804.8833392582513
2016-05-13 00:00:00+00:00,3.67,162.92,344.37,83.69,34.07,793.5327124953884
2016-05-16 00:00:00+00:00,3.79,163.87,348.6,84.71,35.42,804.8808297005043
2016-05-17 00:00:00+00:00,3.79,162.51,342.32,83.82,35.55,798.8139968873185
2016-05-18 00:00:00+00:00,3.84,165.22,342.05,83.57,33.52,796.8695840073176
2016-05-19 00:00:00+00:00,3.77,161.75,343.05,82.85,34.14,789.7818780999374
2016-05-20 00:00:00+00:00,3.87,165.35,345.0,83.06,33.73,798.5354035982222
2016-05-23 00:00:00+00:00,4.04,164.89,344.66,82.21,33.83,797.3239276321661
2016-05-24 00:00:00+00:00,4.2,170.66,354.73,84.01,31.74,809.3214469531804
2016-05-25 00:00:00+00:00,4.18,171.64,357.73,83.63,32.38,814.9624250393232
2016-05-26 00:00:00+00:00,4.35,170.3,363.09,83.49,32.45,814.113420298383
2016-05-27 00:00:00+00:00,4.6,172.48,366.56,84.34,31.96,820.8307083427702
2016-05-31 00:00:00+00:00,4.57,173.52,362.0,84.43,32.41,823.9203169123147
2016-06-01 00:00:00+00:00,4.43,172.72,365.94,84.55,32.66,823.7806479605048
2016-06-02 00:00:00+00:00,4.24,172.33,367.53,85.27,32.35,822.0816625870361
2016-06-03 00:00:00+00:00,4.16,171.52,364.69,84.81,35.4,831.2056058575298
2016-06-06 00:00:00+00:00,4.47,175.48,369.29,84.99,35.43,844.4606462453202
2016-06-07 00:00:00+00:00,4.51,171.73,370.95,85.01,34.95,833.5696844480318
2016-06-08 00:00:00+00:00,4.46,170.94,372.94,85.44,35.38,834.3639732215584
2016-06-09 00:00:00+00:00,4.52,166.51,373.21,85.78,35.9,826.0464820008297
2016-06-10 00:00:00+00:00,4.32,159.68,370.3,84.52,35.79,804.7735091542598
2016-06-13 00:00:00+00:00,4.4,156.99,369.32,83.77,35.89,797.4102619022975
2016-06-14 00:00:00+00:00,4.39,154.17,369.31,84.7,35.15,788.178773623514
2016-06-15 00:00:00+00:00,4.42,153.84,372.1,83.92,36.24,792.0368927740952
2016-06-16 00:00:00+00:00,4.75,151.99,377.46,83.83,35.61,787.633918943092
2016-06-17 00:00:00+00:00,5.26,151.72,374.58,82.49,35.65,786.6456855214485
2016-06-20 00:00:00+00:00,5.1,153.23,373.91,83.65,35.33,789.7038766495739
2016-06-21 00:00:00+00:00,5.45,153.21,379.51,83.48,34.83,790.5878937214228
2016-06-22 00:00:00+00:00,5.02,154.37,379.65,83.38,35.72,795.4567608686102
2016-06-23 00:00:00+00:00,5.21,159.56,385.43,84.37,35.39,811.2099281362518
2016-06-24 00:00:00+00:00,4.88,141.1,375.95,83.22,37.19,765.8781876127581
2016-06-27 00:00:00+00:00,4.72,132.73,371.16,82.05,37.69,742.9542195616954
2016-06-28 00:00:00+00:00,5.12,136.54,377.03,84.48,37.17,757.1021783330634
2016-06-29 00:00:00+00:00,5.13,140.02,386.02,85.39,37.69,772.2990497486566
2016-06-30 00:00:00+00:00,5.14,140.77,387.73,87.27,39.12,783.2840422380359
2016-07-01 00:00:00+00:00,5.07,138.47,386.88,87.23,40.34,782.0039604186957
2016-07-05 00:00:00+00:00,4.96,134.19,386.14,87.25,40.38,770.5733603954411
2016-07-06 00:00:00+00:00,5.04,132.45,387.44,87.32,41.42,771.419356157445
2016-07-07 00:00:00+00:00,5.02,134.36,382.68,86.8,40.96,772.0519948887245
2016-07-08 00:00:00+00:00,5.1,138.85,389.45,87.79,41.14,788.0530118248304
2016-07-11 00:00:00+00:00,5.01,139.97,388.75,88.38,41.06,790.7078707180403
2016-07-12 00:00:00+00:00,5.14,143.74,387.2,88.19,39.96,795.4398083599414
2016-07-13 00:00:00+00:00,5.09,142.92,386.71,88.43,40.88,797.209355074308
2016-07-14 00:00:00+00:00,5.17,144.23,383.81,88.11,41.62,802.7100137460919
2016-07-15 00:00:00+00:00,5.14,144.64,379.97,87.8,41.33,800.7599696659169
2016-07-18 00:00:00+00:00,5.51,146.42,380.4,87.48,41.63,807.8793019527712
2016-07-19 00:00:00+00:00,5.41,145.98,380.01,87.73,41.39,805.498854705955
2016-07-20 00:00:00+00:00,5.41,146.61,379.45,88.05,39.29,798.3604364116453
2016-07-21 00:00:00+00:00,5.22,145.94,372.56,87.44,40.52,798.1075452655965
2016-07-22 00:00:00+00:00,5.84,145.73,376.86,88.09,41.27,805.5959668262894
2016-07-25 00:00:00+00:00,6.7,144.4,376.33,88.53,40.13,801.3399317409093
2016-07-26 00:00:00+00:00,6.98,144.94,377.44,89.37,41.13,809.5860071291244
2016-07-27 00:00:00+00:00,6.85,145.84,373.74,89.58,42.32,815.4863718752538
2016-07-28 00:00:00+00:00,6.82,146.32,380.17,89.13,42.67,819.5907794829321
2016-07-29 00:00:00+00:00,6.86,146.78,372.87,89.25,44.0,824.4056303080268
2016-08-01 00:00:00+00:00,6.64,144.49,378.97,89.4,44.16,820.4773408649976
2016-08-02 00:00:00+00:00,6.26,141.03,373.46,88.68,45.86,814.6174224476505
2016-08-03 00:00:00+00:00,6.3,143.63,370.34,88.03,45.02,816.0073064688793
2016-08-04 00:00:00+00:00,6.47,142.22,371.4,88.33,44.91,813.3756946788621
2016-08-05 00:00:00+00:00,6.61,146.28,365.5,88.98,44.43,821.1904577274618
2016-08-08 00:00:00+00:00,6.68,144.82,364.3,88.08,44.65,817.1768221696748
2016-08-09 00:00:00+00:00,6.6,144.03,367.23,88.34,45.0,817.592601710973
2016-08-10 00:00:00+00:00,6.49,143.47,367.83,88.94,45.57,819.083989171332
2016-08-11 00:00:00+00:00,6.58,143.81,367.75,88.74,45.43,819.4552848804469
2016-08-12 00:00:00+00:00,6.73,143.13,369.04,88.33,45.17,817.1416990311334
2016-08-15 00:00:00+00:00,6.95,143.88,371.33,88.86,44.92,820.3231930464616
2016-08-16 00:00:00+00:00,6.78,141.26,367.08,88.4,44.29,808.2760826970986
2016-08-17 00:00:00+00:00,6.68,141.8,367.0,85.94,44.0,804.868950838934
2016-08-18 00:00:00+00:00,7.04,141.75,363.97,87.13,44.43,808.6150446396078
2016-08-19 00:00:00+00:00,7.62,141.73,366.31,87.7,44.17,811.3721678519504
2016-08-22 00:00:00+00:00,7.58,140.72,366.97,88.33,43.32,806.0026967146007
2016-08-23 00:00:00+00:00,7.67,143.65,368.14,88.73,43.15,814.0163412833814
2016-08-24 00:00:00+00:00,7.43,141.21,364.77,87.82,39.85,790.4481010527014
2016-08-25 00:00:00+00:00,7.465,140.34,363.98,88.05,40.16,789.7335110442774
2016-08-26 00:00:00+00:00,7.67,142.49,364.72,87.6,39.93,794.7747548303151
2016-08-29 00:00:00+00:00,7.59,142.37,368.34,87.53,40.91,799.3983565205332
2016-08-30 00:00:00+00:00,7.49,143.75,368.07,87.65,38.6,792.6976291303638
2016-08-31 00:00:00+00:00,7.4,142.05,368.65,87.27,38.24,786.1505728477089
2016-09-01 00:00:00+00:00,7.35,139.81,366.76,88.2,39.43,785.8658991064145
2016-09-02 00:00:00+00:00,7.51,140.45,371.46,88.94,40.52,795.2800469125128
2016-09-06 00:00:00+00:00,7.34,141.81,377.97,88.66,42.0,806.1065475478941
2016-09-07 00:00:00+00:00,6.84,147.71,378.2,88.56,42.09,819.390910148967
2016-09-08 00:00:00+00:00,6.225,147.53,373.03,88.23,41.59,812.1178921472107
2016-09-09 00:00:00+00:00,5.9,144.01,362.78,86.18,39.3,786.0886486989076
2016-09-12 00:00:00+00:00,5.94,147.68,366.0,87.48,40.36,802.829839379838
2016-09-13 00:00:00+00:00,5.74,144.76,356.91,85.87,39.02,783.8452484371038
2016-09-14 00:00:00+00:00,6.04,143.91,355.29,85.24,38.6,779.8289475816107
2016-09-15 00:00:00+00:00,6.02,146.74,361.79,85.92,39.2,792.4875686655806
2016-09-16 00:00:00+00:00,6.05,144.55,358.21,85.16,38.26,780.8953541828155
2016-09-19 00:00:00+00:00,6.16,145.19,366.73,85.78,38.43,787.2529809203392
2016-09-20 00:00:00+00:00,6.17,142.85,355.01,85.93,38.15,776.528385221519
2016-09-21 00:00:00+00:00,6.29,144.63,356.91,86.87,41.03,795.6754298843707
2016-09-22 00:00:00+00:00,6.37,147.29,360.38,87.74,40.77,803.9089163752838
2016-09-23 00:00:00+00:00,6.55,144.43,359.78,87.23,39.56,791.3636803149573
2016-09-26 00:00:00+00:00,6.32,141.16,362.4,86.4,39.26,780.5680078858273
2016-09-27 00:00:00+00:00,6.54,141.72,362.26,86.57,38.48,779.7621642962688
2016-09-28 00:00:00+00:00,6.59,143.66,362.38,86.68,39.21,788.2194134067666
2016-09-29 00:00:00+00:00,6.67,140.61,359.95,85.63,39.05,777.9803419014517
2016-09-30 00:00:00+00:00,6.91,144.7,360.25,85.55,39.29,790.4518526051586
2016-10-03 00:00:00+00:00,6.95,146.4,356.19,85.4,38.1,788.3761040327595
2016-10-04 00:00:00+00:00,6.97,147.07,353.12,83.95,34.25,770.9088736490318
2016-10-05 00:00:00+00:00,6.78,152.79,349.03,83.74,34.59,784.5732026243985
2016-10-06 00:00:00+00:00,6.96,154.44,353.15,84.41,34.05,789.4124927528602
2016-10-07 00:00:00+00:00,6.75,153.06,351.09,83.17,33.97,782.4355501856162
2016-10-10 00:00:00+00:00,6.84,151.27,356.42,83.2,34.06,780.3907948811933
2016-10-11 00:00:00+00:00,6.5,146.64,352.8,81.3,33.85,762.6800370738569
2016-10-12 00:00:00+00:00,6.62,145.81,359.9,82.69,34.52,767.9745811060243
2016-10-13 00:00:00+00:00,6.49,142.63,361.9,82.21,34.81,760.5904160055503
2016-10-14 00:00:00+00:00,6.75,142.34,361.72,82.68,34.23,759.0028883163505
2016-10-17 00:00:00+00:00,6.67,139.82,361.15,82.41,35.03,755.1261185483198
2016-10-18 00:00:00+00:00,6.73,141.39,365.94,82.52,36.17,765.9413412186672
2016-10-19 00:00:00+00:00,6.77,141.78,368.51,82.17,36.98,770.9541631204681
2016-10-20 00:00:00+00:00,6.96,140.98,367.98,81.85,37.01,769.2666247306731
2016-10-21 00:00:00+00:00,6.52,141.37,369.91,81.8,36.35,766.1498388669095
2016-10-24 00:00:00+00:00,7.005,142.71,372.11,82.36,35.84,770.8522490248182
2016-10-25 00:00:00+00:00,7.5,141.77,373.22,81.57,36.59,773.1054193677488
2016-10-26 00:00:00+00:00,7.29,140.98,367.91,80.42,36.18,765.2881098923615
2016-10-27 00:00:00+00:00,7.11,138.92,351.56,79.55,34.79,746.9554867665906
2016-10-28 00:00:00+00:00,7.2,137.84,354.97,80.22,35.38,749.0441889274769
2016-10-31 00:00:00+00:00,7.23,132.66,357.28,81.02,37.04,744.793563431981
2016-11-01 00:00:00+00:00,7.09,134.34,347.71,80.54,37.95,748.6804083674939
2016-11-02 00:00:00+00:00,6.76,131.57,346.17,80.49,37.18,736.3706664112667
2016-11-03 00:00:00+00:00,6.7,132.86,338.71,80.27,37.75,739.156648150028
2016-11-04 00:00:00+00:00,6.56,132.29,340.52,80.37,37.8,738.0363198261124
2016-11-07 00:00:00+00:00,6.96,133.03,350.14,81.75,36.49,740.8636078324604
2016-11-08 00:00:00+00:00,7.0,131.75,356.25,83.87,36.06,740.5745055628104
2016-11-09 00:00:00+00:00,6.94,139.32,347.93,83.69,37.04,760.9125662659003
2016-11-10 00:00:00+00:00,6.295,147.73,330.8,83.52,34.68,763.8305050495431
2016-11-11 00:00:00+00:00,6.685,144.33,325.05,84.58,31.59,743.076834501192
2016-11-14 00:00:00+00:00,6.79,143.44,330.2,84.69,32.6,747.3641164526538
2016-11-15 00:00:00+00:00,6.97,142.78,336.34,84.68,33.91,754.0044508424094
2016-11-16 00:00:00+00:00,7.67,142.93,335.98,85.18,33.76,757.2101981880489
2016-11-17 00:00:00+00:00,8.46,142.6,331.14,86.55,32.7,755.3321242892009
2016-11-18 00:00:00+00:00,8.71,140.63,333.24,86.71,32.69,752.1951053233853
2016-11-21 00:00:00+00:00,8.94,143.55,335.94,88.2,33.07,764.9899617442111
2016-11-22 00:00:00+00:00,8.69,145.38,343.96,88.41,33.2,772.0187719943656
2016-11-23 00:00:00+00:00,8.8,147.2,338.21,88.92,31.5,768.6516493705641
2016-11-25 00:00:00+00:00,8.77,148.59,339.76,88.78,31.92,774.191182210209
2016-11-28 00:00:00+00:00,8.83,146.43,341.23,88.6,33.45,775.7135342470057
2016-11-29 00:00:00+00:00,8.93,145.0,343.39,88.33,33.55,773.2700318909918
2016-11-30 00:00:00+00:00,8.91,148.1,338.76,86.44,32.44,772.4797458899222
2016-12-01 00:00:00+00:00,8.39,148.44,329.42,84.58,32.27,765.0682281676152
2016-12-02 00:00:00+00:00,8.53,147.08,330.68,85.46,33.58,769.297732449673
2016-12-05 00:00:00+00:00,8.68,149.99,332.08,86.86,33.48,779.1464578069914
2016-12-06 00:00:00+00:00,9.45,153.6,329.49,87.72,33.02,789.8872327830287
2016-12-07 00:00:00+00:00,9.56,157.81,339.0,89.05,33.62,808.4076145665479
2016-12-08 00:00:00+00:00,10.34,161.38,346.46,89.43,33.87,824.763683553099
2016-12-09 00:00:00+00:00,10.34,161.11,346.03,89.48,32.79,819.3861678764138
2016-12-12 00:00:00+00:00,10.68,158.38,357.22,89.58,32.6,816.7818770440431
2016-12-13 00:00:00+00:00,10.54,160.73,361.39,90.48,33.87,830.0953350604569
2016-12-14 00:00:00+00:00,10.55,154.82,354.59,89.44,31.68,802.1923508969999
2016-12-15 00:00:00+00:00,10.86,151.39,349.81,89.58,30.91,790.0874315215195
2016-12-16 00:00:00+00:00,10.66,148.49,350.0,89.45,31.66,784.9435569691403
2016-12-19 00:00:00+00:00,10.95,146.25,354.49,89.36,31.78,782.2985362197018
2016-12-20 00:00:00+00:00,11.51,146.98,354.74,89.58,31.66,786.3671131249164
2016-12-21 00:00:00+00:00,11.47,147.3,350.02,89.13,31.55,784.4531723765498
2016-12-22 00:00:00+00:00,11.6,145.88,351.04,88.91,31.44,780.9593471277325
2016-12-23 00:00:00+00:00,11.58,143.98,356.61,89.41,32.46,782.8118610795348
2016-12-27 00:00:00+00:00,12.07,145.05,356.72,89.51,32.59,788.3244909024314
2016-12-28 00:00:00+00:00,11.55,143.67,353.86,88.89,32.78,781.7169613049774
2016-12-29 00:00:00+00:00,11.59,143.93,357.09,89.18,35.27,794.5925584869904
2016-12-30 00:00:00+00:00,11.34,145.3,357.41,88.78,34.07,791.5102139041713
2017-01-03 00:00:00+00:00,11.43,145.79,358.72,88.89,34.63,796.0936935699705
2017-01-04 00:00:00+00:00,11.43,149.41,365.91,89.74,34.96,810.1370077043562
2017-01-05 00:00:00+00:00,11.24,147.58,369.75,90.56,36.57,813.8156697289718
2017-01-06 00:00:00+00:00,11.32,147.25,370.49,90.85,35.42,809.0036897150226
2017-01-09 00:00:00+00:00,11.49,143.43,373.19,90.21,35.36,799.780107230749
2017-01-10 00:00:00+00:00,11.44,143.27,370.03,89.5,35.08,796.0494167323698
2017-01-11 00:00:00+00:00,11.2,145.22,371.58,89.28,34.37,797.2065281216622
2017-01-12 00:00:00+00:00,10.76,143.58,374.15,89.27,34.47,792.4115352533929
2017-01-13 00:00:00+00:00,10.58,143.53,374.95,90.54,34.53,793.6403647580235
2017-01-17 00:00:00+00:00,9.82,141.39,376.13,90.19,35.14,787.5211985662985
2017-01-18 00:00:00+00:00,9.88,142.03,376.73,90.15,35.26,790.0635201371695
2017-01-19 00:00:00+00:00,9.77,141.34,381.15,90.25,34.93,787.983903192967
2017-01-20 00:00:00+00:00,9.75,143.49,383.27,90.77,35.04,795.1972088766843
2017-01-23 00:00:00+00:00,9.91,142.86,385.35,91.03,35.88,798.8507239118089
2017-01-24 00:00:00+00:00,10.44,144.86,389.66,91.2,36.04,808.4791904414848
2017-01-25 00:00:00+00:00,10.35,145.7,384.43,90.7,34.95,803.2685885108084
2017-01-26 00:00:00+00:00,10.52,144.47,384.21,89.7,34.19,796.2687443961837
2017-01-27 00:00:00+00:00,10.67,144.45,382.96,90.05,34.38,797.6982997584128
2017-01-30 00:00:00+00:00,10.61,151.32,386.37,90.13,34.97,818.7024547022655
2017-01-31 00:00:00+00:00,10.37,152.36,384.98,89.78,36.28,825.0499974740477
2017-02-01 00:00:00+00:00,12.06,156.58,381.3,89.08,35.87,839.1203253941832
2017-02-02 00:00:00+00:00,12.28,154.96,383.08,89.05,36.68,839.909412851201
2017-02-03 00:00:00+00:00,12.24,158.13,384.82,90.23,36.76,850.222481452177
2017-02-06 00:00:00+00:00,13.63,157.65,381.67,89.69,37.94,858.1960668308878
2017-02-07 00:00:00+00:00,13.29,160.54,380.64,90.01,37.32,861.5619594312907
2017-02-08 00:00:00+00:00,13.56,161.49,383.97,89.53,37.85,867.8593094003946
2017-02-09 00:00:00+00:00,13.42,163.86,385.8,90.82,37.2,872.7591377264984
2017-02-10 00:00:00+00:00,13.58,167.62,386.45,90.6,37.65,884.8848243261498
2017-02-13 00:00:00+00:00,13.49,167.32,386.69,91.48,37.38,883.7731143794801
2017-02-14 00:00:00+00:00,13.26,167.68,382.64,91.05,37.09,880.6335744858462
2017-02-15 00:00:00+00:00,13.3,170.33,380.76,91.68,37.03,887.4957980889021
2017-02-16 00:00:00+00:00,12.97,167.9,373.18,92.24,37.57,880.4652377059028
2017-02-17 00:00:00+00:00,13.13,168.42,374.28,92.53,37.01,880.7959494032566
2017-02-21 00:00:00+00:00,14.0,170.91,371.34,93.16,37.44,892.4976049905371
2017-02-22 00:00:00+00:00,14.28,169.42,373.32,93.37,36.0,884.6291472197028
2017-02-23 00:00:00+00:00,14.32,169.26,370.85,93.85,35.86,883.5980157500194
2017-02-24 00:00:00+00:00,14.12,168.03,379.64,94.7,36.08,884.4670289618523
2017-02-27 00:00:00+00:00,15.2,168.96,377.24,94.76,33.97,881.6805779254174
2017-02-28 00:00:00+00:00,14.46,167.93,376.07,93.77,34.24,875.4608734824478
2017-03-01 00:00:00+00:00,14.96,169.31,377.99,95.33,34.42,884.4449318465594
2017-03-02 00:00:00+00:00,13.9,168.2,372.73,94.47,33.6,870.8594596555074
2017-03-03 00:00:00+00:00,13.03,168.75,375.69,95.0,34.07,872.2286195059725
2017-03-06 00:00:00+00:00,13.04,167.19,377.55,94.61,33.01,863.8718097212053
2017-03-07 00:00:00+00:00,13.05,166.56,375.24,94.47,32.98,861.2549542260793
2017-03-08 00:00:00+00:00,13.22,166.35,363.43,94.27,32.89,856.9824181110157
2017-03-09 00:00:00+00:00,13.33,165.3,376.01,94.06,32.6,857.3283135183962
2017-03-10 00:00:00+00:00,13.91,163.9,379.16,94.44,32.94,859.148054431272
2017-03-13 00:00:00+00:00,14.28,163.8,380.32,95.11,33.02,862.012762830451
2017-03-14 00:00:00+00:00,14.1,164.29,381.38,94.84,32.4,859.8593460670162
2017-03-15 00:00:00+00:00,13.98,165.86,383.78,95.35,34.1,872.0393020586433
2017-03-16 00:00:00+00:00,13.65,166.0,378.17,94.75,32.81,862.9277403675098
2017-03-17 00:00:00+00:00,13.49,162.81,375.64,95.1,32.84,853.863096669656
2017-03-20 00:00:00+00:00,14.4,162.03,383.57,94.49,33.56,860.5761383745826
2017-03-21 00:00:00+00:00,13.82,159.29,383.41,93.89,34.03,852.3381641463214
2017-03-22 00:00:00+00:00,14.1,159.22,387.47,93.71,33.84,853.6132442548292
2017-03-23 00:00:00+00:00,13.79,158.89,388.05,93.47,33.62,850.4100809512238
2017-03-24 00:00:00+00:00,13.7,158.86,388.09,93.33,33.48,849.1928635981458
2017-03-27 00:00:00+00:00,13.7,159.0,384.0,93.62,33.91,850.430276265982
2017-03-28 00:00:00+00:00,13.69,163.7,384.86,93.75,33.0,858.9393757615359
2017-03-29 00:00:00+00:00,13.71,162.87,394.0,94.02,33.19,861.0105983413602
2017-03-30 00:00:00+00:00,14.05,163.94,397.14,93.92,32.93,864.9527058966218
2017-03-31 00:00:00+00:00,14.55,163.94,400.37,93.1,32.96,867.1984864629402
2017-04-03 00:00:00+00:00,14.64,162.97,402.47,92.81,33.89,869.3870581484658
2017-04-04 00:00:00+00:00,14.16,160.09,399.98,92.73,34.19,860.3893634753955
2017-04-05 00:00:00+00:00,14.17,159.2,400.04,92.49,34.31,858.3894186548919
2017-04-06 00:00:00+00:00,13.27,160.63,402.18,92.16,34.17,857.9244366144305
2017-04-07 00:00:00+00:00,13.52,160.81,401.74,91.97,34.31,859.6536881750064
2017-04-10 00:00:00+00:00,13.1,161.19,400.93,92.28,34.61,860.2637264500148
2017-04-11 00:00:00+00:00,13.1,162.62,399.84,93.57,35.13,867.407498821783
2017-04-12 00:00:00+00:00,12.76,162.25,399.76,93.91,35.08,865.2193628953622
2017-04-13 00:00:00+00:00,12.31,161.28,399.11,93.03,34.5,857.0513735901993
2017-04-17 00:00:00+00:00,12.79,163.94,403.01,94.17,34.59,868.9444194396444
2017-04-18 00:00:00+00:00,12.95,161.79,402.95,94.42,34.32,863.2736812888699
2017-04-19 00:00:00+00:00,12.84,162.77,403.96,94.78,33.52,862.6747924408548
2017-04-20 00:00:00+00:00,13.11,164.58,405.13,95.53,33.67,870.396014938158
2017-04-21 00:00:00+00:00,13.0,163.31,401.84,95.63,34.13,867.7183587692159
2017-04-24 00:00:00+00:00,13.13,166.45,404.03,96.51,33.71,876.3032907559997
2017-04-25 00:00:00+00:00,13.49,166.12,406.55,96.63,32.89,874.4416371880466
2017-04-26 00:00:00+00:00,13.41,165.93,407.33,96.97,32.98,874.6844075655855
2017-04-27 00:00:00+00:00,13.62,165.67,410.94,97.32,32.91,876.214429795162
2017-04-28 00:00:00+00:00,13.3,165.59,417.7,96.92,33.81,880.1860209412141
2017-05-01 00:00:00+00:00,13.62,155.84,420.18,96.94,32.68,852.6500610030815
2017-05-02 00:00:00+00:00,10.32,154.79,422.86,97.36,33.01,838.868308893959
2017-05-03 00:00:00+00:00,10.39,155.31,423.18,97.48,32.69,839.3784693584629
2017-05-04 00:00:00+00:00,10.1,155.43,424.28,98.04,32.28,837.7727335862356
2017-05-05 00:00:00+00:00,10.19,154.71,426.25,98.15,32.73,839.011407084518
2017-05-08 00:00:00+00:00,10.04,154.04,426.64,97.13,32.68,835.2965341926721
2017-05-09 00:00:00+00:00,10.18,154.0,425.91,97.3,32.76,836.1043633009888
2017-05-10 00:00:00+00:00,10.79,154.04,425.05,97.4,32.95,839.4365663360419
2017-05-11 00:00:00+00:00,11.07,152.42,428.77,96.65,33.48,839.0024217243176
2017-05-12 00:00:00+00:00,11.26,153.58,431.07,95.99,33.75,843.8285745391108
2017-05-15 00:00:00+00:00,11.42,154.75,429.81,96.77,33.87,848.5771497969611
2017-05-16 00:00:00+00:00,12.75,154.55,427.64,98.38,33.75,854.4862482699965
2017-05-17 00:00:00+00:00,11.2,151.08,426.97,97.86,34.26,840.404242681218
2017-05-18 00:00:00+00:00,11.28,149.51,425.76,98.86,33.31,833.5459662107364
2017-05-19 00:00:00+00:00,11.41,152.69,426.74,100.64,33.63,846.13633056646
2017-05-22 00:00:00+00:00,11.04,153.98,434.68,102.14,33.68,852.5390847471263
2017-05-23 00:00:00+00:00,10.89,152.66,435.79,103.18,33.05,847.5164385093092
2017-05-24 00:00:00+00:00,10.89,152.5,440.43,103.25,33.66,851.3009175438442
2017-05-25 00:00:00+00:00,10.98,154.0,444.97,105.13,33.43,858.3623607596754
2017-05-26 00:00:00+00:00,11.0,153.92,441.22,104.3,34.11,858.8889100970455
2017-05-30 00:00:00+00:00,11.12,153.02,439.91,105.11,33.97,857.0968570441869
2017-05-31 00:00:00+00:00,11.19,153.85,441.01,106.21,34.15,862.0204903073306
2017-06-01 00:00:00+00:00,10.93,160.34,436.93,105.11,34.02,874.2296926640503
2017-06-02 00:00:00+00:00,10.9,161.0,444.32,105.23,34.03,878.3698962645053
2017-06-05 00:00:00+00:00,11.24,161.99,444.21,104.97,33.84,881.154887086568
2017-06-06 00:00:00+00:00,12.03,159.85,442.31,103.59,35.4,883.3316177035815
2017-06-07 00:00:00+00:00,12.38,160.51,440.69,103.97,35.51,886.9161353171003
2017-06-08 00:00:00+00:00,12.9,159.77,440.39,103.9,35.02,884.9409105372362
2017-06-09 00:00:00+00:00,12.28,162.49,439.21,103.27,34.3,885.0204147692101
2017-06-12 00:00:00+00:00,12.09,162.15,425.01,103.57,34.38,879.4826776847489
2017-06-13 00:00:00+00:00,11.96,161.85,430.54,104.21,34.48,881.1897278920787
2017-06-14 00:00:00+00:00,11.77,163.25,432.1,103.89,33.72,880.81745878256
2017-06-15 00:00:00+00:00,11.5,163.0,433.96,104.39,33.04,877.3685430490216
2017-06-16 00:00:00+00:00,11.44,164.25,427.28,104.79,32.84,877.7972106327613
2017-06-19 00:00:00+00:00,11.93,166.37,432.22,104.7,32.88,886.9268941441501
2017-06-20 00:00:00+00:00,12.64,165.62,433.94,104.66,32.84,888.3392575397652
2017-06-21 00:00:00+00:00,13.98,161.86,436.49,104.94,33.15,886.8901923128886
2017-06-22 00:00:00+00:00,14.38,162.05,440.29,104.94,33.5,891.7835567436223
2017-06-23 00:00:00+00:00,14.17,161.27,434.07,105.6,33.81,889.0532451011342
2017-06-26 00:00:00+00:00,14.08,162.36,438.49,105.37,33.77,892.423765808267
2017-06-27 00:00:00+00:00,13.4,162.71,433.65,104.68,33.07,885.0284544025008
2017-06-28 00:00:00+00:00,13.23,165.94,430.76,105.28,33.04,892.249996259177
2017-06-29 00:00:00+00:00,12.6,165.01,421.28,103.7,32.23,878.7077472739512
2017-06-30 00:00:00+00:00,12.48,165.86,429.16,103.87,32.39,883.8155910421983
2017-07-03 00:00:00+00:00,12.15,168.32,422.76,103.21,31.89,883.6684234584371
2017-07-05 00:00:00+00:00,13.19,170.29,424.08,103.68,32.68,897.4718202688009
2017-07-06 00:00:00+00:00,13.02,166.18,418.43,102.62,32.28,881.3955945913207
2017-07-07 00:00:00+00:00,13.36,169.87,423.3,103.6,32.03,893.9873708780688
2017-07-10 00:00:00+00:00,13.81,172.71,427.085,103.83,32.53,906.7806617991122
2017-07-11 00:00:00+00:00,13.89,171.65,431.04,103.91,32.95,907.5849632085234
2017-07-12 00:00:00+00:00,14.29,174.03,437.11,105.25,33.17,919.9346994402129
2017-07-13 00:00:00+00:00,13.53,175.15,436.24,104.9,32.94,917.886173949142
2017-07-14 00:00:00+00:00,13.92,175.53,437.7,105.2,33.3,922.8868422133962
2017-07-17 00:00:00+00:00,13.8,176.3,435.48,105.52,33.73,925.868646641055
2017-07-18 00:00:00+00:00,13.48,176.99,438.28,105.2,33.71,926.6974898987681
2017-07-19 00:00:00+00:00,13.55,176.99,440.5,106.15,33.88,929.6329316948028
2017-07-20 00:00:00+00:00,13.8,177.91,441.21,106.45,33.92,933.8128650365359
2017-07-21 00:00:00+00:00,13.88,178.35,441.44,106.19,34.39,937.0270007809711
2017-07-24 00:00:00+00:00,14.16,179.05,441.6,106.19,33.9,937.9525982863189
2017-07-25 00:00:00+00:00,14.11,181.46,436.96,106.48,36.24,952.7525033130939
2017-07-26 00:00:00+00:00,14.76,181.59,440.04,106.69,36.96,960.1583526604478
2017-07-27 00:00:00+00:00,14.12,178.84,442.87,106.69,36.44,949.1362141587598
2017-07-28 00:00:00+00:00,13.95,178.65,447.9,107.08,37.06,952.6996729584863
2017-07-31 00:00:00+00:00,13.61,185.83,450.73,107.32,37.17,971.2793037748337
2017-08-01 00:00:00+00:00,13.71,180.64,453.08,107.38,36.98,958.4777477337614
2017-08-02 00:00:00+00:00,13.37,180.67,455.47,105.69,36.87,955.2947084311814
2017-08-03 00:00:00+00:00,13.24,180.18,449.36,105.9,36.59,950.5904915718029
2017-08-04 00:00:00+00:00,13.12,180.64,445.58,106.03,36.15,948.3219723009319
2017-08-07 00:00:00+00:00,13.43,180.63,444.23,106.62,36.17,949.9953564283339
2017-08-08 00:00:00+00:00,13.11,181.56,441.53,106.58,35.74,948.2611388157083
2017-08-09 00:00:00+00:00,12.83,180.53,447.81,106.37,36.1,947.754653828767
2017-08-10 00:00:00+00:00,12.12,175.42,439.48,106.07,36.44,930.1023926137074
2017-08-11 00:00:00+00:00,12.23,175.23,438.39,105.74,36.53,929.697318922315
2017-08-14 00:00:00+00:00,12.76,178.39,449.49,106.35,36.02,942.1737530673441
2017-08-15 00:00:00+00:00,13.02,178.9,448.33,106.51,35.77,943.3301349197277
2017-08-16 00:00:00+00:00,12.63,178.39,454.79,101.59,36.13,937.810873102773
2017-08-17 00:00:00+00:00,12.34,173.0,451.55,98.72,36.05,917.8268547776842
2017-08-18 00:00:00+00:00,12.37,172.84,450.0,98.44,35.83,915.7516315440612
2017-08-21 00:00:00+00:00,12.05,172.05,450.29,99.3,36.61,916.8953093931536
2017-08-22 00:00:00+00:00,12.17,175.4,456.29,100.4,36.5,928.8064827659799
2017-08-23 00:00:00+00:00,12.48,174.19,461.8,100.33,36.98,930.7669395254569
2017-08-24 00:00:00+00:00,12.5,174.73,463.53,99.58,36.82,931.160226092666
2017-08-25 00:00:00+00:00,12.43,174.88,466.19,100.08,36.99,933.4637375597283
2017-08-28 00:00:00+00:00,12.23,173.99,462.91,100.48,38.3,935.3880808674731
2017-08-29 00:00:00+00:00,12.15,173.88,466.24,101.08,38.04,935.4919383572397
2017-08-30 00:00:00+00:00,12.67,174.04,465.67,101.56,38.06,938.5976411948891
2017-08-31 00:00:00+00:00,13.0,176.69,468.41,103.07,38.34,950.7358279530841
2017-09-01 00:00:00+00:00,13.19,177.11,465.96,102.55,38.66,952.5281695165748
2017-09-05 00:00:00+00:00,12.92,174.41,463.49,101.81,38.75,943.1528501365341
2017-09-06 00:00:00+00:00,12.86,172.99,463.52,101.49,38.38,937.3020184112381
2017-09-07 00:00:00+00:00,12.63,172.69,464.82,101.8,39.6,941.5881337743983
2017-09-08 00:00:00+00:00,12.25,173.31,462.0,101.97,39.31,939.6335795087691
2017-09-11 00:00:00+00:00,12.55,177.25,474.42,102.5,38.22,950.9803203520544
2017-09-12 00:00:00+00:00,12.3,178.83,468.38,102.64,38.35,952.739158030211
2017-09-13 00:00:00+00:00,12.22,177.25,458.87,102.1,37.88,942.6084076244588
2017-09-14 00:00:00+00:00,12.26,178.57,454.91,102.02,38.06,945.5342432352749
2017-09-15 00:00:00+00:00,12.52,179.87,455.31,101.74,37.85,948.8275265667424
2017-09-18 00:00:00+00:00,13.08,182.61,450.15,102.41,37.78,957.0584912773959
2017-09-19 00:00:00+00:00,13.12,182.4,453.04,102.23,38.09,958.7221491402867
2017-09-20 00:00:00+00:00,13.74,183.16,449.24,101.58,37.63,959.2630625579108
2017-09-21 00:00:00+00:00,13.41,184.18,446.57,102.03,37.43,959.3257850991835
2017-09-22 00:00:00+00:00,13.3,184.97,441.66,102.26,37.89,961.5461873077957
2017-09-25 00:00:00+00:00,12.61,186.79,437.21,101.49,38.63,964.0357873269988
2017-09-26 00:00:00+00:00,12.45,185.79,434.42,101.18,37.97,956.6982776147078
2017-09-27 00:00:00+00:00,12.74,188.45,441.93,101.74,37.21,964.5963204472126
2017-09-28 00:00:00+00:00,12.74,189.39,441.72,102.62,37.62,969.787454590373
2017-09-29 00:00:00+00:00,12.75,189.83,446.3,102.79,37.51,972.1771262497211
2017-10-02 00:00:00+00:00,12.71,192.6,444.48,102.84,37.88,980.1335213394466
2017-10-03 00:00:00+00:00,13.42,192.87,442.36,103.63,38.23,985.6197024256585
2017-10-04 00:00:00+00:00,13.31,195.08,442.97,103.92,38.08,990.718702825414
2017-10-05 00:00:00+00:00,13.34,195.22,445.42,103.87,37.95,991.376003364139
2017-10-06 00:00:00+00:00,13.23,194.62,448.83,104.41,38.06,991.633237244385
2017-10-09 00:00:00+00:00,13.47,194.12,451.32,105.31,38.28,994.2467031475879
2017-10-10 00:00:00+00:00,13.7,195.22,451.89,105.32,37.9,996.5974077014114
2017-10-11 00:00:00+00:00,13.88,194.56,458.97,104.88,38.08,998.173749848919
2017-10-12 00:00:00+00:00,14.2,193.76,464.7,105.18,38.39,1001.0340659475594
2017-10-13 00:00:00+00:00,14.22,193.55,462.82,105.1,38.59,1000.7281637976469
2017-10-16 00:00:00+00:00,14.26,195.3,461.35,104.97,37.99,1002.1619795401588
2017-10-17 00:00:00+00:00,14.16,193.79,461.58,104.35,38.35,998.7171679063327
2017-10-18 00:00:00+00:00,14.07,195.46,471.23,104.16,37.86,1003.3867407568627
2017-10-19 00:00:00+00:00,13.95,195.72,470.55,105.47,37.84,1004.8900901439574
2017-10-20 00:00:00+00:00,13.81,197.54,468.76,105.78,37.79,1008.5439445370179
2017-10-23 00:00:00+00:00,14.1,195.85,458.81,106.4,37.37,1001.2245938419355
2017-10-24 00:00:00+00:00,14.25,195.59,462.97,106.04,37.13,1001.0588807881693
2017-10-25 00:00:00+00:00,12.33,189.13,457.93,106.92,36.77,974.4224291087464
2017-10-26 00:00:00+00:00,12.01,190.99,454.2,108.84,35.81,974.9351083381287
2017-10-27 00:00:00+00:00,11.84,190.68,456.51,110.44,35.8,976.147299750303
2017-10-30 00:00:00+00:00,10.89,185.5,459.73,110.54,36.23,961.925916568992
2017-10-31 00:00:00+00:00,10.99,186.5,463.5,110.13,36.16,965.3024223910872
2017-11-01 00:00:00+00:00,10.8,186.11,467.06,109.76,35.69,962.1833469071386
2017-11-02 00:00:00+00:00,10.85,185.34,488.68,110.97,36.48,972.3140842772864
2017-11-03 00:00:00+00:00,11.12,185.35,486.65,111.61,36.04,971.7486474726194
2017-11-06 00:00:00+00:00,11.93,186.06,491.62,111.8,36.37,980.2290777025715
2017-11-07 00:00:00+00:00,12.05,185.54,488.06,112.56,36.04,977.8053415667428
2017-11-08 00:00:00+00:00,11.71,185.95,492.98,113.86,36.31,981.8000859316481
2017-11-09 00:00:00+00:00,11.12,185.11,484.86,113.96,35.88,972.8353060272993
2017-11-10 00:00:00+00:00,11.26,184.36,482.21,113.69,35.52,968.7769725223933
2017-11-13 00:00:00+00:00,11.09,182.86,484.12,112.85,35.71,964.6023845001033
2017-11-14 00:00:00+00:00,11.12,183.15,481.05,113.1,36.28,967.2262027988382
2017-11-15 00:00:00+00:00,11.07,184.77,474.42,112.34,36.08,967.1959272594088
2017-11-16 00:00:00+00:00,11.25,185.49,475.09,112.19,36.09,969.8623606855676
2017-11-17 00:00:00+00:00,11.38,186.09,472.8,112.08,36.21,971.5754293231194
2017-11-20 00:00:00+00:00,11.34,186.68,471.89,112.44,36.33,973.5847494829077
2017-11-21 00:00:00+00:00,11.4,190.33,474.26,113.35,36.37,985.2369030235683
2017-11-22 00:00:00+00:00,11.37,189.99,472.37,114.22,36.71,986.1801720604692
2017-11-24 00:00:00+00:00,11.38,190.37,474.07,114.57,36.68,988.0544523709584
2017-11-27 00:00:00+00:00,11.55,192.68,478.92,114.96,37.1,998.519180291001
2017-11-28 00:00:00+00:00,11.17,196.63,477.95,115.33,37.14,1007.3230677476586
2017-11-29 00:00:00+00:00,10.83,198.63,468.32,113.9,36.6,1003.7748382810672
2017-11-30 00:00:00+00:00,10.89,198.67,464.49,115.32,36.99,1006.3468566986504
2017-12-01 00:00:00+00:00,10.73,197.85,469.16,114.03,37.19,1004.3176297186501
2017-12-04 00:00:00+00:00,10.03,197.36,442.28,115.48,36.84,991.7627128742198
2017-12-05 00:00:00+00:00,9.91,197.01,445.59,114.77,36.2,987.8054936881935
2017-12-06 00:00:00+00:00,10.0,197.99,450.24,115.88,35.83,992.007168937265
2017-12-07 00:00:00+00:00,10.04,198.21,455.77,116.81,35.92,996.0805123548209
2017-12-08 00:00:00+00:00,9.94,200.43,452.39,117.29,35.4,998.6169672672746
2017-12-11 00:00:00+00:00,10.16,198.0,449.58,116.89,34.67,988.812167657466
2017-12-12 00:00:00+00:00,9.9,196.75,450.21,116.31,34.59,983.6572364171626
2017-12-13 00:00:00+00:00,10.11,195.72,451.28,116.27,35.75,987.1627750218953
2017-12-14 00:00:00+00:00,10.13,194.19,460.35,116.06,35.9,986.6491189934857
2017-12-15 00:00:00+00:00,10.29,198.64,457.85,118.24,35.87,1000.4919753091696
2017-12-18 00:00:00+00:00,10.98,201.37,455.82,118.28,36.65,1013.0931020170382
2017-12-19 00:00:00+00:00,10.95,202.2,448.52,117.89,36.35,1010.9533767535721
2017-12-20 00:00:00+00:00,10.98,202.59,447.2,117.82,36.61,1012.6708270092619
2017-12-21 00:00:00+00:00,10.89,201.88,445.89,117.41,36.73,1010.0519572802466
2017-12-22 00:00:00+00:00,10.54,204.2,446.6,116.84,36.92,1014.821111168858
2017-12-26 00:00:00+00:00,10.46,204.06,446.7,116.83,37.57,1016.9223747238135
2017-12-27 00:00:00+00:00,10.53,204.67,451.69,116.92,37.6,1020.6283903663514
2017-12-28 00:00:00+00:00,10.55,206.51,455.11,117.29,37.51,1026.5959992846374
2017-12-29 00:00:00+00:00,10.28,205.25,453.22,116.96,37.52,1021.2583990236565
2018-01-02 00:00:00+00:00,10.98,203.04,446.92,116.19,38.16,1018.2947723263112
2018-01-03 00:00:00+00:00,11.55,202.12,448.98,116.34,37.84,1017.8367318716745
2018-01-04 00:00:00+00:00,12.12,198.54,447.95,118.64,38.26,1015.4603051833243
2018-01-05 00:00:00+00:00,11.88,199.47,449.49,119.78,38.4,1019.3545691883222
2018-01-08 00:00:00+00:00,12.28,200.53,458.2,119.82,38.36,1026.4399927002075
2018-01-09 00:00:00+00:00,11.82,200.27,455.98,121.02,38.11,1023.5647991513281
2018-01-10 00:00:00+00:00,11.96,198.38,443.0,122.33,38.34,1017.7690836320821
2018-01-11 00:00:00+00:00,12.14,200.72,435.39,122.68,38.84,1024.6171545097386
2018-01-12 00:00:00+00:00,12.02,202.8,435.95,123.38,39.79,1034.5404977777866
2018-01-16 00:00:00+00:00,11.91,203.01,448.1,123.73,40.0,1039.8772464796555
2018-01-17 00:00:00+00:00,12.18,207.68,441.9,124.79,39.45,1049.9174536005075
2018-01-18 00:00:00+00:00,12.47,205.32,437.45,124.43,39.24,1042.3275108494036
2018-01-19 00:00:00+00:00,12.59,212.0,437.89,125.15,39.47,1061.9143844826376
2018-01-22 00:00:00+00:00,12.65,213.97,436.05,125.32,39.66,1067.6263278567637
2018-01-23 00:00:00+00:00,12.94,212.92,442.0,126.0,40.32,1071.7668060151389
2018-01-24 00:00:00+00:00,12.71,211.45,441.3,125.15,41.57,1071.086896604769
2018-01-25 00:00:00+00:00,12.41,211.0,439.17,125.55,40.77,1065.0731759199068
2018-01-26 00:00:00+00:00,12.95,215.76,441.59,126.53,41.05,1082.7105058608247
2018-01-29 00:00:00+00:00,13.32,209.21,435.16,126.41,40.08,1061.1802094804916
2018-01-30 00:00:00+00:00,12.87,203.22,439.56,125.25,40.1,1044.041200615531
2018-01-31 00:00:00+00:00,13.74,199.63,455.19,124.66,40.51,1044.603281234935
2018-02-01 00:00:00+00:00,13.25,201.76,444.54,124.66,40.36,1043.892515518765
2018-02-02 00:00:00+00:00,12.45,197.11,437.35,122.96,38.97,1018.2510354142031
2018-02-05 00:00:00+00:00,11.57,188.5,429.81,117.97,37.8,978.8462887170759
2018-02-06 00:00:00+00:00,11.65,190.7,430.85,117.97,37.63,984.4085851484507
2018-02-07 00:00:00+00:00,11.6,187.87,426.08,117.23,37.03,971.938453195227
2018-02-08 00:00:00+00:00,11.22,179.11,409.98,114.37,36.61,937.3784857600137
2018-02-09 00:00:00+00:00,11.31,180.24,425.81,115.33,36.76,947.607786128827
2018-02-12 00:00:00+00:00,11.68,181.19,431.45,116.3,36.91,955.2771639411947
2018-02-13 00:00:00+00:00,11.78,181.93,436.25,117.13,37.02,960.6540647934719
2018-02-14 00:00:00+00:00,12.2,189.45,435.83,119.28,39.0,992.6468338752214
2018-02-15 00:00:00+00:00,12.19,190.29,407.31,120.91,39.41,989.3368110501616
2018-02-16 00:00:00+00:00,11.82,191.79,403.3,122.08,39.11,990.5031693615505
2018-02-20 00:00:00+00:00,12.02,187.3,396.44,121.01,38.39,973.2459945638423
2018-02-21 00:00:00+00:00,11.72,189.03,384.92,119.43,38.16,969.70135768456
2018-02-22 00:00:00+00:00,11.84,186.83,390.45,120.16,37.63,965.0353308324839
2018-02-23 00:00:00+00:00,12.07,190.01,394.84,121.95,38.69,982.3220606806531
2018-02-26 00:00:00+00:00,12.42,194.86,394.18,121.44,39.32,998.0104454060364
2018-02-27 00:00:00+00:00,12.53,190.25,391.21,119.56,38.44,979.620911084106
2018-02-28 00:00:00+00:00,12.11,189.36,392.1,117.3,38.2,971.9944619605618
2018-03-01 00:00:00+00:00,11.9,185.37,386.29,117.68,38.11,959.1425851493293
2018-03-02 00:00:00+00:00,11.81,187.48,381.82,119.09,37.93,963.7120379166763
2018-03-05 00:00:00+00:00,11.91,188.16,388.51,121.01,38.28,971.9449655354184
2018-03-06 00:00:00+00:00,11.76,191.8,391.62,121.9,38.85,985.1640880471961
2018-03-07 00:00:00+00:00,12.24,190.1,391.38,122.21,37.7,978.2495549445197
2018-03-08 00:00:00+00:00,11.97,191.54,389.42,122.39,37.66,980.2096665428465
2018-03-09 00:00:00+00:00,11.7,196.11,395.16,123.93,37.71,994.7448847101716
2018-03-12 00:00:00+00:00,11.52,194.73,395.35,123.41,37.98,991.0234535699911
2018-03-13 00:00:00+00:00,11.64,194.95,405.42,124.06,38.22,997.1889041202928
2018-03-14 00:00:00+00:00,11.36,193.46,413.71,125.01,38.19,995.9539137140715
2018-03-15 00:00:00+00:00,11.46,190.46,415.23,125.01,37.31,985.4512886917086
2018-03-16 00:00:00+00:00,11.47,192.4,419.89,125.25,37.39,992.594943168204
2018-03-19 00:00:00+00:00,11.43,190.66,411.71,124.9,37.47,985.2425147021937
2018-03-20 00:00:00+00:00,11.11,189.25,415.26,125.36,37.3,981.2960397833476
2018-03-21 00:00:00+00:00,11.26,192.26,411.84,125.33,38.22,992.3967250012703
2018-03-22 00:00:00+00:00,10.91,185.17,417.58,122.49,37.61,968.4972240169039
2018-03-23 00:00:00+00:00,10.63,180.92,401.68,119.2,38.76,952.0975749794842
2018-03-26 00:00:00+00:00,10.44,188.6,409.61,120.88,39.89,980.4042006761658
2018-03-27 00:00:00+00:00,10.0,185.23,409.88,119.72,39.03,964.9014741189657
2018-03-28 00:00:00+00:00,9.81,185.0,417.02,119.54,38.39,962.8610688154416
2018-03-29 00:00:00+00:00,10.05,189.58,418.14,120.95,39.07,980.6047516117194
2018-04-02 00:00:00+00:00,9.53,180.43,408.55,119.36,39.27,950.811285163203
2018-04-03 00:00:00+00:00,9.55,181.44,408.6,119.69,38.83,952.0262338350851
2018-04-04 00:00:00+00:00,9.77,183.93,411.99,120.25,38.99,961.7930644115738
2018-04-05 00:00:00+00:00,10.02,182.01,413.59,120.39,39.27,959.8354016529627
2018-04-06 00:00:00+00:00,9.61,176.44,407.04,118.38,39.29,939.3272797497684
2018-04-09 00:00:00+00:00,9.53,174.68,409.57,118.49,38.58,932.42202779771
2018-04-10 00:00:00+00:00,9.98,176.28,405.59,120.55,39.47,943.5124681903786
2018-04-11 00:00:00+00:00,9.82,170.82,408.98,120.21,40.64,934.5664586195461
2018-04-12 00:00:00+00:00,10.08,173.31,401.2,120.14,40.4,938.3899981225235
2018-04-13 00:00:00+00:00,9.93,169.25,401.45,119.52,41.6,931.8199673082555
2018-04-16 00:00:00+00:00,10.09,171.36,405.52,121.3,41.42,940.6689634929888
2018-04-17 00:00:00+00:00,10.52,172.93,409.76,122.48,41.38,949.1743502400286
2018-04-18 00:00:00+00:00,10.36,171.38,414.18,123.08,41.09,945.4898633917269
2018-04-19 00:00:00+00:00,10.11,172.58,409.37,122.28,41.94,948.566861490252
2018-04-20 00:00:00+00:00,9.99,171.38,406.06,121.43,41.35,940.3379577358971
2018-04-23 00:00:00+00:00,10.04,170.82,407.58,121.59,41.06,938.5736486372758
2018-04-24 00:00:00+00:00,10.09,168.96,409.53,120.68,41.05,933.4778941447365
2018-04-25 00:00:00+00:00,9.71,168.99,410.21,119.25,40.52,928.1075590276789
2018-04-26 00:00:00+00:00,11.04,170.08,416.08,121.71,40.77,942.5585803717175
2018-04-27 00:00:00+00:00,11.11,170.0,421.15,120.11,40.66,941.8020371112042
2018-04-30 00:00:00+00:00,10.88,164.86,420.79,119.48,39.29,920.952771392237
2018-05-01 00:00:00+00:00,11.13,164.13,423.03,121.43,39.22,923.025031746153
2018-05-02 00:00:00+00:00,10.97,161.09,424.09,117.93,39.19,910.3961458827301
2018-05-03 00:00:00+00:00,10.93,160.07,398.13,120.86,39.81,905.5745443013607
2018-05-04 00:00:00+00:00,11.28,161.72,403.88,122.91,39.65,915.0186782438828
2018-05-07 00:00:00+00:00,11.59,162.45,394.16,121.8,39.87,914.5880460377297
2018-05-08 00:00:00+00:00,11.61,163.28,388.34,122.13,39.98,915.7955230896283
2018-05-09 00:00:00+00:00,11.95,163.53,388.17,122.73,39.96,918.4820367181235
2018-05-10 00:00:00+00:00,12.13,164.7,398.66,123.04,40.42,927.9719355350744
2018-05-11 00:00:00+00:00,11.95,164.76,401.89,123.99,40.39,929.4792406850894
2018-05-14 00:00:00+00:00,12.23,165.86,397.95,122.24,40.39,929.988466519297
2018-05-15 00:00:00+00:00,12.45,166.56,388.32,121.46,39.51,924.8490398350685
2018-05-16 00:00:00+00:00,12.82,167.33,385.76,122.28,39.69,929.3481740923783
2018-05-17 00:00:00+00:00,12.82,169.25,381.93,122.25,39.36,931.5637607419792
2018-05-18 00:00:00+00:00,13.0,167.71,385.86,122.41,39.16,929.0092004944598
2018-05-21 00:00:00+00:00,12.99,166.82,388.75,122.34,39.37,928.43809870793
2018-05-22 00:00:00+00:00,12.98,167.43,383.19,120.24,38.79,923.0330332677004
2018-05-23 00:00:00+00:00,13.1,164.96,384.42,121.77,39.59,922.9763928673659
2018-05-24 00:00:00+00:00,13.41,163.96,387.0,122.13,39.97,924.6406894888786
2018-05-25 00:00:00+00:00,13.54,163.33,388.05,121.72,39.44,921.1397718250756
2018-05-29 00:00:00+00:00,13.36,157.23,396.1,122.04,38.93,905.6386534460057
2018-05-30 00:00:00+00:00,13.82,160.86,401.29,123.83,39.19,921.8850839814723
2018-05-31 00:00:00+00:00,13.73,159.26,396.85,125.06,38.93,916.4266532302166
2018-06-01 00:00:00+00:00,14.4,161.23,399.21,124.82,38.64,923.4999044643704
2018-06-04 00:00:00+00:00,14.85,162.28,400.94,126.83,38.25,929.5022549780386
2018-06-05 00:00:00+00:00,14.85,163.32,395.57,127.13,38.55,932.080507887
2018-06-06 00:00:00+00:00,15.67,166.9,395.51,129.13,38.66,947.6437613329749
2018-06-07 00:00:00+00:00,14.89,165.17,397.42,128.6,38.58,939.5490467610324
2018-06-08 00:00:00+00:00,15.25,165.05,403.35,129.65,38.38,943.1450481002117
2018-06-11 00:00:00+00:00,15.73,163.76,404.23,129.05,38.57,942.2151375271795
2018-06-12 00:00:00+00:00,15.85,162.18,405.33,129.56,38.79,940.6258069628296
2018-06-13 00:00:00+00:00,16.32,156.0,392.69,129.59,38.7,922.4017011640344
2018-06-14 00:00:00+00:00,16.25,155.51,396.74,131.09,39.16,926.0194482853867
2018-06-15 00:00:00+00:00,16.34,155.81,398.76,131.29,38.4,924.8234215950698
2018-06-18 00:00:00+00:00,17.11,153.0,401.69,132.11,38.43,923.0044286086617
2018-06-19 00:00:00+00:00,16.69,154.0,401.76,133.15,38.35,924.7782012098324
2018-06-20 00:00:00+00:00,16.52,152.73,410.72,131.14,37.95,919.4750028226497
2018-06-21 00:00:00+00:00,15.65,153.43,419.0,131.03,37.02,916.1607717617428
2018-06-22 00:00:00+00:00,15.8,154.62,418.86,131.31,37.46,922.0168415617793
2018-06-25 00:00:00+00:00,15.11,153.57,418.57,129.47,36.99,912.0098107550687
2018-06-26 00:00:00+00:00,15.5,151.72,429.0,129.93,37.17,913.6504467059325
2018-06-27 00:00:00+00:00,14.97,149.8,425.57,128.41,36.98,902.6814259811957
2018-06-28 00:00:00+00:00,15.31,151.43,427.05,129.41,37.0,910.0981972875326
2018-06-29 00:00:00+00:00,14.99,148.67,429.89,130.36,37.71,906.8523153255463
2018-07-02 00:00:00+00:00,15.16,148.9,428.21,130.6,37.55,907.231903688663
2018-07-03 00:00:00+00:00,15.0,147.23,426.24,131.76,37.64,903.5046094587992
2018-07-05 00:00:00+00:00,15.5,148.02,440.15,132.61,38.43,916.5681056823473
2018-07-06 00:00:00+00:00,16.36,148.06,445.7,133.66,37.83,920.8484070220218
2018-07-09 00:00:00+00:00,16.61,150.9,442.51,134.62,37.79,929.1583980235837
2018-07-10 00:00:00+00:00,16.55,152.43,445.88,134.25,37.91,933.9459627636608
2018-07-11 00:00:00+00:00,16.27,150.32,443.47,135.3,37.07,924.3373521560691
2018-07-12 00:00:00+00:00,16.56,149.16,445.67,136.95,37.13,925.6449494898637
2018-07-13 00:00:00+00:00,16.27,148.48,443.43,135.38,36.84,918.7466757522435
2018-07-16 00:00:00+00:00,16.58,148.62,439.78,135.17,36.5,917.5141531068053
2018-07-17 00:00:00+00:00,16.87,148.49,438.45,136.27,36.94,921.2397629245834
2018-07-18 00:00:00+00:00,16.85,151.25,434.55,135.8,37.18,927.3723339686396
2018-07-19 00:00:00+00:00,16.71,149.31,437.19,135.8,37.01,921.9579813591781
2018-07-20 00:00:00+00:00,16.5,148.84,434.22,135.91,37.02,919.0949434378119
2018-07-23 00:00:00+00:00,16.66,150.11,428.8,136.89,36.57,920.5720502331259
2018-07-24 00:00:00+00:00,16.19,151.68,428.73,137.44,37.13,925.6605899621279
2018-07-25 00:00:00+00:00,16.05,150.91,432.64,138.36,37.47,926.9801657581789
2018-07-26 00:00:00+00:00,18.35,151.71,435.2,138.71,37.81,941.4347583898723
2018-07-27 00:00:00+00:00,18.94,151.05,443.2,137.39,36.89,939.2295381920077
2018-07-30 00:00:00+00:00,19.42,158.72,432.66,135.11,36.73,953.8663300633187
2018-07-31 00:00:00+00:00,18.33,160.01,439.28,134.7,36.68,953.9746941271377
2018-08-01 00:00:00+00:00,18.48,155.5,445.13,136.05,36.44,945.662360000307
2018-08-02 00:00:00+00:00,18.79,155.65,447.89,138.18,36.23,950.0304471587907
2018-08-03 00:00:00+00:00,18.49,152.06,455.43,138.63,36.46,943.5893231309758
2018-08-06 00:00:00+00:00,19.43,153.5,452.87,139.78,36.21,950.7799070720685
2018-08-07 00:00:00+00:00,19.56,155.52,447.9,140.48,36.07,955.1613948629844
2018-08-08 00:00:00+00:00,19.58,151.71,447.5,140.49,36.16,945.7890304418721
2018-08-09 00:00:00+00:00,19.1,151.19,444.99,141.01,35.71,940.3612796523721
2018-08-10 00:00:00+00:00,19.06,148.16,437.24,140.72,35.6,929.1194701391565
2018-08-13 00:00:00+00:00,19.73,146.4,440.81,141.67,34.65,925.7442825218776
2018-08-14 00:00:00+00:00,20.02,146.63,434.02,143.07,33.94,924.0908694992606
2018-08-15 00:00:00+00:00,19.7,145.43,436.41,142.89,31.8,911.0857005815035
2018-08-16 00:00:00+00:00,19.33,146.29,443.6,142.5,31.6,912.6994886867326
2018-08-17 00:00:00+00:00,19.77,146.59,438.77,143.24,32.06,916.6554478671712
2018-08-20 00:00:00+00:00,19.98,147.99,438.33,144.49,31.89,921.8204341834856
2018-08-21 00:00:00+00:00,20.4,148.87,432.61,144.1,31.95,923.7527345755519
2018-08-22 00:00:00+00:00,20.9,148.61,429.94,155.29,32.32,940.0129169260871
2018-08-23 00:00:00+00:00,22.29,146.49,429.17,156.6,31.66,939.0426163347611
2018-08-24 00:00:00+00:00,23.98,147.55,430.02,158.47,32.03,953.0809408342759
2018-08-27 00:00:00+00:00,25.26,148.18,432.55,157.21,32.25,960.2524931572185
2018-08-28 00:00:00+00:00,25.05,146.95,435.68,157.01,31.84,955.236670684804
2018-08-29 00:00:00+00:00,25.2,148.06,436.11,157.63,31.74,959.1949448616024
2018-08-30 00:00:00+00:00,24.89,146.0,430.69,158.16,31.05,948.600217547123
2018-08-31 00:00:00+00:00,25.17,146.09,436.13,158.44,31.03,952.0352670838096
2018-09-04 00:00:00+00:00,28.06,144.85,428.39,159.28,30.09,955.5916516176669
2018-09-05 00:00:00+00:00,28.51,144.63,430.21,157.98,30.13,956.0474626789522
2018-09-06 00:00:00+00:00,27.84,143.84,431.65,159.57,30.24,954.1462406603817
2018-09-07 00:00:00+00:00,27.38,142.71,431.09,160.0,30.13,949.2146857391124
2018-09-10 00:00:00+00:00,29.89,143.06,434.02,159.8,29.74,959.7145994716476
2018-09-11 00:00:00+00:00,30.1,142.96,434.66,160.51,29.63,960.9759647634949
2018-09-12 00:00:00+00:00,32.21,142.15,439.43,161.54,30.16,972.9030836282138
2018-09-13 00:00:00+00:00,30.48,140.7,443.84,161.82,30.22,963.9460675381804
2018-09-14 00:00:00+00:00,32.72,142.96,448.14,162.86,30.38,982.5371756673425
2018-09-17 00:00:00+00:00,32.43,142.05,447.3,159.94,30.64,976.1522178555142
2018-09-18 00:00:00+00:00,31.93,142.08,445.21,161.24,30.85,975.9811990027375
2018-09-19 00:00:00+00:00,31.21,145.64,442.27,159.43,31.52,981.6640414300177
2018-09-20 00:00:00+00:00,31.18,146.01,445.01,160.28,31.5,984.353034813079
2018-09-21 00:00:00+00:00,31.02,147.63,441.68,159.21,31.56,985.6454525545656
2018-09-24 00:00:00+00:00,32.61,144.0,431.97,159.51,31.09,978.3137142317607
2018-09-25 00:00:00+00:00,32.57,140.51,428.76,159.76,31.25,969.1985104737153
2018-09-26 00:00:00+00:00,32.19,139.09,423.13,158.25,29.87,954.357188325516
2018-09-27 00:00:00+00:00,32.59,138.2,430.15,159.19,29.98,957.6940509852741
2018-09-28 00:00:00+00:00,30.89,136.72,432.89,160.08,30.2,949.699126300647
2018-10-01 00:00:00+00:00,31.42,137.17,431.35,159.04,30.35,951.913671696198
2018-10-02 00:00:00+00:00,29.02,136.89,431.81,159.12,31.17,944.8367256900355
2018-10-03 00:00:00+00:00,28.43,138.0,425.3,159.06,30.48,940.0572700898437
2018-10-04 00:00:00+00:00,27.78,137.2,422.46,157.8,30.37,932.3010903582347
2018-10-05 00:00:00+00:00,27.35,134.68,417.32,158.66,30.58,924.376582037687
2018-10-08 00:00:00+00:00,26.46,133.55,418.94,154.32,30.52,912.5408056306226
2018-10-09 00:00:00+00:00,27.24,131.27,416.59,156.58,30.11,910.345640719175
2018-10-10 00:00:00+00:00,25.0,127.25,410.08,150.04,30.56,882.2234121061048
2018-10-11 00:00:00+00:00,25.3,123.19,397.08,147.32,32.72,874.7217196937812
2018-10-12 00:00:00+00:00,26.34,124.04,395.94,150.08,32.04,881.478906668403
2018-10-15 00:00:00+00:00,26.26,124.67,396.59,149.77,32.66,885.2170756940684
2018-10-16 00:00:00+00:00,28.18,125.94,408.29,154.23,32.29,904.3699951950839
2018-10-17 00:00:00+00:00,27.3,127.3,410.44,154.82,32.11,904.8022342112403
2018-10-18 00:00:00+00:00,26.62,123.69,411.65,152.94,32.37,891.8554044724661
2018-10-19 00:00:00+00:00,23.66,123.31,414.31,152.95,32.19,878.5153392455727
2018-10-22 00:00:00+00:00,25.03,119.85,411.73,153.92,31.97,874.906454117418
2018-10-23 00:00:00+00:00,25.09,117.99,411.41,151.81,32.41,869.529100586999
2018-10-24 00:00:00+00:00,22.79,115.9,416.75,148.85,31.76,849.7224698142525
2018-10-25 00:00:00+00:00,19.27,118.38,411.97,150.43,29.6,832.4399060314511
2018-10-26 00:00:00+00:00,17.63,115.53,385.22,148.95,30.0,809.4535599446108
2018-10-29 00:00:00+00:00,16.85,111.42,379.91,146.08,30.76,793.5901113939842
2018-10-30 00:00:00+00:00,17.2,115.17,376.79,147.84,31.0,806.8705606415107
2018-10-31 00:00:00+00:00,18.21,113.66,378.74,149.83,30.92,810.0686810656588
2018-11-01 00:00:00+00:00,20.22,118.26,386.69,149.62,32.06,837.4528867088414
2018-11-02 00:00:00+00:00,20.23,116.83,392.43,149.21,32.42,836.7210453874515
2018-11-05 00:00:00+00:00,19.9,114.78,396.46,149.72,32.39,831.9149695576833
2018-11-06 00:00:00+00:00,20.68,115.66,396.04,150.74,32.31,838.2558028638975
2018-11-07 00:00:00+00:00,21.84,117.66,400.0,146.65,32.5,845.1865467315623
2018-11-08 00:00:00+00:00,21.2,117.0,389.48,143.1,32.42,832.5906502364943
2018-11-09 00:00:00+00:00,21.03,115.24,384.94,141.5,32.02,822.190694533449
2018-11-12 00:00:00+00:00,19.03,112.55,389.42,141.31,31.53,806.0124974359248
2018-11-13 00:00:00+00:00,19.61,111.38,383.53,138.71,31.41,799.7785097463393
2018-11-14 00:00:00+00:00,20.81,111.07,385.32,135.7,32.4,805.0580992153949
2018-11-15 00:00:00+00:00,21.49,113.29,385.28,138.65,32.86,819.2584562018626
2018-11-16 00:00:00+00:00,20.66,113.36,388.63,138.93,33.32,819.3393903433684
2018-11-19 00:00:00+00:00,19.11,110.1,383.47,135.27,32.79,795.9443630073187
2018-11-20 00:00:00+00:00,19.21,106.55,376.5,134.81,32.9,784.9427529272169
2018-11-21 00:00:00+00:00,18.73,109.37,382.89,136.19,33.59,796.8681980695735
2018-11-23 00:00:00+00:00,19.38,109.28,380.4,135.76,32.46,793.2051915675656
2018-11-26 00:00:00+00:00,20.08,112.48,382.17,137.11,32.47,806.6381868395449
2018-11-27 00:00:00+00:00,21.05,110.51,382.11,136.02,31.96,802.1268818447211
2018-11-28 00:00:00+00:00,21.34,113.79,384.06,140.75,32.69,821.428217980838
2018-11-29 00:00:00+00:00,21.43,111.58,384.11,139.13,32.34,812.6470396249672
2018-11-30 00:00:00+00:00,21.3,111.12,385.28,139.7,32.34,812.0214445680425
2018-12-03 00:00:00+00:00,23.71,111.31,391.11,141.3,33.22,830.3206318702363
2018-12-04 00:00:00+00:00,21.12,105.15,385.09,137.16,33.79,798.9563521955062
2018-12-06 00:00:00+00:00,21.3,106.56,392.72,135.95,32.66,799.4288373678403
2018-12-07 00:00:00+00:00,19.46,103.04,386.47,133.75,33.39,781.0166429336838
2018-12-10 00:00:00+00:00,19.99,100.48,387.08,134.77,33.53,778.7963957079695
2018-12-11 00:00:00+00:00,19.98,99.42,389.8,134.46,33.34,775.7257541812589
2018-12-12 00:00:00+00:00,20.48,101.89,387.12,134.74,34.08,786.7841155189525
2018-12-13 00:00:00+00:00,19.86,98.36,389.32,133.72,34.04,774.4166199745156
2018-12-14 00:00:00+00:00,19.9,95.51,386.9,131.37,33.31,760.4503430342687
2018-12-17 00:00:00+00:00,18.83,95.46,369.06,128.75,33.61,748.0284399609852
2018-12-18 00:00:00+00:00,19.5,95.72,370.97,128.4,34.16,754.0406393417812
2018-12-19 00:00:00+00:00,18.16,92.2,368.44,127.21,32.09,728.2521088631423
2018-12-20 00:00:00+00:00,17.94,93.34,358.21,126.01,34.09,733.9582197549192
2018-12-21 00:00:00+00:00,16.93,92.42,350.31,123.55,33.53,719.3096358268507
2018-12-24 00:00:00+00:00,16.65,90.24,339.02,121.07,34.58,710.2766069640152
2018-12-26 00:00:00+00:00,17.9,95.06,349.27,125.36,34.53,736.3506981670217
2018-12-27 00:00:00+00:00,17.49,97.15,346.39,126.27,34.99,742.1377219118278
2018-12-28 00:00:00+00:00,17.82,96.01,352.85,125.28,34.47,739.2381611974167
2018-12-31 00:00:00+00:00,18.46,97.44,352.56,126.52,34.65,747.8224124088894
2019-01-02 00:00:00+00:00,18.83,98.23,350.0,124.19,34.48,746.908820838555
2019-01-03 00:00:00+00:00,17.05,96.43,345.94,121.23,34.38,729.3448586556935
2019-01-04 00:00:00+00:00,19.0,100.65,353.79,124.04,34.38,754.4105506407121
2019-01-07 00:00:00+00:00,20.57,102.55,354.5,123.82,33.97,764.0772935312855
2019-01-08 00:00:00+00:00,20.75,102.37,361.86,125.92,34.07,769.8279784448023
2019-01-09 00:00:00+00:00,20.19,103.5,357.32,126.34,34.37,770.695485007916
2019-01-10 00:00:00+00:00,19.74,104.07,370.68,126.13,34.82,776.2286965816481
2019-01-11 00:00:00+00:00,20.27,102.11,371.43,126.73,34.88,774.7142240863202
2019-01-14 00:00:00+00:00,20.23,102.36,376.58,126.44,31.78,763.243261700026
2019-01-15 00:00:00+00:00,20.38,103.96,382.98,128.8,31.02,769.7551618157385
2019-01-16 00:00:00+00:00,19.73,107.15,381.11,130.05,31.56,778.4348202598818
2019-01-17 00:00:00+00:00,20.25,107.06,381.83,129.5,31.62,780.1923539200568
2019-01-18 00:00:00+00:00,20.77,108.57,374.67,130.87,31.77,786.2906394980414
2019-01-22 00:00:00+00:00,19.76,106.58,371.01,129.53,32.1,775.4934712274585
2019-01-23 00:00:00+00:00,19.8,106.5,365.26,130.29,32.2,774.9843305868103
2019-01-24 00:00:00+00:00,20.85,107.75,371.28,131.15,32.18,785.5431482112753
2019-01-25 00:00:00+00:00,21.93,109.62,369.44,132.45,33.16,800.0959228746491
2019-01-28 00:00:00+00:00,20.18,109.87,377.11,132.38,32.91,794.6821516686357
2019-01-29 00:00:00+00:00,19.25,106.7,379.29,131.14,33.54,784.5048790698452
2019-01-30 00:00:00+00:00,23.09,104.79,383.01,133.06,33.71,800.1593953249541
2019-01-31 00:00:00+00:00,24.41,104.95,394.0,133.55,34.11,812.0076302578749
2019-02-01 00:00:00+00:00,24.51,104.98,396.38,135.02,33.84,813.9738336408569
2019-02-04 00:00:00+00:00,24.13,107.41,395.29,135.61,34.16,820.3324259196779
2019-02-05 00:00:00+00:00,23.31,110.02,395.79,135.79,34.12,823.7559982082046
2019-02-06 00:00:00+00:00,23.26,109.14,390.1,132.05,33.98,814.1501329366781
2019-02-07 00:00:00+00:00,22.67,108.6,389.79,131.78,33.73,808.7775015061999
2019-02-08 00:00:00+00:00,23.05,104.84,395.82,132.67,33.84,804.3219839199779
2019-02-11 00:00:00+00:00,22.96,104.88,400.07,131.43,33.65,803.0444116674314
2019-02-12 00:00:00+00:00,22.82,106.17,397.48,132.71,33.39,805.4123437701014
2019-02-13 00:00:00+00:00,22.85,106.46,391.91,133.53,33.23,804.8287921019853
2019-02-14 00:00:00+00:00,23.13,105.43,420.59,132.37,33.11,810.6741030984356
2019-02-15 00:00:00+00:00,23.68,108.96,421.39,133.79,33.24,824.6044761685499
2019-02-19 00:00:00+00:00,23.95,109.0,430.59,132.84,34.53,833.1297697660489
2019-02-20 00:00:00+00:00,23.95,109.95,431.53,132.83,35.39,839.5185100750851
2019-02-21 00:00:00+00:00,23.92,108.01,425.86,131.63,35.41,831.1816534787175
2019-02-22 00:00:00+00:00,24.36,109.13,428.54,132.56,36.48,842.5020499089902
2019-02-25 00:00:00+00:00,24.71,110.34,428.98,132.3,36.1,845.2569872359835
2019-02-26 00:00:00+00:00,24.21,110.46,425.84,132.89,34.95,838.2735112969217
2019-02-27 00:00:00+00:00,23.48,110.16,418.15,132.84,34.02,827.9115923153335
2019-02-28 00:00:00+00:00,23.53,109.61,423.5,132.63,34.12,828.6099247034732
2019-03-01 00:00:00+00:00,23.68,110.53,432.79,133.76,33.82,834.7349417206627
2019-03-04 00:00:00+00:00,23.37,110.29,426.98,132.98,34.45,832.6462177015699
2019-03-05 00:00:00+00:00,23.5,108.69,426.92,133.0,34.5,829.3296797609806
2019-03-06 00:00:00+00:00,22.41,106.49,424.66,131.82,33.14,811.0958325803848
2019-03-07 00:00:00+00:00,22.08,103.62,426.75,131.0,33.22,802.3638958714112
2019-03-08 00:00:00+00:00,22.01,103.83,430.38,131.33,33.71,806.2864612871998
2019-03-11 00:00:00+00:00,22.96,106.56,438.33,133.46,33.45,821.4002338365793
2019-03-12 00:00:00+00:00,23.49,106.56,438.5,134.31,34.52,829.3293528803819
2019-03-13 00:00:00+00:00,23.38,107.19,438.87,135.7,34.41,831.8749561385346
2019-03-14 00:00:00+00:00,22.82,106.76,440.48,135.84,33.42,824.8862113745738
2019-03-15 00:00:00+00:00,23.29,109.35,441.61,137.24,33.14,834.4107051154135
2019-03-18 00:00:00+00:00,23.25,111.59,444.1,138.13,33.0,841.2875179873332
2019-03-19 00:00:00+00:00,26.0,110.3,443.55,136.98,33.28,849.152800860184
2019-03-20 00:00:00+00:00,25.7,107.0,448.08,135.06,33.87,841.0303984586011
2019-03-21 00:00:00+00:00,27.89,105.21,458.29,137.87,34.33,854.4952302212422
2019-03-22 00:00:00+00:00,26.37,99.16,451.5,135.77,34.5,828.5340256165728
2019-03-25 00:00:00+00:00,25.97,99.16,446.18,135.18,34.9,826.0940667633608
2019-03-26 00:00:00+00:00,25.69,101.86,447.67,137.16,35.56,837.6004202644239
2019-03-27 00:00:00+00:00,24.89,103.72,448.08,137.61,35.71,840.3165932893273
2019-03-28 00:00:00+00:00,25.06,106.32,449.96,138.17,35.57,848.3842673386508
2019-03-29 00:00:00+00:00,25.52,107.11,453.16,138.74,35.77,854.9455569103376
2019-04-01 00:00:00+00:00,26.36,111.39,456.3,140.34,35.61,871.7567363627161
2019-04-02 00:00:00+00:00,26.75,111.37,460.44,141.78,35.83,877.4410503554165
2019-04-03 00:00:00+00:00,29.02,113.42,462.01,142.59,35.95,894.2797231489949
2019-04-04 00:00:00+00:00,29.09,114.11,461.44,141.75,36.48,897.3567125212268
2019-04-05 00:00:00+00:00,28.98,115.53,466.62,141.95,36.5,902.5288696923922
2019-04-08 00:00:00+00:00,28.53,114.1,463.41,141.37,36.66,895.8978787181978
2019-04-09 00:00:00+00:00,27.24,109.96,460.11,141.2,36.6,878.3582175180387
2019-04-10 00:00:00+00:00,27.83,110.51,461.21,142.06,36.27,882.2780281851299
2019-04-11 00:00:00+00:00,27.79,110.45,460.67,143.13,35.97,881.8487884052412
2019-04-12 00:00:00+00:00,27.85,112.34,463.38,144.12,36.25,890.2445141362897
2019-04-15 00:00:00+00:00,27.33,111.04,460.0,144.06,36.17,883.2256185692682
2019-04-16 00:00:00+00:00,27.93,112.53,452.66,143.84,34.79,881.0141391937455
2019-04-17 00:00:00+00:00,27.49,112.39,447.52,143.83,34.18,874.5237882330715
2019-04-18 00:00:00+00:00,27.68,113.64,446.44,143.5,33.04,872.881373829131
2019-04-22 00:00:00+00:00,28.18,113.35,447.23,144.5,32.55,873.6708632977732
2019-04-23 00:00:00+00:00,27.97,114.48,450.21,146.37,32.37,878.2205264562963
2019-04-24 00:00:00+00:00,28.46,113.17,453.46,146.84,32.2,877.8583352421236
2019-04-25 00:00:00+00:00,27.66,112.09,453.89,147.3,31.63,870.0147911303524
2019-04-26 00:00:00+00:00,27.88,112.46,453.05,148.14,31.46,871.9471596177618
2019-04-29 00:00:00+00:00,27.69,112.94,448.81,148.62,30.76,868.6166470367605
2019-04-30 00:00:00+00:00,27.63,110.92,454.7,149.06,31.06,866.9471798613755
2019-05-01 00:00:00+00:00,26.81,109.51,450.01,140.69,30.32,844.6706444772313
2019-05-02 00:00:00+00:00,28.29,107.99,465.01,138.81,30.1,848.5670404897086
2019-05-03 00:00:00+00:00,28.22,110.82,476.99,137.58,30.22,858.3293285021075
2019-05-06 00:00:00+00:00,27.42,97.96,478.53,137.93,29.94,821.878058691465
2019-05-07 00:00:00+00:00,26.66,94.09,474.93,135.01,30.72,807.2864755059223
2019-05-08 00:00:00+00:00,27.09,93.97,478.98,134.41,30.2,807.1242655830107
2019-05-09 00:00:00+00:00,27.21,94.33,476.59,133.91,29.93,805.9933201341757
2019-05-10 00:00:00+00:00,27.96,94.39,479.82,134.77,30.15,812.3740065812399
2019-05-13 00:00:00+00:00,26.24,90.84,476.24,132.95,30.91,795.860703964399
2019-05-14 00:00:00+00:00,27.32,91.34,484.0,135.21,30.83,806.701763748186
2019-05-15 00:00:00+00:00,27.58,91.21,486.62,134.83,30.69,807.235604304272
2019-05-16 00:00:00+00:00,28.01,90.76,491.76,136.1,30.55,810.562470808477
2019-05-17 00:00:00+00:00,27.5,88.92,490.28,135.75,30.92,804.3779187955146
2019-05-20 00:00:00+00:00,26.68,88.63,480.12,135.68,31.17,797.8783447226199
2019-05-21 00:00:00+00:00,27.35,90.08,484.45,136.69,31.34,807.8005763292508
2019-05-22 00:00:00+00:00,27.41,89.41,493.99,135.65,31.32,808.0305366609442
2019-05-23 00:00:00+00:00,26.36,88.23,496.26,132.28,31.64,798.4480415296454
2019-05-24 00:00:00+00:00,26.44,88.4,496.52,132.49,31.92,800.763500038902
2019-05-28 00:00:00+00:00,29.03,86.84,491.23,130.96,31.67,802.9912976466952
2019-05-29 00:00:00+00:00,28.09,87.22,482.55,131.44,31.6,797.5007294543695
2019-05-30 00:00:00+00:00,28.03,86.06,487.31,132.22,32.09,798.9009300081095
2019-05-31 00:00:00+00:00,27.41,83.82,485.79,131.22,33.09,793.090556262155
2019-06-03 00:00:00+00:00,27.58,84.41,485.58,130.7,33.63,796.8959681366907
2019-06-04 00:00:00+00:00,29.57,87.4,481.05,132.67,34.36,817.0493492743076
2019-06-05 00:00:00+00:00,29.5,88.06,495.29,133.6,34.49,824.7677592057659
2019-06-06 00:00:00+00:00,31.82,89.01,494.66,133.38,35.31,839.9903544616251
2019-06-07 00:00:00+00:00,32.41,89.28,499.6,135.39,35.67,848.8322965977835
2019-06-10 00:00:00+00:00,33.23,90.18,506.02,136.92,35.29,856.9645546927601
2019-06-11 00:00:00+00:00,32.41,90.01,504.24,136.79,34.92,850.755901854662
2019-06-12 00:00:00+00:00,32.18,89.25,503.67,138.59,35.47,852.2796195925002
2019-06-13 00:00:00+00:00,31.39,89.76,507.3,137.97,35.55,850.9857322807079
2019-06-14 00:00:00+00:00,30.36,88.36,509.92,137.81,35.93,845.3399652645138
2019-06-17 00:00:00+00:00,29.2,87.33,511.48,137.09,36.22,838.6582038725154
2019-06-18 00:00:00+00:00,30.45,87.57,503.23,137.34,36.01,841.2903878764017
2019-06-19 00:00:00+00:00,30.5,86.93,511.17,138.19,36.36,844.9993000790674
2019-06-20 00:00:00+00:00,30.01,88.6,508.37,138.62,37.58,852.0440574925918
2019-06-21 00:00:00+00:00,29.1,87.98,508.09,137.34,37.49,844.5391525662534
2019-06-24 00:00:00+00:00,29.26,88.04,510.04,136.91,38.44,849.512142286245
2019-06-25 00:00:00+00:00,28.86,88.51,500.05,135.65,37.94,842.0747064051694
2019-06-26 00:00:00+00:00,29.92,90.12,490.28,134.41,38.27,847.3405002980501
2019-06-27 00:00:00+00:00,30.74,91.41,498.19,134.54,38.08,855.9971230976446
2019-06-28 00:00:00+00:00,30.37,92.14,504.29,133.92,38.47,859.1568120444398
2019-07-01 00:00:00+00:00,31.2,92.02,504.94,136.42,37.91,863.316646319038
2019-07-02 00:00:00+00:00,31.24,90.14,514.94,135.94,38.44,863.5771927611119
2019-07-03 00:00:00+00:00,31.19,90.73,518.95,137.61,38.76,869.6390961181328
2019-07-05 00:00:00+00:00,31.5,91.05,518.18,137.15,38.42,869.4817047751911
2019-07-08 00:00:00+00:00,32.04,89.52,519.16,136.12,38.29,866.315951863504
2019-07-09 00:00:00+00:00,33.15,90.42,521.5,136.68,38.76,876.7597312432241
2019-07-10 00:00:00+00:00,33.79,90.56,527.16,137.4,39.05,883.7888982893236
2019-07-11 00:00:00+00:00,33.06,91.02,523.88,138.89,39.28,883.6863908124031
2019-07-12 00:00:00+00:00,33.21,89.76,518.01,139.91,39.42,881.0887089994688
2019-07-15 00:00:00+00:00,34.39,89.01,516.99,140.5,39.17,883.4931569298847
2019-07-16 00:00:00+00:00,33.85,87.71,514.22,140.46,38.69,874.9040035467071
2019-07-17 00:00:00+00:00,33.6,85.33,512.18,141.05,39.06,869.4402859309591
2019-07-18 00:00:00+00:00,33.0,87.92,512.17,142.6,39.7,878.2054174282148
2019-07-19 00:00:00+00:00,32.51,88.37,506.61,141.6,39.29,872.4812560731998
2019-07-22 00:00:00+00:00,32.85,87.95,506.4,138.84,39.9,871.901765699592
2019-07-23 00:00:00+00:00,33.49,90.07,507.33,138.85,39.62,879.127025927227
2019-07-24 00:00:00+00:00,34.11,91.58,508.32,136.49,39.3,881.5734440756248
2019-07-25 00:00:00+00:00,33.67,89.34,490.48,138.0,38.25,865.6550920255303
2019-07-26 00:00:00+00:00,34.02,90.05,488.81,140.26,37.28,867.107441986414
2019-07-29 00:00:00+00:00,33.48,86.65,486.58,141.01,37.71,858.2147185085659
2019-07-30 00:00:00+00:00,33.87,86.78,498.82,139.12,37.73,861.8495552280637
2019-07-31 00:00:00+00:00,30.45,85.79,502.1,139.7,36.52,841.533771763716
2019-08-01 00:00:00+00:00,29.86,82.74,522.75,140.47,37.15,841.597012864067
2019-08-02 00:00:00+00:00,29.44,81.12,524.09,138.77,36.91,832.9583929299383
2019-08-05 00:00:00+00:00,27.99,78.99,512.68,133.8,37.42,813.6401156015183
2019-08-06 00:00:00+00:00,28.86,81.24,519.86,135.87,37.99,830.4119468920335
2019-08-07 00:00:00+00:00,29.19,79.1,533.09,137.08,39.35,837.9489307133706
2019-08-08 00:00:00+00:00,33.92,81.12,549.24,140.82,39.29,872.7124613897474
2019-08-09 00:00:00+00:00,34.19,80.02,552.42,140.62,39.03,870.7079700738489
2019-08-12 00:00:00+00:00,32.43,79.63,553.3,138.32,38.46,857.2478370694563
2019-08-13 00:00:00+00:00,32.11,79.25,548.38,140.21,37.66,852.3042705960283
2019-08-14 00:00:00+00:00,30.24,76.79,539.88,138.18,37.97,834.16447416442
2019-08-15 00:00:00+00:00,29.67,74.49,546.34,141.94,38.52,835.0662779585697
2019-08-16 00:00:00+00:00,31.18,75.94,551.81,141.92,38.58,847.1291543956709
2019-08-19 00:00:00+00:00,31.48,76.71,555.73,141.53,38.13,849.2122243988691
2019-08-20 00:00:00+00:00,30.72,75.79,547.0,140.77,38.57,841.761701494412
2019-08-21 00:00:00+00:00,31.7,75.88,552.1,142.36,38.53,849.6019139521621
2019-08-22 00:00:00+00:00,31.9,76.51,554.42,142.9,38.49,853.3120036855792
2019-08-23 00:00:00+00:00,29.54,74.64,549.42,138.85,39.3,835.3344370881298
2019-08-26 00:00:00+00:00,30.28,75.08,558.68,140.37,39.45,845.1241940368085
2019-08-27 00:00:00+00:00,30.2,74.84,557.52,142.6,40.75,852.1614392676668
2019-08-28 00:00:00+00:00,30.78,75.03,553.53,142.59,40.87,854.3010099900903
2019-08-29 00:00:00+00:00,31.45,75.78,557.72,145.0,40.11,860.1835615711472
2019-08-30 00:00:00+00:00,31.45,76.63,556.28,144.96,39.89,860.8977103161892
2019-09-03 00:00:00+00:00,30.9,74.97,565.91,144.57,40.39,859.0991697547144
2019-09-04 00:00:00+00:00,30.95,76.03,558.49,145.83,41.02,863.8956399815121
2019-09-05 00:00:00+00:00,31.5,78.74,551.0,148.51,39.34,866.9115894533412
2019-09-06 00:00:00+00:00,30.56,78.63,554.09,147.74,38.66,859.7938592724973
2019-09-09 00:00:00+00:00,30.5,83.05,538.21,147.51,38.06,862.8381693866856
2019-09-10 00:00:00+00:00,30.23,86.38,531.44,142.66,38.16,862.3278508218854
2019-09-11 00:00:00+00:00,29.76,88.23,528.44,145.02,38.72,869.4647713949358
2019-09-12 00:00:00+00:00,30.21,88.21,538.88,146.38,38.66,876.1412510229165
2019-09-13 00:00:00+00:00,30.69,88.67,536.8,145.21,38.62,877.0208612857092
2019-09-16 00:00:00+00:00,30.83,88.4,549.93,146.11,38.48,881.7009474053219
2019-09-17 00:00:00+00:00,30.99,87.0,558.91,147.22,39.6,887.8858242875357
2019-09-18 00:00:00+00:00,30.42,86.81,561.0,147.53,39.05,883.7159526445837
2019-09-19 00:00:00+00:00,30.29,85.95,569.03,147.86,39.39,885.4359968474844
2019-09-20 00:00:00+00:00,30.05,85.65,566.45,147.69,39.84,884.5328025986199
2019-09-23 00:00:00+00:00,30.64,85.32,581.71,145.36,39.85,888.2152342642531
2019-09-24 00:00:00+00:00,29.52,83.25,572.04,146.83,40.29,878.8185015996946
2019-09-25 00:00:00+00:00,29.54,84.07,579.25,146.75,39.57,880.1499511002562
2019-09-26 00:00:00+00:00,29.47,82.97,583.02,146.74,39.37,877.3989875277076
2019-09-27 00:00:00+00:00,28.72,82.94,576.62,143.72,38.4,864.1457618548842
2019-09-30 00:00:00+00:00,28.99,83.35,576.8,145.97,37.92,867.173218841739
2019-10-01 00:00:00+00:00,28.76,79.67,569.59,146.26,37.56,853.3093432479177
2019-10-02 00:00:00+00:00,28.31,76.22,561.52,144.55,37.87,839.1688950502329
2019-10-03 00:00:00+00:00,28.68,75.55,575.75,144.5,38.12,844.6213680235181
2019-10-04 00:00:00+00:00,29.01,76.47,581.65,145.94,38.31,852.8926671641376
2019-10-07 00:00:00+00:00,28.93,74.83,577.31,144.81,38.26,845.3298587139942
2019-10-08 00:00:00+00:00,28.23,71.8,569.5,142.28,38.92,831.753457289865
2019-10-09 00:00:00+00:00,28.46,72.25,575.0,142.34,38.78,835.1263368129636
2019-10-10 00:00:00+00:00,28.38,73.06,572.2,142.75,38.94,837.1516549091687
2019-10-11 00:00:00+00:00,29.75,75.97,566.61,142.1,37.62,842.0892946029999
2019-10-14 00:00:00+00:00,30.53,75.29,567.5,141.98,38.0,845.4000012309673
2019-10-15 00:00:00+00:00,30.72,76.13,571.65,142.63,37.69,849.1808220187169
2019-10-16 00:00:00+00:00,30.81,75.61,567.89,143.7,37.83,848.9638914411848
2019-10-17 00:00:00+00:00,31.14,74.7,571.84,143.4,38.31,850.9803896904922
2019-10-18 00:00:00+00:00,30.97,74.58,576.41,143.48,38.44,852.0905794113046
2019-10-21 00:00:00+00:00,32.03,75.47,577.35,141.73,37.96,854.8778704348005
2019-10-22 00:00:00+00:00,31.51,75.62,569.93,139.16,37.8,846.7499938853738
2019-10-23 00:00:00+00:00,31.36,77.04,566.62,138.49,38.38,850.3053502801263
2019-10-24 00:00:00+00:00,31.72,76.9,563.34,139.02,39.1,854.1478654222177
2019-10-25 00:00:00+00:00,32.71,77.34,565.74,139.53,39.18,861.2026782259751
2019-10-28 00:00:00+00:00,33.69,81.5,567.13,140.75,38.85,876.5271809193507
2019-10-29 00:00:00+00:00,33.03,84.06,567.52,141.33,38.84,881.0939644940961
2019-10-30 00:00:00+00:00,33.13,80.73,571.16,141.48,39.04,875.2356097123132
2019-10-31 00:00:00+00:00,33.93,79.88,566.78,141.56,39.73,878.0695643696547
2019-11-01 00:00:00+00:00,34.89,82.15,562.24,141.74,39.61,886.1559904527667
2019-11-04 00:00:00+00:00,36.29,86.1,543.2,142.72,38.89,894.1441683998939
2019-11-05 00:00:00+00:00,36.15,87.17,527.19,145.64,37.55,889.0676970654404
2019-11-06 00:00:00+00:00,35.93,85.77,531.88,147.49,37.65,888.8410690535972
2019-11-07 00:00:00+00:00,36.28,87.05,522.5,148.65,36.93,888.938335443948
2019-11-08 00:00:00+00:00,36.29,86.86,530.31,149.51,36.61,890.7364048357691
2019-11-11 00:00:00+00:00,36.31,87.02,535.0,148.66,36.71,892.1007747016331
2019-11-12 00:00:00+00:00,36.71,86.28,531.24,147.31,36.9,889.7930316833069
2019-11-13 00:00:00+00:00,37.52,84.69,540.73,148.3,37.37,895.4697314401857
2019-11-14 00:00:00+00:00,38.35,84.26,544.71,148.09,37.54,899.6175394486527
2019-11-15 00:00:00+00:00,38.56,85.0,550.41,149.71,37.61,906.5734068668393
2019-11-18 00:00:00+00:00,39.88,85.03,558.21,150.66,38.06,917.8520842505944
2019-11-19 00:00:00+00:00,41.29,84.89,564.96,151.11,38.35,927.423487607209
2019-11-20 00:00:00+00:00,40.98,84.0,568.76,150.35,38.47,924.6284730815979
2019-11-21 00:00:00+00:00,39.52,84.03,560.17,148.86,38.21,912.7887096306896
2019-11-22 00:00:00+00:00,39.15,84.41,557.58,149.45,38.09,911.5932973575441
2019-11-25 00:00:00+00:00,39.79,86.55,553.85,150.57,37.76,918.5487208804823
2019-11-26 00:00:00+00:00,38.99,85.65,554.68,151.79,38.14,916.3086898396549
2019-11-27 00:00:00+00:00,39.41,85.95,565.19,152.61,38.18,923.4447879433487
2019-11-29 00:00:00+00:00,39.15,85.37,566.85,151.94,38.4,921.500602080366
2019-12-02 00:00:00+00:00,38.73,83.5,549.74,150.44,38.74,908.9905627135474
2019-12-03 00:00:00+00:00,38.9,81.78,552.6,150.15,39.38,908.609101088782
2019-12-04 00:00:00+00:00,39.69,82.8,562.93,151.1,39.13,918.0091874805041
2019-12-05 00:00:00+00:00,39.62,83.58,560.06,150.72,40.0,922.0142984310316
2019-12-06 00:00:00+00:00,39.63,85.43,559.19,150.65,39.8,925.5547295568637
2019-12-09 00:00:00+00:00,38.93,84.26,560.72,148.87,39.72,917.5286375924636
2019-12-10 00:00:00+00:00,39.44,82.84,557.73,148.71,39.99,916.0387628837391
2019-12-11 00:00:00+00:00,39.47,83.79,559.14,145.54,40.9,918.9377470718659
2019-12-12 00:00:00+00:00,42.59,86.94,547.8,146.79,41.12,938.975362973562
2019-12-13 00:00:00+00:00,41.15,85.11,551.84,145.86,41.29,929.0961580074669
2019-12-16 00:00:00+00:00,42.35,86.1,562.8,146.38,40.99,939.5957001915882
2019-12-17 00:00:00+00:00,42.77,85.92,557.52,146.98,40.47,937.7350875786183
2019-12-18 00:00:00+00:00,42.3,86.54,565.45,145.78,40.98,940.5656956980681
2019-12-19 00:00:00+00:00,42.83,86.69,575.92,146.09,40.88,946.5290591168764
2019-12-20 00:00:00+00:00,44.15,84.5,577.71,146.82,40.93,948.2138551796248
2019-12-23 00:00:00+00:00,45.46,85.73,571.64,146.32,41.77,957.8694855081309
2019-12-24 00:00:00+00:00,46.54,84.95,573.24,146.42,42.18,962.823952395682
2019-12-26 00:00:00+00:00,46.63,84.74,579.51,146.11,42.69,966.480962925903
2019-12-27 00:00:00+00:00,46.18,84.95,582.5,146.61,42.71,966.8022945159856
2019-12-30 00:00:00+00:00,45.52,84.5,580.24,145.39,43.75,965.0465039595346
2019-12-31 00:00:00+00:00,45.86,84.74,583.7,145.67,43.45,967.2815661765617
2020-01-02 00:00:00+00:00,49.1,83.99,579.35,145.89,43.22,976.9100859557519
2020-01-03 00:00:00+00:00,48.6,82.95,585.12,145.72,42.83,972.1334924815128
2020-01-06 00:00:00+00:00,48.39,83.33,584.48,146.73,43.26,975.1206250015032
2020-01-07 00:00:00+00:00,48.25,82.39,581.88,146.48,43.23,970.8481204224303
2020-01-08 00:00:00+00:00,47.83,82.53,583.8,146.71,42.08,965.434428478746
2020-01-09 00:00:00+00:00,48.97,82.93,588.99,148.62,41.66,973.549506840947
2020-01-10 00:00:00+00:00,48.165,82.93,594.0,145.51,42.27,970.462793941012
2020-01-13 00:00:00+00:00,48.745,84.55,594.96,147.19,42.45,980.2374980354078
2020-01-14 00:00:00+00:00,48.21,84.78,586.5,147.07,42.83,977.3077222192169
2020-01-15 00:00:00+00:00,48.545,84.69,586.24,148.65,43.52,983.3433365083481
2020-01-16 00:00:00+00:00,49.77,86.38,595.12,149.27,43.82,997.7511344785961
2020-01-17 00:00:00+00:00,50.93,85.64,588.0,149.47,43.48,997.2497516503363
2020-01-21 00:00:00+00:00,51.05,85.38,590.0,149.61,43.71,998.8968421191895
2020-01-22 00:00:00+00:00,51.43,86.04,591.67,149.64,43.78,1003.0591618396571
2020-01-23 00:00:00+00:00,51.71,85.47,596.01,152.41,43.7,1007.3353547239627
2020-01-24 00:00:00+00:00,50.35,82.91,591.96,151.25,44.29,994.819601727267
2020-01-27 00:00:00+00:00,49.26,79.8,593.95,149.04,44.56,981.300138043515
2020-01-28 00:00:00+00:00,50.53,79.18,602.57,150.05,44.3,988.0174525950371
2020-01-29 00:00:00+00:00,47.51,79.48,602.68,149.6,44.62,976.8918356799938
2020-01-30 00:00:00+00:00,48.78,80.31,603.0,153.07,44.97,990.332524012099
2020-01-31 00:00:00+00:00,47.0,79.85,589.73,149.54,45.06,973.3055747037145
2020-02-03 00:00:00+00:00,48.02,80.25,603.6,151.98,45.59,988.4450602231275
2020-02-04 00:00:00+00:00,49.45,82.07,607.85,153.77,44.23,996.9370231315195
2020-02-05 00:00:00+00:00,49.84,84.53,601.26,163.98,44.3,1015.8931389740909
2020-02-06 00:00:00+00:00,49.32,83.23,603.73,164.2,44.39,1011.8435859747638
2020-02-07 00:00:00+00:00,49.73,81.52,606.0,165.29,44.02,1009.7336860374577
2020-02-10 00:00:00+00:00,52.26,82.3,612.03,168.38,44.42,1029.9364994762905
2020-02-11 00:00:00+00:00,53.8,83.01,613.57,168.12,44.22,1037.5542436161663
2020-02-12 00:00:00+00:00,53.89,83.71,623.14,169.12,43.89,1042.663468035155
2020-02-13 00:00:00+00:00,54.53,82.53,635.75,168.95,44.01,1046.7221305486037
2020-02-14 00:00:00+00:00,55.31,82.9,648.65,172.08,44.07,1059.3223394599793
2020-02-18 00:00:00+00:00,56.89,83.27,643.585,172.86,45.58,1072.7197680783897
2020-02-19 00:00:00+00:00,58.9,86.71,643.72,173.82,46.17,1093.7430293429313
2020-02-20 00:00:00+00:00,57.27,88.1,648.39,174.46,48.1,1100.9799737277617
2020-02-21 00:00:00+00:00,53.28,88.78,655.99,171.01,49.44,1089.733266351502
2020-02-24 00:00:00+00:00,49.12,85.28,644.9,167.93,50.26,1059.3069164084786
2020-02-25 00:00:00+00:00,47.57,82.33,631.98,163.75,49.14,1031.0204001856748
2020-02-26 00:00:00+00:00,47.49,81.68,629.84,160.55,49.4,1025.411087898911
2020-02-27 00:00:00+00:00,44.01,80.28,597.49,154.55,46.53,976.9013783107143
2020-02-28 00:00:00+00:00,45.48,75.22,572.8,151.74,44.63,950.5473263865202
2020-03-02 00:00:00+00:00,47.46,78.36,618.88,158.73,46.83,1000.0
2020-03-03 00:00:00+00:00,46.75,73.81,615.16,157.79,49.73,995.3935891489491
2020-03-04 00:00:00+00:00,50.11,75.42,645.49,165.4,51.0,1038.476180808526
2020-03-05 00:00:00+00:00,48.11,70.7,616.67,164.99,52.08,1012.7832967065301
2020-03-06 00:00:00+00:00,48.59,70.49,608.67,161.44,52.35,1008.3648520639547
2020-03-09 00:00:00+00:00,43.27,62.45,574.06,151.63,47.78,922.3625626742836
2020-03-10 00:00:00+00:00,45.38,66.86,610.28,163.43,48.38,971.6454940138638
2020-03-11 00:00:00+00:00,45.7,61.5,598.8,161.01,46.02,942.4754089659352
2020-03-12 00:00:00+00:00,39.01,50.38,565.13,155.15,44.44,860.8890548413004
2020-03-13 00:00:00+00:00,43.9,57.17,621.09,160.9,39.5,903.0578536994688
2020-03-16 00:00:00+00:00,38.71,52.57,542.43,147.96,40.73,832.9746332352407
2020-03-17 00:00:00+00:00,41.88,59.54,575.18,156.19,45.8,906.7291716337613
2020-03-18 00:00:00+00:00,39.12,58.93,572.14,158.63,41.57,877.5680483005622
2020-03-19 00:00:00+00:00,39.82,55.33,550.0,148.57,41.74,852.2250966529172
2020-03-20 00:00:00+00:00,39.61,48.77,506.52,134.33,40.56,797.5637927770508
2020-03-23 00:00:00+00:00,41.64,45.15,489.14,129.61,41.66,790.0129967780208
2020-03-24 00:00:00+00:00,46.22,49.59,545.89,142.23,47.5,879.8278467698938
2020-03-25 00:00:00+00:00,44.63,51.35,553.92,141.86,47.54,879.919195842206
2020-03-26 00:00:00+00:00,47.5,56.84,587.58,151.01,48.28,931.5929356671056
2020-03-27 00:00:00+00:00,46.58,56.36,594.27,149.03,46.35,917.9154597754064
2020-03-30 00:00:00+00:00,47.86,60.43,644.87,156.05,46.36,958.9374652960252
2020-03-31 00:00:00+00:00,45.48,59.14,624.57,155.24,45.28,933.4222037990032
2020-04-01 00:00:00+00:00,43.66,56.15,595.46,147.08,46.47,903.5144281981137
2020-04-02 00:00:00+00:00,44.49,56.72,626.15,151.16,48.23,931.0422049437685
2020-04-03 00:00:00+00:00,42.59,55.36,624.69,156.21,47.15,920.8430620394304
