date,CLX,DG,NEM,REGN,ROL,portfolio_value
2015-04-06 00:00:00+00:00,111.37,75.32,22.58,440.23,25.22,638.7300095374494
2015-04-07 00:00:00+00:00,110.63,73.94,22.17,441.65,25.0,633.8753060952953
2015-04-08 00:00:00+00:00,110.5,76.08,22.08,453.19,25.16,641.8058032339468
2015-04-09 00:00:00+00:00,110.89,75.67,22.23,455.04,25.19,643.3356361704263
2015-04-10 00:00:00+00:00,110.67,76.07,22.33,461.39,25.02,645.8714759664322
2015-04-13 00:00:00+00:00,110.75,75.16,22.57,456.98,24.88,643.2354029786716
2015-04-14 00:00:00+00:00,110.99,75.29,22.82,455.07,24.8,643.5140056260843
2015-04-15 00:00:00+00:00,110.48,74.51,23.55,453.89,24.73,644.1954682499194
2015-04-16 00:00:00+00:00,110.36,75.44,23.62,457.42,24.61,646.4257511655812
2015-04-17 00:00:00+00:00,109.26,74.42,23.57,447.52,24.36,638.1162214995186
2015-04-20 00:00:00+00:00,108.47,75.28,23.52,452.42,24.62,641.5000699549521
2015-04-21 00:00:00+00:00,108.97,76.01,23.51,463.22,24.73,648.1636868179347
2015-04-22 00:00:00+00:00,108.89,75.83,22.77,472.63,25.18,651.0354284856846
2015-04-23 00:00:00+00:00,109.1,76.25,23.45,480.08,25.55,659.8081613672537
2015-04-24 00:00:00+00:00,109.24,76.61,24.98,480.09,25.32,665.784476933806
2015-04-27 00:00:00+00:00,108.3,76.2,25.59,473.48,25.11,662.8644661685684
2015-04-28 00:00:00+00:00,108.32,75.33,26.35,466.34,25.19,662.3797605279059
2015-04-29 00:00:00+00:00,107.11,73.85,26.48,469.7,24.78,659.022716850481
2015-04-30 00:00:00+00:00,106.1,72.71,26.49,457.46,24.8,651.2974303557179
2015-05-01 00:00:00+00:00,106.19,73.47,26.49,471.16,24.79,658.1989613891777
2015-05-04 00:00:00+00:00,106.51,73.9,26.05,474.17,24.82,658.6794761068209
2015-05-05 00:00:00+00:00,105.73,73.32,25.95,465.5,24.57,651.6091747849506
2015-05-06 00:00:00+00:00,106.48,73.52,25.65,470.01,24.42,652.6243748498441
2015-05-07 00:00:00+00:00,107.1,74.24,25.82,468.62,24.33,653.9151377243845
2015-05-08 00:00:00+00:00,107.59,74.85,26.04,481.29,24.35,661.7435211152153
2015-05-11 00:00:00+00:00,106.95,74.84,26.36,477.56,24.36,660.7994660670445
2015-05-12 00:00:00+00:00,107.49,74.8,26.65,479.4,24.23,662.7427654888199
2015-05-13 00:00:00+00:00,107.19,73.74,27.31,477.46,24.22,662.9983384486287
2015-05-14 00:00:00+00:00,108.47,73.46,27.2,491.43,24.59,671.569896021043
2015-05-15 00:00:00+00:00,109.2,74.71,27.69,489.01,24.58,674.9852176228322
2015-05-18 00:00:00+00:00,109.52,74.49,27.55,496.74,24.54,677.605660835159
2015-05-19 00:00:00+00:00,110.39,73.83,27.05,504.15,24.67,679.5083817617128
2015-05-20 00:00:00+00:00,110.38,72.88,27.66,512.77,24.66,684.5698293994184
2015-05-21 00:00:00+00:00,109.78,73.29,27.0,516.0,24.54,682.3436148681362
2015-05-22 00:00:00+00:00,109.79,73.56,27.01,513.88,24.59,682.0796662610951
2015-05-26 00:00:00+00:00,108.99,72.95,26.55,506.63,24.48,674.7380511716539
2015-05-27 00:00:00+00:00,109.57,72.94,27.03,515.37,24.72,682.438336718104
2015-05-28 00:00:00+00:00,108.93,73.11,27.47,512.12,24.83,682.950278404274
2015-05-29 00:00:00+00:00,107.66,72.59,27.24,512.56,24.82,679.9779259751859
2015-06-01 00:00:00+00:00,107.91,72.81,27.17,513.81,24.84,680.885541558112
2015-06-02 00:00:00+00:00,106.89,74.98,26.95,508.9,24.82,679.2640539997604
2015-06-03 00:00:00+00:00,107.14,76.0,26.38,514.22,25.36,683.4494382905813
2015-06-04 00:00:00+00:00,106.65,75.55,26.8,518.62,25.3,685.6961803972359
2015-06-05 00:00:00+00:00,105.97,75.5,25.91,539.4,25.49,690.9559504581182
2015-06-08 00:00:00+00:00,105.34,75.34,25.84,526.09,25.61,684.609823137477
2015-06-09 00:00:00+00:00,105.53,75.92,24.41,526.09,26.04,681.6492874327372
2015-06-10 00:00:00+00:00,106.61,77.21,23.7,512.32,26.37,677.2511068441166
2015-06-11 00:00:00+00:00,105.77,77.93,23.66,501.1,26.65,673.6093009099778
2015-06-12 00:00:00+00:00,104.96,77.81,23.55,492.29,26.67,668.3583249302621
2015-06-15 00:00:00+00:00,104.23,77.29,24.03,499.06,26.52,671.0542030174411
2015-06-16 00:00:00+00:00,105.28,77.76,23.94,501.76,26.79,675.0223017579337
2015-06-17 00:00:00+00:00,105.9,77.8,24.53,512.89,27.05,684.4323227805917
2015-06-18 00:00:00+00:00,106.85,78.32,25.0,527.97,27.25,695.7080659169327
2015-06-19 00:00:00+00:00,106.75,78.42,24.65,522.28,27.12,691.1089186712991
2015-06-22 00:00:00+00:00,107.0,78.62,23.95,520.71,26.93,687.0134388181283
2015-06-23 00:00:00+00:00,106.71,78.41,24.13,521.05,26.9,687.1747309875794
2015-06-24 00:00:00+00:00,105.94,78.38,24.12,516.59,26.73,683.4104782146884
2015-06-25 00:00:00+00:00,106.22,78.71,23.94,519.24,27.57,688.8168111704593
2015-06-26 00:00:00+00:00,107.12,79.55,23.83,520.63,27.8,692.220450048125
2015-06-29 00:00:00+00:00,104.54,77.88,23.53,504.97,28.39,682.124686767934
2015-06-30 00:00:00+00:00,104.02,77.74,23.36,510.13,28.53,683.5550799502033
2015-07-01 00:00:00+00:00,106.86,78.68,23.13,506.51,27.68,681.1483409067521
2015-07-02 00:00:00+00:00,106.12,78.86,23.67,511.08,27.11,681.8714968899983
2015-07-06 00:00:00+00:00,105.94,78.79,23.86,512.24,27.5,684.8795010434709
2015-07-07 00:00:00+00:00,108.12,79.35,22.41,517.61,27.71,685.3081942022973
2015-07-08 00:00:00+00:00,107.4,78.41,22.52,509.3,27.42,678.7037601686898
2015-07-09 00:00:00+00:00,106.81,78.19,22.59,509.03,27.31,677.3623104989183
2015-07-10 00:00:00+00:00,107.67,79.47,22.52,526.01,27.55,688.201770703687
2015-07-13 00:00:00+00:00,108.67,80.18,22.5,536.21,27.67,695.1719132740382
2015-07-14 00:00:00+00:00,108.62,79.56,22.15,542.9,27.96,697.2040303150633
2015-07-15 00:00:00+00:00,109.76,79.46,21.8,543.38,28.11,697.8830829664166
2015-07-16 00:00:00+00:00,111.07,80.28,21.38,551.53,28.59,704.6019743300776
2015-07-17 00:00:00+00:00,110.44,80.44,20.69,551.98,28.38,700.2428894326163
2015-07-20 00:00:00+00:00,110.61,81.18,18.16,561.17,28.61,695.693815344242
2015-07-21 00:00:00+00:00,110.36,80.17,18.74,560.0,28.21,694.0655058788724
2015-07-22 00:00:00+00:00,110.96,80.41,18.52,556.53,28.64,694.8299731155358
2015-07-23 00:00:00+00:00,110.61,79.82,17.6,556.61,28.61,689.6355800481932
2015-07-24 00:00:00+00:00,110.36,79.41,17.8,541.85,28.32,681.8504694130362
2015-07-27 00:00:00+00:00,110.84,78.89,17.22,540.03,28.29,678.3432725651783
2015-07-28 00:00:00+00:00,111.5,78.7,17.64,552.45,28.42,686.6758971950383
2015-07-29 00:00:00+00:00,112.0,79.07,17.67,546.27,28.88,687.5418860930322
2015-07-30 00:00:00+00:00,112.03,80.11,17.29,547.1,29.36,690.0689310905202
2015-07-31 00:00:00+00:00,111.94,80.37,17.17,553.66,29.0,690.7596702955408
2015-08-03 00:00:00+00:00,115.0,79.93,16.42,554.27,28.87,690.1608646864513
2015-08-04 00:00:00+00:00,116.85,80.01,16.4,580.94,29.62,707.6392121888421
2015-08-05 00:00:00+00:00,118.94,80.68,16.35,592.4,30.19,718.5419033665519
2015-08-06 00:00:00+00:00,119.39,79.24,16.36,582.47,29.45,709.2458615371851
2015-08-07 00:00:00+00:00,118.21,78.37,16.14,579.04,29.58,705.0327832799176
2015-08-10 00:00:00+00:00,117.05,78.76,16.95,581.0,29.7,709.089185264508
2015-08-11 00:00:00+00:00,117.67,78.71,17.03,566.99,29.42,702.6281715367305
2015-08-12 00:00:00+00:00,116.83,78.24,18.14,579.25,29.57,711.8460846932943
2015-08-13 00:00:00+00:00,116.48,79.19,17.49,574.1,29.72,708.4044314610144
2015-08-14 00:00:00+00:00,117.62,79.23,17.35,576.3,29.85,710.7936909566047
2015-08-17 00:00:00+00:00,117.51,79.4,17.85,576.76,30.35,715.7690540096621
2015-08-18 00:00:00+00:00,116.99,80.09,17.54,569.67,30.18,710.7847163838233
2015-08-19 00:00:00+00:00,116.15,80.48,17.93,568.91,29.9,710.2034333440018
2015-08-20 00:00:00+00:00,115.72,80.22,18.55,546.65,29.06,698.1506028572836
2015-08-21 00:00:00+00:00,113.97,76.97,18.14,527.18,28.2,677.515590988777
2015-08-24 00:00:00+00:00,109.56,74.67,16.89,504.58,26.62,646.3618844117503
2015-08-25 00:00:00+00:00,107.49,73.73,16.17,499.02,27.43,641.4516296747022
2015-08-26 00:00:00+00:00,110.07,76.71,15.81,535.47,27.96,665.0444720078359
2015-08-27 00:00:00+00:00,111.43,74.27,16.7,538.0,28.17,669.5317651276407
2015-08-28 00:00:00+00:00,111.69,74.84,17.17,536.7,28.01,671.1779735284151
2015-08-31 00:00:00+00:00,111.17,74.49,17.07,513.5,27.92,659.2635817269378
2015-09-01 00:00:00+00:00,108.82,71.82,16.73,496.42,27.39,641.6727645980133
2015-09-02 00:00:00+00:00,110.42,72.25,16.21,518.78,27.96,654.3884031964902
2015-09-03 00:00:00+00:00,111.34,72.16,16.19,508.51,28.37,652.9369812126901
2015-09-04 00:00:00+00:00,109.6,72.56,15.7,499.99,28.15,644.5309012006752
2015-09-08 00:00:00+00:00,111.61,73.05,15.96,542.76,28.56,669.0946539096547
2015-09-09 00:00:00+00:00,109.4,71.98,15.62,527.35,28.62,657.407427663642
2015-09-10 00:00:00+00:00,109.42,69.9,15.56,531.22,28.3,654.5969212249864
2015-09-11 00:00:00+00:00,109.84,70.36,16.24,533.3,28.53,660.6371019911179
2015-09-14 00:00:00+00:00,109.91,69.1,15.89,531.4,28.28,655.5486876236616
2015-09-15 00:00:00+00:00,111.6,70.06,15.97,541.45,28.61,665.0708123105028
2015-09-16 00:00:00+00:00,113.58,71.01,16.94,540.99,28.73,673.1218217452641
2015-09-17 00:00:00+00:00,114.08,71.39,17.24,550.97,28.69,679.5508346262583
2015-09-18 00:00:00+00:00,113.46,70.22,16.98,550.36,28.14,673.1782949487173
2015-09-21 00:00:00+00:00,114.47,70.85,16.63,529.38,28.41,665.9995617421098
2015-09-22 00:00:00+00:00,113.79,71.19,15.59,530.18,28.03,659.5944120217345
2015-09-23 00:00:00+00:00,114.35,71.75,15.55,536.5,27.86,662.6268595957978
2015-09-24 00:00:00+00:00,113.91,72.34,16.78,522.0,27.58,660.4358799331836
2015-09-25 00:00:00+00:00,116.24,71.8,16.59,490.67,27.56,648.0720942511792
2015-09-28 00:00:00+00:00,114.21,70.46,16.02,453.98,26.73,621.5646586993483
2015-09-29 00:00:00+00:00,114.56,70.33,15.82,451.82,26.26,617.6215418168085
2015-09-30 00:00:00+00:00,115.53,72.44,16.07,465.14,26.87,631.3127059888544
2015-10-01 00:00:00+00:00,115.38,71.44,15.84,472.97,26.79,631.8633393656287
2015-10-02 00:00:00+00:00,116.93,71.32,17.07,479.07,26.89,641.9046725527039
2015-10-05 00:00:00+00:00,118.38,71.15,17.95,473.14,27.02,645.248745057475
2015-10-06 00:00:00+00:00,118.35,68.72,18.35,459.82,26.45,635.2300876481623
2015-10-07 00:00:00+00:00,119.0,67.45,18.94,485.76,27.32,652.5261121437533
2015-10-08 00:00:00+00:00,120.18,66.2,18.66,491.21,27.62,655.0153761631556
2015-10-09 00:00:00+00:00,120.52,67.23,18.93,503.92,27.92,664.8582776242681
2015-10-12 00:00:00+00:00,120.75,68.52,18.45,526.83,28.08,675.3695463963787
2015-10-13 00:00:00+00:00,120.55,67.97,18.37,508.04,27.85,664.8438798351013
2015-10-14 00:00:00+00:00,120.25,65.11,19.47,509.28,27.61,664.9152589009315
2015-10-15 00:00:00+00:00,120.18,66.39,19.3,519.35,27.45,669.2271555652878
2015-10-16 00:00:00+00:00,121.92,67.15,18.99,514.59,27.5,669.0860130172413
2015-10-19 00:00:00+00:00,121.72,67.08,18.55,523.56,27.12,668.8035146307112
2015-10-20 00:00:00+00:00,122.08,67.03,18.84,514.67,27.25,667.2370394835692
2015-10-21 00:00:00+00:00,122.06,67.55,18.42,518.53,27.12,667.0680086304552
2015-10-22 00:00:00+00:00,123.6,66.95,19.03,525.11,27.29,674.4128629165497
2015-10-23 00:00:00+00:00,123.25,65.75,19.55,536.7,27.68,681.7049516643381
2015-10-26 00:00:00+00:00,122.04,65.96,18.8,545.87,27.51,680.4350044186091
2015-10-27 00:00:00+00:00,121.89,65.34,18.77,567.79,27.23,687.3567002503419
2015-10-28 00:00:00+00:00,122.63,67.48,19.15,571.14,27.02,692.8894520551984
2015-10-29 00:00:00+00:00,122.72,67.29,19.89,560.02,27.04,691.2332763369598
2015-10-30 00:00:00+00:00,121.94,67.77,19.46,557.39,26.82,686.8346031944199
2015-11-02 00:00:00+00:00,125.7,68.74,19.63,579.0,26.63,701.4760161521391
2015-11-03 00:00:00+00:00,124.63,68.54,19.22,578.0,26.66,697.9533361217045
2015-11-04 00:00:00+00:00,124.2,67.78,19.01,564.0,26.49,688.7100358855118
2015-11-05 00:00:00+00:00,124.22,68.23,17.5,564.16,26.46,682.7637833254188
2015-11-06 00:00:00+00:00,122.28,67.82,17.54,562.0,26.57,679.7981306933435
2015-11-09 00:00:00+00:00,121.88,66.97,17.86,558.52,26.19,676.1937074923991
2015-11-10 00:00:00+00:00,122.28,66.04,17.46,564.86,26.43,677.7407327249883
2015-11-11 00:00:00+00:00,123.42,62.65,17.79,566.41,26.34,676.4342546689123
2015-11-12 00:00:00+00:00,121.83,63.35,17.33,552.53,25.99,665.7352378953631
2015-11-13 00:00:00+00:00,120.74,60.02,17.5,548.9,25.85,658.7429081033821
2015-11-16 00:00:00+00:00,121.87,61.04,17.63,558.38,25.99,666.6857224754217
2015-11-17 00:00:00+00:00,121.78,62.77,16.88,570.91,25.91,670.5289660280935
2015-11-18 00:00:00+00:00,123.59,63.15,17.63,587.09,26.49,686.241636885362
2015-11-19 00:00:00+00:00,124.32,62.61,18.05,581.35,26.69,686.7600660792325
2015-11-20 00:00:00+00:00,123.85,64.06,17.68,579.57,26.93,686.9117495533866
2015-11-23 00:00:00+00:00,125.36,64.31,17.56,570.85,27.32,686.7100723493343
2015-11-24 00:00:00+00:00,124.79,65.6,18.0,567.47,26.86,685.7361138326457
2015-11-25 00:00:00+00:00,125.31,65.17,17.91,561.69,27.07,684.0040490809828
2015-11-27 00:00:00+00:00,125.51,65.01,17.39,563.1,27.23,683.240276714185
2015-11-30 00:00:00+00:00,124.3,65.41,18.41,544.5,27.15,678.2774109134655
2015-12-01 00:00:00+00:00,126.64,65.72,18.39,545.74,27.47,683.4712691587107
2015-12-02 00:00:00+00:00,126.35,65.35,17.85,546.88,27.25,679.7297607227657
2015-12-03 00:00:00+00:00,126.05,68.12,18.73,535.73,26.91,680.0734319461216
2015-12-04 00:00:00+00:00,128.78,69.12,20.46,558.66,27.09,702.6773765430901
2015-12-07 00:00:00+00:00,129.33,69.6,19.75,546.61,27.18,696.160790418876
2015-12-08 00:00:00+00:00,129.72,71.21,19.38,556.33,26.99,700.2628881607422
2015-12-09 00:00:00+00:00,127.73,71.0,19.6,547.39,26.84,694.0111830149526
2015-12-10 00:00:00+00:00,126.87,71.14,19.43,548.17,27.02,693.7167944562946
2015-12-11 00:00:00+00:00,125.92,70.35,19.13,534.51,26.39,681.2408908983454
2015-12-14 00:00:00+00:00,126.47,71.01,18.35,539.94,25.92,679.309521132486
2015-12-15 00:00:00+00:00,129.14,70.96,18.4,556.45,26.01,690.1300089439542
2015-12-16 00:00:00+00:00,131.12,71.83,19.08,559.67,26.75,701.5964371772471
2015-12-17 00:00:00+00:00,131.34,71.54,17.61,551.49,26.51,690.4633211020405
2015-12-18 00:00:00+00:00,127.05,71.54,17.71,544.23,26.17,681.0393695609026
2015-12-21 00:00:00+00:00,127.65,71.56,17.65,532.55,25.78,674.4850869825626
2015-12-22 00:00:00+00:00,127.59,72.06,17.8,528.34,25.9,674.4844320653232
2015-12-23 00:00:00+00:00,128.18,72.12,18.14,535.85,26.33,682.1284584915096
2015-12-24 00:00:00+00:00,127.86,72.22,18.54,537.63,26.07,683.0264270253069
2015-12-28 00:00:00+00:00,128.06,71.99,17.91,540.28,26.6,684.1308704672687
2015-12-29 00:00:00+00:00,129.01,72.69,18.03,550.21,26.57,690.7449941317535
2015-12-30 00:00:00+00:00,128.2,72.1,17.77,548.19,26.7,687.7489477869843
2015-12-31 00:00:00+00:00,126.83,71.87,17.99,542.87,25.9,680.4269370266052
2016-01-04 00:00:00+00:00,125.28,72.41,18.44,516.55,25.3,666.8284643068582
2016-01-05 00:00:00+00:00,127.09,72.83,18.42,508.98,25.21,665.6559878114958
2016-01-06 00:00:00+00:00,127.03,72.71,18.56,519.48,24.87,668.8136284167554
2016-01-07 00:00:00+00:00,125.64,71.84,18.86,501.96,24.28,656.8317791739197
2016-01-08 00:00:00+00:00,126.18,71.46,18.01,491.68,24.12,648.1112186870188
2016-01-11 00:00:00+00:00,127.68,69.64,17.01,480.82,24.08,638.4258033448202
2016-01-12 00:00:00+00:00,128.4,70.73,17.01,474.98,25.89,647.371644404578
2016-01-13 00:00:00+00:00,128.11,68.48,17.48,459.57,25.3,636.5735126450195
2016-01-14 00:00:00+00:00,127.32,68.39,17.27,479.08,25.64,644.77991599521
2016-01-15 00:00:00+00:00,126.86,68.88,17.7,462.95,25.48,638.9359567085766
2016-01-19 00:00:00+00:00,127.64,70.34,16.31,447.02,25.51,629.0342039834775
2016-01-20 00:00:00+00:00,125.39,70.23,16.56,461.95,25.68,634.6422265880257
2016-01-21 00:00:00+00:00,125.89,70.81,16.69,461.57,25.49,635.3704575469151
2016-01-22 00:00:00+00:00,127.59,71.86,16.68,482.99,26.1,650.9574344856562
2016-01-25 00:00:00+00:00,125.04,72.18,17.67,473.12,25.86,647.1467995730952
2016-01-26 00:00:00+00:00,125.55,73.69,18.5,463.56,26.45,652.0798465715723
2016-01-27 00:00:00+00:00,124.64,74.04,19.44,434.16,26.18,641.4422011861237
2016-01-28 00:00:00+00:00,126.03,73.4,19.53,415.11,26.36,635.3632750785546
2016-01-29 00:00:00+00:00,129.05,75.06,19.96,420.09,27.55,651.0198168083235
2016-02-01 00:00:00+00:00,131.81,76.35,20.55,418.27,27.28,656.2012883799002
2016-02-02 00:00:00+00:00,129.09,76.34,20.07,409.89,27.05,646.1937725656617
2016-02-03 00:00:00+00:00,131.09,75.1,22.34,421.01,27.2,662.2124099606893
2016-02-04 00:00:00+00:00,124.71,72.86,23.38,412.59,26.92,651.3735039922913
2016-02-05 00:00:00+00:00,124.38,71.66,24.41,396.61,26.2,643.3261972982078
2016-02-08 00:00:00+00:00,127.04,69.71,25.19,390.53,25.5,641.1105220533373
2016-02-09 00:00:00+00:00,128.68,69.52,24.3,365.97,24.88,625.2386426165616
2016-02-10 00:00:00+00:00,127.91,69.67,24.31,367.48,25.19,626.8091074579363
2016-02-11 00:00:00+00:00,126.98,68.75,25.04,367.24,24.85,625.8505852994858
2016-02-12 00:00:00+00:00,127.54,70.46,25.78,379.01,25.69,641.1655999991442
2016-02-16 00:00:00+00:00,128.12,73.04,24.56,391.76,26.83,651.1792587900529
2016-02-17 00:00:00+00:00,129.42,74.27,24.84,397.26,26.93,658.3062089184616
2016-02-18 00:00:00+00:00,127.89,72.6,25.07,387.3,26.88,650.8749226231458
2016-02-19 00:00:00+00:00,128.63,72.0,24.84,394.98,27.16,654.7380432466891
2016-02-22 00:00:00+00:00,128.31,72.78,25.12,395.79,27.41,658.1662500260446
2016-02-23 00:00:00+00:00,128.85,74.11,25.39,386.83,27.07,656.0193719187223
2016-02-24 00:00:00+00:00,130.24,75.08,25.58,393.63,27.49,664.7366342800583
2016-02-25 00:00:00+00:00,131.45,76.27,25.85,393.99,27.68,669.9144047938706
2016-02-26 00:00:00+00:00,127.82,76.02,25.35,394.23,27.76,663.7574373060161
2016-02-29 00:00:00+00:00,126.42,74.25,25.83,384.02,27.53,656.3916179623742
2016-03-01 00:00:00+00:00,125.47,75.55,25.39,410.21,28.18,669.6315000415709
2016-03-02 00:00:00+00:00,126.06,74.79,26.24,407.81,28.18,671.9624639884205
2016-03-03 00:00:00+00:00,125.59,75.02,26.82,401.94,28.58,673.7006726747771
2016-03-04 00:00:00+00:00,125.61,74.88,26.11,403.82,28.67,671.7855217168527
2016-03-07 00:00:00+00:00,123.46,74.58,26.53,408.28,29.08,674.7194111115077
2016-03-08 00:00:00+00:00,125.47,74.24,25.89,394.81,28.29,664.060576378505
2016-03-09 00:00:00+00:00,125.22,75.21,26.14,374.75,28.03,656.0909447040445
2016-03-10 00:00:00+00:00,125.51,83.23,27.35,377.56,27.7,671.1675916492259
2016-03-11 00:00:00+00:00,126.45,85.01,26.68,377.12,27.77,671.7983297807084
2016-03-14 00:00:00+00:00,125.94,85.81,26.13,373.27,27.59,667.2816402060155
2016-03-15 00:00:00+00:00,126.7,85.04,26.37,367.22,27.55,665.4172799025157
2016-03-16 00:00:00+00:00,127.4,84.67,27.55,368.46,27.62,671.6986164548007
2016-03-17 00:00:00+00:00,127.58,84.14,27.46,365.47,27.7,669.9817664617215
2016-03-18 00:00:00+00:00,127.41,84.04,27.79,364.51,27.97,672.0357389378083
2016-03-21 00:00:00+00:00,127.45,84.62,27.79,371.04,26.8,669.6360533476907
2016-03-22 00:00:00+00:00,126.32,83.9,27.39,378.31,27.1,670.3743122037878
2016-03-23 00:00:00+00:00,127.08,84.52,24.98,365.38,26.82,654.7462358698939
2016-03-24 00:00:00+00:00,126.56,83.95,25.4,370.8,26.79,657.4000794627348
2016-03-28 00:00:00+00:00,127.55,86.08,25.7,363.85,26.8,659.5618607602343
2016-03-29 00:00:00+00:00,128.0,86.18,26.95,367.37,27.65,671.4103649852748
2016-03-30 00:00:00+00:00,127.97,86.14,26.75,359.68,27.25,665.1163859233993
2016-03-31 00:00:00+00:00,126.06,85.6,26.58,360.44,27.12,661.1551286998475
2016-04-01 00:00:00+00:00,127.38,87.31,26.62,405.25,27.36,685.5144043344915
2016-04-04 00:00:00+00:00,127.64,86.17,26.3,405.3,27.29,682.685047828122
2016-04-05 00:00:00+00:00,128.07,84.66,27.3,403.65,26.81,682.3988804266795
2016-04-06 00:00:00+00:00,129.41,84.6,27.74,427.2,26.99,696.8158403117294
2016-04-07 00:00:00+00:00,128.66,83.72,27.96,418.48,26.92,691.6700898968741
2016-04-08 00:00:00+00:00,128.53,82.31,29.1,404.94,26.96,688.9984551975782
2016-04-11 00:00:00+00:00,128.16,82.27,31.11,396.14,26.81,692.5483137147091
2016-04-12 00:00:00+00:00,128.17,83.35,30.63,408.07,26.87,697.3041263136685
2016-04-13 00:00:00+00:00,126.14,83.29,29.48,410.52,27.02,691.7786263941624
2016-04-14 00:00:00+00:00,126.55,82.71,28.68,406.83,26.84,685.6034813329426
2016-04-15 00:00:00+00:00,126.42,82.8,29.37,406.73,27.09,689.7473497621464
2016-04-18 00:00:00+00:00,126.5,83.74,29.46,422.38,27.11,698.2397607570468
2016-04-19 00:00:00+00:00,126.56,83.49,30.91,413.78,27.04,700.129973323602
2016-04-20 00:00:00+00:00,124.8,82.54,30.45,399.75,27.16,689.5045509882812
2016-04-21 00:00:00+00:00,121.13,82.97,32.19,409.57,26.76,695.3877534884303
2016-04-22 00:00:00+00:00,122.45,81.44,31.23,404.38,26.94,689.5923406521702
2016-04-25 00:00:00+00:00,123.63,82.0,31.11,406.92,26.76,691.3261963907598
2016-04-26 00:00:00+00:00,123.76,82.3,31.97,406.66,26.77,695.4653992258258
2016-04-27 00:00:00+00:00,124.78,82.69,32.1,390.28,26.54,689.4701774216184
2016-04-28 00:00:00+00:00,124.77,80.96,32.99,391.3,26.88,693.2692440952962
2016-04-29 00:00:00+00:00,125.23,81.91,34.97,376.71,26.87,697.1209085348722
2016-05-02 00:00:00+00:00,126.96,82.5,34.34,384.52,27.03,701.3603367130295
2016-05-03 00:00:00+00:00,129.43,82.93,33.83,371.32,27.0,696.7591320922796
2016-05-04 00:00:00+00:00,129.25,84.0,32.35,360.64,27.0,686.9739401279506
2016-05-05 00:00:00+00:00,128.94,82.62,32.86,377.73,27.04,694.6213065546303
2016-05-06 00:00:00+00:00,130.46,83.27,34.13,369.95,27.33,700.7620156862184
2016-05-09 00:00:00+00:00,131.68,85.08,31.83,375.47,27.29,696.7968645227369
2016-05-10 00:00:00+00:00,132.84,84.32,33.03,385.87,27.6,708.3789590709724
2016-05-11 00:00:00+00:00,132.19,83.1,33.88,371.86,27.26,701.9567849813578
2016-05-12 00:00:00+00:00,132.88,83.69,33.21,365.64,27.66,700.0058034149431
2016-05-13 00:00:00+00:00,131.98,81.54,34.07,369.46,27.27,699.5874960432435
2016-05-16 00:00:00+00:00,132.0,82.88,35.42,391.95,27.24,716.5803916427737
2016-05-17 00:00:00+00:00,129.43,81.17,35.55,386.38,27.11,708.9427565565398
2016-05-18 00:00:00+00:00,128.14,79.71,33.52,390.28,27.25,699.3378647307816
2016-05-19 00:00:00+00:00,129.98,82.0,34.14,383.3,27.45,705.013815572251
2016-05-20 00:00:00+00:00,128.83,81.62,33.73,386.0,27.59,703.327323664756
2016-05-23 00:00:00+00:00,129.05,81.22,33.83,392.64,27.52,706.0084318007922
2016-05-24 00:00:00+00:00,130.07,83.42,31.74,397.7,28.32,707.2939394974866
2016-05-25 00:00:00+00:00,129.36,84.13,32.38,394.49,28.03,707.2270365157417
2016-05-26 00:00:00+00:00,129.54,88.01,32.45,393.54,28.2,713.0579566557196
2016-05-27 00:00:00+00:00,129.7,89.88,31.96,396.22,28.42,715.7730153033988
2016-05-31 00:00:00+00:00,128.54,89.9,32.41,398.93,28.42,717.5373825351069
2016-06-01 00:00:00+00:00,129.89,90.74,32.66,404.31,28.55,724.2073967980213
2016-06-02 00:00:00+00:00,129.83,90.9,32.35,407.13,28.69,724.9436821234043
2016-06-03 00:00:00+00:00,129.92,91.8,35.4,400.75,28.68,736.4052849424039
2016-06-06 00:00:00+00:00,129.33,90.87,35.43,403.89,28.84,736.8514569622646
2016-06-07 00:00:00+00:00,129.36,90.56,34.95,394.47,28.78,730.087280248018
2016-06-08 00:00:00+00:00,130.11,90.88,35.38,388.97,28.77,730.778752994784
2016-06-09 00:00:00+00:00,130.91,91.69,35.9,381.08,28.8,731.7028072924525
2016-06-10 00:00:00+00:00,131.77,91.45,35.79,372.03,28.6,727.0148896505169
2016-06-13 00:00:00+00:00,131.18,90.74,35.89,367.23,28.4,722.7778523631628
2016-06-14 00:00:00+00:00,132.79,90.58,35.15,366.49,28.22,720.0500365356045
2016-06-15 00:00:00+00:00,132.15,90.48,36.24,367.91,28.16,724.1399703948141
2016-06-16 00:00:00+00:00,133.11,90.81,35.61,366.52,28.2,722.5855156493053
2016-06-17 00:00:00+00:00,132.37,90.05,35.65,354.21,27.79,713.5494280368478
2016-06-20 00:00:00+00:00,132.32,90.98,35.33,352.66,27.99,713.6457911488689
2016-06-21 00:00:00+00:00,133.1,91.46,34.83,345.14,28.08,710.2429275038297
2016-06-22 00:00:00+00:00,133.85,91.94,35.72,351.92,28.06,718.3328779167656
2016-06-23 00:00:00+00:00,134.23,91.68,35.39,357.14,28.2,720.0018436240259
2016-06-24 00:00:00+00:00,134.88,92.13,37.19,339.48,27.52,717.9317469497324
2016-06-27 00:00:00+00:00,137.03,93.51,37.69,331.05,27.24,719.2366925007658
2016-06-28 00:00:00+00:00,136.66,92.9,37.17,339.78,27.57,721.2656817615614
2016-06-29 00:00:00+00:00,135.21,93.8,37.69,347.86,28.34,730.3431015627639
2016-06-30 00:00:00+00:00,138.39,94.0,39.12,349.23,29.27,745.7437650294265
2016-07-01 00:00:00+00:00,137.16,93.48,40.34,358.5,29.22,752.605874247632
2016-07-05 00:00:00+00:00,139.24,93.6,40.38,359.61,29.26,756.0277723300189
2016-07-06 00:00:00+00:00,138.21,94.51,41.42,371.57,29.08,764.6384881348808
2016-07-07 00:00:00+00:00,137.52,93.78,40.96,371.45,29.01,760.5472642110609
2016-07-08 00:00:00+00:00,138.37,94.32,41.14,378.35,29.3,767.433343591719
2016-07-11 00:00:00+00:00,137.71,94.24,41.06,375.74,29.41,765.6633658653657
2016-07-12 00:00:00+00:00,136.22,93.04,39.96,368.75,29.45,754.9257882001754
2016-07-13 00:00:00+00:00,137.06,92.43,40.88,364.5,29.4,756.9825404763435
2016-07-14 00:00:00+00:00,136.72,92.63,41.62,365.27,29.23,759.4602265432258
2016-07-15 00:00:00+00:00,136.58,91.71,41.33,373.81,29.09,759.8652054961266
2016-07-18 00:00:00+00:00,136.12,92.82,41.63,381.54,28.99,764.8177017657292
2016-07-19 00:00:00+00:00,136.35,93.15,41.39,377.15,28.95,762.3799389271117
2016-07-20 00:00:00+00:00,135.35,93.82,39.29,384.7,29.25,757.8713980877715
2016-07-21 00:00:00+00:00,134.64,94.04,40.52,389.52,29.2,764.393141209585
2016-07-22 00:00:00+00:00,135.19,95.15,41.27,391.34,29.34,771.1258375218001
2016-07-25 00:00:00+00:00,134.48,95.98,40.13,394.9,29.21,767.338945287921
2016-07-26 00:00:00+00:00,133.89,96.71,41.13,398.27,29.16,773.0330452139734
2016-07-27 00:00:00+00:00,131.03,95.07,42.32,415.09,28.01,774.0921828412529
2016-07-28 00:00:00+00:00,130.83,95.07,42.67,411.04,27.82,772.6399155086731
2016-07-29 00:00:00+00:00,131.07,94.74,44.0,425.12,28.18,786.0856877875318
2016-08-01 00:00:00+00:00,131.35,94.06,44.16,434.0,28.19,790.1149897617187
2016-08-02 00:00:00+00:00,130.3,93.16,45.86,434.9,28.06,794.7491275741978
2016-08-03 00:00:00+00:00,131.59,93.77,45.02,441.37,28.04,796.108024448962
2016-08-04 00:00:00+00:00,133.91,93.12,44.91,433.4,27.61,791.8924942938922
2016-08-05 00:00:00+00:00,132.22,94.37,44.43,423.0,27.68,785.326380569359
2016-08-08 00:00:00+00:00,132.16,92.99,44.65,421.04,27.39,782.1404016236902
2016-08-09 00:00:00+00:00,132.59,92.04,45.0,419.24,27.91,784.8292211242615
2016-08-10 00:00:00+00:00,133.85,93.02,45.57,415.48,28.16,789.61703054295
2016-08-11 00:00:00+00:00,133.2,92.72,45.43,421.35,28.05,789.8509866703424
2016-08-12 00:00:00+00:00,133.42,92.91,45.17,421.54,28.03,789.2139704298353
2016-08-15 00:00:00+00:00,132.24,92.13,44.92,422.87,28.04,786.4203104577304
2016-08-16 00:00:00+00:00,131.08,89.49,44.29,413.64,28.0,774.896118790615
2016-08-17 00:00:00+00:00,131.5,90.92,44.0,411.68,28.05,775.3501449806784
2016-08-18 00:00:00+00:00,131.22,91.69,44.43,410.87,28.09,777.6819011964421
2016-08-19 00:00:00+00:00,130.8,90.85,44.17,404.3,28.1,772.2543378966509
2016-08-22 00:00:00+00:00,130.93,90.8,43.32,418.65,28.07,774.7346332947011
2016-08-23 00:00:00+00:00,130.45,91.49,43.15,420.61,28.11,775.3631730333367
2016-08-24 00:00:00+00:00,130.77,91.79,39.85,405.25,28.06,755.1519600242497
2016-08-25 00:00:00+00:00,131.05,75.61,40.16,400.25,28.08,734.4763520887417
2016-08-26 00:00:00+00:00,130.63,75.5,39.93,402.97,28.07,733.9872714271572
2016-08-29 00:00:00+00:00,131.46,77.49,40.91,399.38,28.15,740.4956031139524
2016-08-30 00:00:00+00:00,130.66,75.65,38.6,395.22,28.16,725.6551173991169
2016-08-31 00:00:00+00:00,131.04,73.41,38.24,392.55,28.5,722.3421395721729
2016-09-01 00:00:00+00:00,131.04,73.78,39.43,393.4,28.8,729.7879335276956
2016-09-02 00:00:00+00:00,131.97,73.32,40.52,388.64,29.09,734.3825440531538
2016-09-06 00:00:00+00:00,132.0,72.0,42.0,398.31,29.19,743.7567802281948
2016-09-07 00:00:00+00:00,129.49,71.75,42.09,399.89,29.52,743.2769144305676
2016-09-08 00:00:00+00:00,126.99,70.67,41.59,401.83,29.03,735.2104443727779
2016-09-09 00:00:00+00:00,122.89,70.58,39.3,384.43,28.66,711.1704462721682
2016-09-12 00:00:00+00:00,124.04,71.77,40.36,399.51,28.97,726.6006013016065
2016-09-13 00:00:00+00:00,123.09,70.38,39.02,390.99,28.38,711.3477139476104
2016-09-14 00:00:00+00:00,122.52,71.51,38.6,397.56,28.76,715.0778434526084
2016-09-15 00:00:00+00:00,122.54,72.53,39.2,402.75,29.05,722.6582088897286
2016-09-16 00:00:00+00:00,122.73,71.91,38.26,408.63,28.97,720.2089534688307
2016-09-19 00:00:00+00:00,122.67,71.83,38.43,402.83,28.99,718.3712798387994
2016-09-20 00:00:00+00:00,123.44,71.72,38.15,406.24,28.92,719.0424082700068
2016-09-21 00:00:00+00:00,124.41,72.18,41.03,406.52,28.93,733.218131298977
2016-09-22 00:00:00+00:00,126.57,71.89,40.77,408.01,29.39,737.2493498555825
2016-09-23 00:00:00+00:00,126.53,72.09,39.56,410.39,29.11,731.878187611988
2016-09-26 00:00:00+00:00,125.69,71.69,39.26,404.12,28.72,724.4264174042137
2016-09-27 00:00:00+00:00,125.84,71.6,38.48,421.45,28.79,728.9725836750598
2016-09-28 00:00:00+00:00,126.02,70.5,39.21,419.1,28.95,730.7279960039543
2016-09-29 00:00:00+00:00,124.66,69.32,39.05,406.36,28.88,721.1441909956665
2016-09-30 00:00:00+00:00,125.18,69.99,39.29,402.02,29.28,723.7912318543443
2016-10-03 00:00:00+00:00,124.32,69.7,38.1,402.82,29.21,717.331975610691
2016-10-04 00:00:00+00:00,122.06,68.05,34.25,397.2,28.97,692.5482886510752
2016-10-05 00:00:00+00:00,121.56,66.97,34.59,392.6,28.76,689.0121512412113
2016-10-06 00:00:00+00:00,122.73,69.05,34.05,388.6,28.63,688.2866924096921
2016-10-07 00:00:00+00:00,122.65,69.66,33.97,390.06,28.38,687.9662736330131
2016-10-10 00:00:00+00:00,121.94,69.41,34.06,393.86,28.45,689.2050785240472
2016-10-11 00:00:00+00:00,120.89,68.7,33.85,386.05,28.12,681.149139287089
2016-10-12 00:00:00+00:00,121.93,69.06,34.52,373.47,28.21,680.7174898396976
2016-10-13 00:00:00+00:00,122.52,69.35,34.81,375.79,28.27,684.3106404309249
2016-10-14 00:00:00+00:00,121.77,68.98,34.23,371.68,28.2,678.3712367699007
2016-10-17 00:00:00+00:00,122.13,68.49,35.03,366.73,28.19,679.4110799481556
2016-10-18 00:00:00+00:00,121.8,68.69,36.17,371.53,28.26,686.5702732152863
2016-10-19 00:00:00+00:00,120.81,68.7,36.98,368.36,28.23,687.373441888701
2016-10-20 00:00:00+00:00,119.71,67.98,37.01,371.24,28.2,686.4062763997986
2016-10-21 00:00:00+00:00,120.05,67.93,36.35,363.53,28.15,680.3466377151726
2016-10-24 00:00:00+00:00,118.66,68.27,35.84,362.25,28.26,676.9901090041989
2016-10-25 00:00:00+00:00,119.58,68.17,36.59,366.93,28.14,682.5379081396426
2016-10-26 00:00:00+00:00,119.15,68.27,36.18,363.08,29.95,688.0113762212903
2016-10-27 00:00:00+00:00,117.97,67.45,34.79,365.35,30.71,684.5387717984399
2016-10-28 00:00:00+00:00,119.03,68.34,35.38,355.83,30.67,685.104921281539
2016-10-31 00:00:00+00:00,120.02,69.09,37.04,345.02,30.82,690.4004431574775
2016-11-01 00:00:00+00:00,119.49,69.05,37.95,346.55,30.54,692.8470318558386
2016-11-02 00:00:00+00:00,115.67,69.6,37.18,343.66,30.64,685.0738611636752
2016-11-03 00:00:00+00:00,114.72,68.53,37.75,336.01,30.51,681.1058749179549
2016-11-04 00:00:00+00:00,113.26,68.53,37.8,341.39,30.36,681.169993517815
2016-11-07 00:00:00+00:00,114.27,69.77,36.49,365.39,30.71,690.4214812882408
2016-11-08 00:00:00+00:00,115.26,69.72,36.06,367.77,30.84,691.3624890501022
2016-11-09 00:00:00+00:00,115.11,71.5,37.04,418.42,31.26,721.5484614601618
2016-11-10 00:00:00+00:00,112.25,74.38,34.68,423.0,31.18,713.3149363690472
2016-11-11 00:00:00+00:00,113.05,74.7,31.59,419.79,30.97,698.994166563612
2016-11-14 00:00:00+00:00,113.14,76.66,32.6,444.52,30.96,716.4595692416067
2016-11-15 00:00:00+00:00,114.18,76.85,33.91,428.65,31.22,718.0017057632114
2016-11-16 00:00:00+00:00,113.98,76.64,33.76,420.08,31.41,714.1490024670856
2016-11-17 00:00:00+00:00,113.52,76.91,32.7,404.56,31.55,703.4625529360151
2016-11-18 00:00:00+00:00,114.8,76.87,32.69,397.48,32.13,704.7771995190909
2016-11-21 00:00:00+00:00,114.85,76.74,33.07,405.48,31.96,708.8686879707449
2016-11-22 00:00:00+00:00,116.26,79.3,33.2,398.97,32.45,713.975594064901
2016-11-23 00:00:00+00:00,115.48,79.71,31.5,402.41,32.32,707.1377254602395
2016-11-25 00:00:00+00:00,117.22,80.06,31.92,398.16,32.58,710.8938250505194
2016-11-28 00:00:00+00:00,117.41,78.66,33.45,390.38,32.62,712.751144062972
2016-11-29 00:00:00+00:00,117.69,78.31,33.55,387.26,32.4,710.5974973955102
2016-11-30 00:00:00+00:00,115.56,77.32,32.44,379.24,32.13,697.3077058091285
2016-12-01 00:00:00+00:00,113.58,73.48,32.27,375.56,32.37,689.1111141503159
2016-12-02 00:00:00+00:00,114.02,74.56,33.58,372.71,32.54,696.2136770584813
2016-12-05 00:00:00+00:00,113.8,76.37,33.48,369.82,32.83,698.0382890213535
2016-12-06 00:00:00+00:00,114.27,75.69,33.02,368.95,33.13,696.9278255706869
2016-12-07 00:00:00+00:00,115.73,77.1,33.62,362.01,33.53,702.0137392948055
2016-12-08 00:00:00+00:00,114.69,76.92,33.87,369.15,34.09,707.5829724215461
2016-12-09 00:00:00+00:00,115.29,77.2,32.79,372.83,33.94,704.8356354180914
2016-12-12 00:00:00+00:00,116.03,76.21,32.6,387.1,33.51,707.5860132332175
2016-12-13 00:00:00+00:00,117.13,75.96,33.87,382.0,33.36,711.0138034229467
2016-12-14 00:00:00+00:00,116.02,75.89,31.68,381.5,33.19,699.1979703017793
2016-12-15 00:00:00+00:00,118.34,77.11,30.91,378.01,33.26,698.9919016413528
2016-12-16 00:00:00+00:00,119.04,77.1,31.66,378.85,33.19,702.9998713875021
2016-12-19 00:00:00+00:00,118.96,75.95,31.78,371.75,33.4,699.9967307875138
2016-12-20 00:00:00+00:00,119.79,77.27,31.66,371.02,33.6,702.8120432417016
2016-12-21 00:00:00+00:00,119.56,77.43,31.55,365.06,33.5,699.1991358963828
2016-12-22 00:00:00+00:00,120.51,74.36,31.44,372.38,33.37,698.4721097933738
2016-12-23 00:00:00+00:00,120.9,74.14,32.46,381.78,33.67,708.5853845891004
2016-12-27 00:00:00+00:00,121.93,74.53,32.59,385.95,33.79,713.235077818481
2016-12-28 00:00:00+00:00,120.32,74.02,32.78,378.75,33.76,708.2835880708866
2016-12-29 00:00:00+00:00,121.36,74.13,35.27,373.72,33.94,719.0207496136276
2016-12-30 00:00:00+00:00,120.02,74.07,34.07,367.09,33.78,708.5912408541435
2017-01-03 00:00:00+00:00,121.02,74.19,34.63,379.7,33.49,716.2395459394779
2017-01-04 00:00:00+00:00,121.93,76.04,34.96,383.11,33.79,724.0268627901647
2017-01-05 00:00:00+00:00,122.7,74.52,36.57,380.92,33.62,728.0815468483972
2017-01-06 00:00:00+00:00,122.52,73.35,35.42,358.68,33.44,711.0034920334919
2017-01-09 00:00:00+00:00,121.3,73.73,35.36,355.06,33.13,706.6618152371145
2017-01-10 00:00:00+00:00,119.38,74.25,35.08,373.0,33.11,711.5032054013269
2017-01-11 00:00:00+00:00,118.72,73.42,34.37,364.47,33.22,703.5551888513583
2017-01-12 00:00:00+00:00,119.09,73.59,34.47,364.44,32.91,703.0273231635165
2017-01-13 00:00:00+00:00,119.53,73.09,34.53,368.16,33.42,707.3774902214911
2017-01-17 00:00:00+00:00,121.32,74.33,35.14,363.24,33.23,710.5289310454485
2017-01-18 00:00:00+00:00,120.91,72.44,35.26,362.95,33.47,709.2987948304783
2017-01-19 00:00:00+00:00,120.25,71.01,34.93,363.41,33.38,705.067780199924
2017-01-20 00:00:00+00:00,121.42,71.0,35.04,362.56,34.04,709.8947270472681
2017-01-23 00:00:00+00:00,121.0,70.46,35.88,354.36,33.34,705.2087095007246
2017-01-24 00:00:00+00:00,121.62,71.75,36.04,347.96,33.88,708.2367350093791
2017-01-25 00:00:00+00:00,121.47,71.96,34.95,348.93,34.93,709.4572482913733
2017-01-26 00:00:00+00:00,121.65,71.69,34.19,340.75,35.5,705.4770933663926
2017-01-27 00:00:00+00:00,120.49,70.31,34.38,346.5,35.53,705.8383189970641
2017-01-30 00:00:00+00:00,120.31,72.0,34.97,344.5,35.18,707.6160742629795
2017-01-31 00:00:00+00:00,120.0,73.82,36.28,359.29,35.26,721.904850848743
2017-02-01 00:00:00+00:00,120.73,73.39,35.87,364.17,34.98,721.131972217786
2017-02-02 00:00:00+00:00,120.24,73.5,36.68,360.56,35.02,722.8104313256366
2017-02-03 00:00:00+00:00,125.14,73.14,36.76,358.26,35.57,730.2211084635386
2017-02-06 00:00:00+00:00,123.78,72.26,37.94,362.0,35.55,734.0837445725805
2017-02-07 00:00:00+00:00,125.32,72.8,37.32,357.69,35.96,734.1450444274633
2017-02-08 00:00:00+00:00,127.06,75.07,37.85,353.25,35.73,738.1894259878203
2017-02-09 00:00:00+00:00,127.4,77.71,37.2,360.0,36.24,744.6298403833162
2017-02-10 00:00:00+00:00,127.03,76.79,37.65,359.87,36.68,747.1627154692283
2017-02-13 00:00:00+00:00,127.13,76.02,37.38,375.66,36.74,752.2628465168074
2017-02-14 00:00:00+00:00,127.4,77.14,37.09,376.52,36.56,752.1913789618453
2017-02-15 00:00:00+00:00,128.42,77.38,37.03,384.0,36.71,757.4078645623038
2017-02-16 00:00:00+00:00,130.1,76.02,37.57,373.02,36.95,756.4653792410243
2017-02-17 00:00:00+00:00,133.71,77.67,37.01,371.18,36.93,759.4447503045675
2017-02-21 00:00:00+00:00,135.44,77.86,37.44,371.61,36.86,763.3578671490487
2017-02-22 00:00:00+00:00,135.92,77.38,36.0,370.22,36.86,756.5663955089866
2017-02-23 00:00:00+00:00,135.83,75.92,35.86,360.96,36.91,750.3050201143022
2017-02-24 00:00:00+00:00,136.37,77.35,36.08,361.01,36.9,753.6348183175755
2017-02-27 00:00:00+00:00,136.44,76.79,33.97,373.05,36.95,749.4401063572178
2017-02-28 00:00:00+00:00,136.81,73.02,34.24,373.5,36.56,744.4983877702023
2017-03-01 00:00:00+00:00,137.16,73.35,34.42,379.05,36.93,750.368092734664
2017-03-02 00:00:00+00:00,137.4,74.07,33.6,375.86,36.4,743.9642879679276
2017-03-03 00:00:00+00:00,136.92,73.12,34.07,378.66,36.51,745.9904298717028
2017-03-06 00:00:00+00:00,136.8,72.42,33.01,381.93,36.32,740.8822871833352
2017-03-07 00:00:00+00:00,136.91,71.36,32.98,372.52,36.17,734.7371867051819
2017-03-08 00:00:00+00:00,136.41,72.53,32.89,381.37,36.14,738.892707319603
2017-03-09 00:00:00+00:00,137.06,73.63,32.6,390.14,36.03,742.9999572347037
2017-03-10 00:00:00+00:00,138.07,72.89,32.94,388.23,36.47,746.1271665511042
2017-03-13 00:00:00+00:00,138.24,72.59,33.02,388.88,36.46,746.5191334195678
2017-03-14 00:00:00+00:00,137.64,72.82,32.4,391.1,36.55,744.8774375065392
2017-03-15 00:00:00+00:00,138.66,72.81,34.1,397.8,36.88,757.8820054793727
2017-03-16 00:00:00+00:00,138.01,73.2,32.81,392.59,36.86,749.7613270936405
2017-03-17 00:00:00+00:00,137.54,72.33,32.84,380.29,36.9,743.164127567556
2017-03-20 00:00:00+00:00,137.46,71.6,33.56,382.02,36.63,744.59503994595
2017-03-21 00:00:00+00:00,137.51,70.01,34.03,370.98,36.01,736.7464692169707
2017-03-22 00:00:00+00:00,137.17,70.68,33.84,369.14,36.03,735.6897487785975
2017-03-23 00:00:00+00:00,137.55,68.9,33.62,365.02,36.02,731.1373044110196
2017-03-24 00:00:00+00:00,137.81,69.48,33.48,373.0,36.06,735.2071777574522
2017-03-27 00:00:00+00:00,136.93,68.97,33.91,383.68,35.93,739.3125410782685
2017-03-28 00:00:00+00:00,136.96,68.55,33.0,382.55,36.28,736.2382500000608
2017-03-29 00:00:00+00:00,135.96,70.69,33.19,394.14,36.63,745.3461281491051
2017-03-30 00:00:00+00:00,135.29,70.86,32.93,386.18,36.93,741.7783738516736
2017-03-31 00:00:00+00:00,134.83,69.73,32.96,387.51,37.13,741.5507111791554
2017-04-03 00:00:00+00:00,134.54,68.82,33.89,383.19,35.97,736.253932827034
2017-04-04 00:00:00+00:00,134.73,68.35,34.19,382.92,36.32,738.8407398389882
2017-04-05 00:00:00+00:00,134.27,68.5,34.31,377.36,36.22,736.102286728275
2017-04-06 00:00:00+00:00,132.95,69.55,34.17,379.48,36.31,736.6579331874192
2017-04-07 00:00:00+00:00,133.22,69.33,34.31,380.55,36.44,738.4193407527565
2017-04-10 00:00:00+00:00,133.71,69.56,34.61,373.26,36.6,738.2395601435468
2017-04-11 00:00:00+00:00,134.53,69.15,35.13,367.07,36.89,739.719206191015
2017-04-12 00:00:00+00:00,134.64,68.96,35.08,366.33,36.46,736.8780952776692
2017-04-13 00:00:00+00:00,133.86,68.74,34.5,370.37,36.19,733.5762854890281
2017-04-17 00:00:00+00:00,135.06,69.12,34.59,373.45,36.78,740.1746876319276
2017-04-18 00:00:00+00:00,135.59,69.07,34.32,366.06,37.01,737.571132615869
2017-04-19 00:00:00+00:00,135.51,69.31,33.52,370.96,37.36,738.260737510417
2017-04-20 00:00:00+00:00,135.65,70.67,33.67,376.4,37.95,746.1265691263981
2017-04-21 00:00:00+00:00,134.29,70.72,34.13,370.12,37.8,743.1028795053898
2017-04-24 00:00:00+00:00,134.93,71.42,33.71,371.93,38.23,745.9083327973015
2017-04-25 00:00:00+00:00,136.15,71.55,32.89,372.32,38.14,743.6953254503736
2017-04-26 00:00:00+00:00,133.57,72.6,32.98,371.39,37.99,741.2283759110824
2017-04-27 00:00:00+00:00,134.0,73.22,32.91,366.62,39.18,746.2390191758708
2017-04-28 00:00:00+00:00,133.69,72.71,33.81,388.49,38.83,756.7048552044557
2017-05-01 00:00:00+00:00,133.49,72.05,32.68,396.17,39.2,756.0163785518221
2017-05-02 00:00:00+00:00,130.09,73.77,33.01,402.04,39.13,757.7959860507922
2017-05-03 00:00:00+00:00,131.2,73.99,32.69,407.03,39.06,759.7850789547963
2017-05-04 00:00:00+00:00,132.36,73.37,32.28,434.31,39.61,773.1581059581843
2017-05-05 00:00:00+00:00,132.89,73.62,32.73,429.0,40.0,775.7187527033741
2017-05-08 00:00:00+00:00,131.91,73.69,32.68,423.38,39.6,769.9894478069848
2017-05-09 00:00:00+00:00,132.43,73.69,32.76,427.18,39.85,773.8494583454052
2017-05-10 00:00:00+00:00,133.15,73.91,32.95,431.57,40.15,779.1970760809525
2017-05-11 00:00:00+00:00,132.62,72.06,33.48,440.43,40.42,783.7195670245576
2017-05-12 00:00:00+00:00,132.16,71.58,33.75,442.05,40.61,785.405085139746
2017-05-15 00:00:00+00:00,132.75,71.72,33.87,450.41,40.86,791.6551009025471
2017-05-16 00:00:00+00:00,130.71,70.94,33.75,454.75,40.84,789.5586053402408
2017-05-17 00:00:00+00:00,131.23,70.67,34.26,446.72,40.68,787.7291400891859
2017-05-18 00:00:00+00:00,130.74,71.13,33.31,457.33,40.82,788.9604436743277
2017-05-19 00:00:00+00:00,132.16,71.95,33.63,450.01,41.52,793.4352911684335
2017-05-22 00:00:00+00:00,132.57,72.45,33.68,460.99,42.29,803.4148452813633
2017-05-23 00:00:00+00:00,131.68,70.71,33.05,461.37,42.51,798.7975483771812
2017-05-24 00:00:00+00:00,132.78,70.21,33.66,458.24,42.83,802.3445943896855
2017-05-25 00:00:00+00:00,135.13,72.47,33.43,455.7,43.25,807.9815250547709
2017-05-26 00:00:00+00:00,134.99,72.32,34.11,455.17,43.08,809.4374726943271
2017-05-30 00:00:00+00:00,134.93,73.02,33.97,448.67,42.33,803.0144559382231
2017-05-31 00:00:00+00:00,135.73,73.39,34.15,459.06,43.07,813.4324510538905
2017-06-01 00:00:00+00:00,135.77,78.19,34.02,466.02,42.53,819.1725145144801
2017-06-02 00:00:00+00:00,136.63,78.91,34.03,480.43,43.06,830.0289073854094
2017-06-05 00:00:00+00:00,136.91,78.31,33.84,480.26,42.81,827.4395414769646
2017-06-06 00:00:00+00:00,137.05,75.34,35.4,477.73,42.47,827.7154709448318
2017-06-07 00:00:00+00:00,137.55,74.07,35.51,482.0,42.43,828.8081339257791
2017-06-08 00:00:00+00:00,136.51,73.69,35.02,485.9,42.64,827.7822516159597
2017-06-09 00:00:00+00:00,137.14,75.22,34.3,475.79,42.47,822.137039370649
2017-06-12 00:00:00+00:00,137.19,75.11,34.38,476.23,42.74,823.9690623978407
2017-06-13 00:00:00+00:00,137.48,75.71,34.48,473.67,43.06,826.0199510177043
2017-06-14 00:00:00+00:00,139.11,75.66,33.72,476.84,43.23,826.8402675733465
2017-06-15 00:00:00+00:00,140.16,72.32,33.04,469.5,43.3,818.170819125323
2017-06-16 00:00:00+00:00,139.5,70.12,32.84,459.91,43.28,809.563150723945
2017-06-19 00:00:00+00:00,141.15,71.7,32.88,471.67,43.66,820.6364467658583
2017-06-20 00:00:00+00:00,140.12,71.4,32.84,495.33,43.26,827.0283769869195
2017-06-21 00:00:00+00:00,139.34,71.73,33.15,522.02,42.69,836.429813940806
2017-06-22 00:00:00+00:00,139.38,71.08,33.5,526.53,41.78,834.4438419433454
2017-06-23 00:00:00+00:00,138.91,69.75,33.81,517.33,42.01,830.771685039943
2017-06-26 00:00:00+00:00,139.3,70.41,33.77,515.91,41.84,830.4009599475096
2017-06-27 00:00:00+00:00,136.94,70.79,33.07,502.12,41.18,815.8341180893954
2017-06-28 00:00:00+00:00,136.2,71.48,33.04,513.19,41.06,819.8604393894061
2017-06-29 00:00:00+00:00,133.22,70.84,32.23,509.93,40.42,807.458473560136
2017-06-30 00:00:00+00:00,133.24,72.09,32.39,491.14,40.71,803.1283956162694
2017-07-03 00:00:00+00:00,133.78,71.93,31.89,487.73,40.28,797.753999807324
2017-07-05 00:00:00+00:00,134.1,71.24,32.68,497.0,40.87,807.641687856647
2017-07-06 00:00:00+00:00,133.77,70.03,32.28,490.19,40.28,798.0856528444309
2017-07-07 00:00:00+00:00,134.38,70.23,32.03,496.5,40.92,803.9661075079886
2017-07-10 00:00:00+00:00,133.5,69.49,32.53,499.91,40.82,805.1070536449063
2017-07-11 00:00:00+00:00,131.98,69.04,32.95,492.0,40.76,800.8587192021315
2017-07-12 00:00:00+00:00,131.5,69.69,33.17,496.99,41.21,806.5033099179134
2017-07-13 00:00:00+00:00,130.82,70.58,32.94,505.05,40.88,807.626653640398
2017-07-14 00:00:00+00:00,131.9,71.14,33.3,504.9,40.8,810.647971583491
2017-07-17 00:00:00+00:00,131.47,71.87,33.73,498.11,40.85,810.2329052643363
2017-07-18 00:00:00+00:00,131.52,70.8,33.71,497.63,41.34,811.1639642930787
2017-07-19 00:00:00+00:00,130.53,71.39,33.88,506.79,41.38,815.624702635187
2017-07-20 00:00:00+00:00,130.89,71.35,33.92,521.13,41.26,821.7213942136443
2017-07-21 00:00:00+00:00,132.24,72.2,34.39,515.92,41.37,824.6839439596409
2017-07-24 00:00:00+00:00,131.32,71.98,33.9,521.22,41.52,824.2937372247904
2017-07-25 00:00:00+00:00,132.87,73.57,36.24,513.45,41.61,835.1985402368605
2017-07-26 00:00:00+00:00,133.43,74.6,36.96,515.63,43.49,850.7673922127332
2017-07-27 00:00:00+00:00,134.17,75.12,36.44,508.41,43.27,845.8265589837162
2017-07-28 00:00:00+00:00,132.77,74.75,37.06,508.71,43.53,847.8416476873291
2017-07-31 00:00:00+00:00,133.49,75.16,37.17,491.62,43.41,841.6942316457976
2017-08-01 00:00:00+00:00,134.49,74.86,36.98,472.0,43.46,833.4820092626155
2017-08-02 00:00:00+00:00,131.97,74.71,36.87,476.82,43.49,832.1218397139257
2017-08-03 00:00:00+00:00,134.73,74.49,36.59,467.11,44.0,832.2888895882711
2017-08-04 00:00:00+00:00,134.49,74.86,36.15,468.76,43.9,830.793038895041
2017-08-07 00:00:00+00:00,135.5,76.41,36.17,470.1,44.14,835.7991221543681
2017-08-08 00:00:00+00:00,134.65,76.69,35.74,469.68,44.31,834.0138556198308
2017-08-09 00:00:00+00:00,134.21,77.15,36.1,474.09,44.09,836.3889370886719
2017-08-10 00:00:00+00:00,133.94,75.58,36.44,460.08,43.56,826.8202918056588
2017-08-11 00:00:00+00:00,134.31,75.49,36.53,466.59,43.46,829.8122144130482
2017-08-14 00:00:00+00:00,135.57,76.57,36.02,474.54,44.0,836.6351742840569
2017-08-15 00:00:00+00:00,136.3,73.64,35.77,472.57,43.95,831.641134597507
2017-08-16 00:00:00+00:00,136.94,74.5,36.13,468.54,44.19,834.49348945213
2017-08-17 00:00:00+00:00,137.17,74.27,36.05,464.02,43.99,831.1631457653765
2017-08-18 00:00:00+00:00,137.73,73.82,35.83,467.98,43.65,830.2762485266802
2017-08-21 00:00:00+00:00,138.83,74.71,36.61,469.74,44.15,839.3160173749735
2017-08-22 00:00:00+00:00,139.04,76.46,36.5,478.65,44.76,848.237113683258
2017-08-23 00:00:00+00:00,138.72,76.33,36.98,477.15,44.6,848.2883895926799
2017-08-24 00:00:00+00:00,136.98,75.69,36.82,485.26,44.65,848.5256612292932
2017-08-25 00:00:00+00:00,137.48,77.67,36.99,477.8,44.76,849.6664439551647
2017-08-28 00:00:00+00:00,137.5,77.37,38.3,479.22,44.82,855.8263709418605
2017-08-29 00:00:00+00:00,137.37,76.89,38.04,479.03,44.29,851.1712452036461
2017-08-30 00:00:00+00:00,137.35,76.73,38.06,487.12,43.78,851.906317818726
2017-08-31 00:00:00+00:00,138.53,72.56,38.34,496.9,44.41,856.6789786094449
2017-09-01 00:00:00+00:00,137.98,72.54,38.66,504.0,44.44,860.58988314359
2017-09-05 00:00:00+00:00,138.33,74.36,38.75,494.36,44.32,858.8997862616529
2017-09-06 00:00:00+00:00,136.37,75.29,38.38,500.22,44.43,859.2903807684036
2017-09-07 00:00:00+00:00,136.03,76.39,39.6,471.92,44.5,853.6632103604996
2017-09-08 00:00:00+00:00,134.04,75.56,39.31,471.49,44.64,849.6016525374099
2017-09-11 00:00:00+00:00,135.03,75.97,38.22,445.11,44.56,834.8499547691961
2017-09-12 00:00:00+00:00,135.57,76.96,38.35,444.48,44.28,835.5706540424317
2017-09-13 00:00:00+00:00,134.08,77.84,37.88,437.74,43.91,828.1411098775541
2017-09-14 00:00:00+00:00,134.74,77.23,38.06,441.26,44.46,833.2402068850469
2017-09-15 00:00:00+00:00,136.18,77.6,37.85,433.45,44.01,828.8191778225133
2017-09-18 00:00:00+00:00,136.81,77.28,37.78,434.64,43.82,828.3922219749312
2017-09-19 00:00:00+00:00,137.52,76.99,38.09,431.38,44.19,830.6674789195001
2017-09-20 00:00:00+00:00,135.37,77.55,37.63,438.17,44.42,831.0029968620516
2017-09-21 00:00:00+00:00,131.33,76.77,37.43,433.45,44.45,822.5962124982156
2017-09-22 00:00:00+00:00,129.83,77.66,37.89,432.72,44.72,824.9985423618648
2017-09-25 00:00:00+00:00,130.47,79.34,38.63,438.15,44.9,834.265536466452
2017-09-26 00:00:00+00:00,131.3,79.33,37.97,434.97,45.6,834.6105288242289
2017-09-27 00:00:00+00:00,129.33,79.93,37.21,435.43,45.53,829.6660525787903
2017-09-28 00:00:00+00:00,130.03,80.02,37.62,435.11,45.77,833.4333541575566
2017-09-29 00:00:00+00:00,131.91,81.05,37.51,447.12,46.14,843.5006853704128
2017-10-02 00:00:00+00:00,129.48,81.9,37.88,462.24,45.72,847.6795505494791
2017-10-03 00:00:00+00:00,129.83,81.4,38.23,455.63,46.13,848.2068159261894
2017-10-04 00:00:00+00:00,131.29,81.29,38.08,456.05,46.22,849.7669147289371
2017-10-05 00:00:00+00:00,128.96,81.48,37.95,463.4,46.14,849.4945538155085
2017-10-06 00:00:00+00:00,129.14,80.33,38.06,469.95,46.87,855.284305882561
2017-10-09 00:00:00+00:00,127.82,79.18,38.28,469.56,47.03,853.898350184361
2017-10-10 00:00:00+00:00,129.22,80.94,37.9,461.13,47.33,854.0151626302553
2017-10-11 00:00:00+00:00,130.54,82.54,38.08,452.97,47.48,855.5792095272545
2017-10-12 00:00:00+00:00,130.73,82.18,38.39,447.15,47.59,854.7308803728787
2017-10-13 00:00:00+00:00,131.29,82.57,38.59,442.96,47.61,855.0240361083721
2017-10-16 00:00:00+00:00,131.81,82.12,37.99,445.68,47.67,853.9796310674678
2017-10-17 00:00:00+00:00,131.87,82.1,38.35,442.56,47.81,854.9350798607696
2017-10-18 00:00:00+00:00,130.96,82.8,37.86,439.37,47.66,850.5216708779121
2017-10-19 00:00:00+00:00,130.12,82.91,37.84,440.94,47.66,850.2730448157411
2017-10-20 00:00:00+00:00,127.77,83.61,37.79,432.98,47.7,844.9833538752725
2017-10-23 00:00:00+00:00,128.57,83.92,37.37,432.76,47.62,844.0045044705837
2017-10-24 00:00:00+00:00,127.21,84.1,37.13,426.51,47.15,836.5306855373909
2017-10-25 00:00:00+00:00,127.12,83.985,36.77,421.93,44.1,817.1764680745432
2017-10-26 00:00:00+00:00,127.86,84.37,35.81,416.04,44.04,811.5778803968899
2017-10-27 00:00:00+00:00,127.03,83.26,35.8,409.22,43.44,803.1759548888167
2017-10-30 00:00:00+00:00,125.32,81.23,36.23,406.52,43.23,798.2444592293098
2017-10-31 00:00:00+00:00,126.53,80.84,36.16,402.62,43.91,800.6627285484989
2017-11-01 00:00:00+00:00,128.02,81.23,35.69,397.0,43.7,797.3842487479816
2017-11-02 00:00:00+00:00,129.28,82.51,36.48,397.45,44.7,809.1346296348139
2017-11-03 00:00:00+00:00,128.11,81.87,36.04,408.41,45.28,812.7756089001276
2017-11-06 00:00:00+00:00,127.73,80.68,36.37,406.63,45.11,810.6165529251632
2017-11-07 00:00:00+00:00,129.7,80.66,36.04,404.39,45.37,811.8383259007167
2017-11-08 00:00:00+00:00,131.05,80.7,36.31,415.17,45.24,818.5854960193604
2017-11-09 00:00:00+00:00,130.68,81.91,35.88,406.21,44.72,811.3201466361708
2017-11-10 00:00:00+00:00,132.05,84.15,35.52,404.54,44.99,814.8446739404362
2017-11-13 00:00:00+00:00,135.08,83.55,35.71,393.62,45.34,815.5178137563236
2017-11-14 00:00:00+00:00,135.31,83.25,36.28,384.8,45.29,813.7923590741736
2017-11-15 00:00:00+00:00,132.78,82.3,36.08,386.3,44.93,807.6105870733832
2017-11-16 00:00:00+00:00,134.54,84.91,36.09,394.69,45.31,818.5241444093587
2017-11-17 00:00:00+00:00,133.51,85.5,36.21,391.59,45.01,815.7101949249025
2017-11-20 00:00:00+00:00,134.59,86.94,36.33,385.22,45.19,817.4621610949199
2017-11-21 00:00:00+00:00,135.15,86.65,36.37,384.44,45.4,818.6589379813734
2017-11-22 00:00:00+00:00,134.95,87.23,36.71,387.54,45.32,821.5302190828647
2017-11-24 00:00:00+00:00,135.39,86.28,36.68,384.85,45.22,819.0542282739053
2017-11-27 00:00:00+00:00,135.67,86.35,37.1,374.53,45.24,816.9224102811999
2017-11-28 00:00:00+00:00,136.96,87.73,37.14,366.0,45.35,817.2142022821962
2017-11-29 00:00:00+00:00,139.22,88.68,36.6,358.63,46.11,819.4410951220249
2017-11-30 00:00:00+00:00,139.29,88.08,36.99,361.86,46.35,823.053507229347
2017-12-01 00:00:00+00:00,139.64,87.98,37.19,373.47,46.7,830.9753584600123
2017-12-04 00:00:00+00:00,142.99,90.77,36.84,378.37,46.1,835.9123447124952
2017-12-05 00:00:00+00:00,144.66,90.37,36.2,372.34,45.59,829.4165763716136
2017-12-06 00:00:00+00:00,145.05,90.85,35.83,375.13,46.17,833.0579973564926
2017-12-07 00:00:00+00:00,144.24,93.37,35.92,373.61,46.46,836.4873369389871
2017-12-08 00:00:00+00:00,145.23,93.38,35.4,380.78,46.0,836.1633558001322
2017-12-11 00:00:00+00:00,145.05,93.35,34.67,381.32,45.34,829.6560991559271
2017-12-12 00:00:00+00:00,145.15,91.23,34.59,381.72,45.3,826.7416528245482
2017-12-13 00:00:00+00:00,146.61,91.64,35.75,386.67,45.79,838.5430327862043
2017-12-14 00:00:00+00:00,146.26,90.79,35.9,383.12,45.7,835.7235883713021
2017-12-15 00:00:00+00:00,147.63,90.93,35.87,388.95,46.82,845.6001457914342
2017-12-18 00:00:00+00:00,148.1,92.55,36.65,383.39,46.85,849.2686279956662
2017-12-19 00:00:00+00:00,148.05,92.1,36.35,385.72,46.92,848.7260064185547
2017-12-20 00:00:00+00:00,148.39,91.73,36.61,382.89,47.15,849.726383154048
2017-12-21 00:00:00+00:00,148.78,91.64,36.73,384.14,46.87,849.6856199547161
2017-12-22 00:00:00+00:00,149.52,92.91,36.92,381.0,46.45,849.4499069881639
2017-12-26 00:00:00+00:00,149.69,92.48,37.57,387.43,46.67,855.7768321245435
2017-12-27 00:00:00+00:00,149.29,92.62,37.6,384.09,46.8,854.8427641946428
2017-12-28 00:00:00+00:00,149.0,92.58,37.51,382.82,46.58,852.3995178350324
2017-12-29 00:00:00+00:00,148.74,93.01,37.52,375.96,46.53,849.4709507331494
2018-01-02 00:00:00+00:00,144.99,94.06,38.16,382.6,46.65,852.6309232559457
2018-01-03 00:00:00+00:00,143.43,93.99,37.84,393.78,46.48,853.304556544905
2018-01-04 00:00:00+00:00,145.69,95.09,38.26,382.95,47.35,858.8928986627187
2018-01-05 00:00:00+00:00,145.73,95.72,38.4,385.1,47.11,860.0247096187644
2018-01-08 00:00:00+00:00,146.44,94.15,38.36,372.52,47.58,855.7018079192142
2018-01-09 00:00:00+00:00,146.16,94.25,38.11,368.65,47.64,853.0752824713987
2018-01-10 00:00:00+00:00,144.43,94.78,38.34,366.46,47.19,849.4665643204381
2018-01-11 00:00:00+00:00,141.99,98.19,38.84,368.26,47.69,856.3695870473891
2018-01-12 00:00:00+00:00,140.96,99.1,39.79,366.96,47.62,859.4521561322906
2018-01-16 00:00:00+00:00,142.41,98.44,40.0,370.21,47.49,861.9417077262348
2018-01-17 00:00:00+00:00,144.32,100.5,39.45,374.07,47.69,867.0789052960528
2018-01-18 00:00:00+00:00,143.14,101.03,39.24,371.28,47.6,863.8133055993899
2018-01-19 00:00:00+00:00,143.86,101.98,39.47,371.53,47.88,868.3626623212573
2018-01-22 00:00:00+00:00,144.48,102.27,39.66,375.86,47.88,872.1217722193309
2018-01-23 00:00:00+00:00,143.52,103.17,40.32,381.71,47.88,877.4695660698105
2018-01-24 00:00:00+00:00,142.25,102.69,41.57,383.32,50.49,894.7696779301506
2018-01-25 00:00:00+00:00,146.13,103.75,40.77,391.84,50.49,900.8592384271445
2018-01-26 00:00:00+00:00,142.64,105.3,41.05,374.36,50.61,893.0308353223097
2018-01-29 00:00:00+00:00,140.96,105.34,40.08,382.88,50.24,888.7593303787067
2018-01-30 00:00:00+00:00,141.76,104.23,40.1,379.77,49.7,884.2841507049837
2018-01-31 00:00:00+00:00,141.69,103.12,40.51,366.65,49.34,877.0757892992387
2018-02-01 00:00:00+00:00,140.33,102.28,40.36,345.79,49.16,863.9038893372724
2018-02-02 00:00:00+00:00,130.91,99.44,38.97,347.86,48.2,839.43734606847
2018-02-05 00:00:00+00:00,127.0,95.8,37.8,331.98,46.8,811.3398224223013
2018-02-06 00:00:00+00:00,130.63,97.6,37.63,338.8,46.86,820.3318541826022
2018-02-07 00:00:00+00:00,127.82,97.88,37.03,334.61,47.64,817.0386492334851
2018-02-08 00:00:00+00:00,127.76,95.1,36.61,322.62,45.46,795.3836473092266
2018-02-09 00:00:00+00:00,128.8,98.26,36.76,336.38,45.84,809.0580942463965
2018-02-12 00:00:00+00:00,127.95,95.09,36.91,342.67,47.08,813.7858843916209
2018-02-13 00:00:00+00:00,128.53,96.86,37.02,324.57,47.18,809.8703374484086
2018-02-14 00:00:00+00:00,128.8,96.67,39.0,330.69,48.2,826.2520266124388
2018-02-15 00:00:00+00:00,131.03,98.45,39.41,333.18,48.75,836.7106136116348
2018-02-16 00:00:00+00:00,131.7,97.73,39.11,332.15,49.89,840.6926144797802
2018-02-20 00:00:00+00:00,128.78,94.56,38.39,323.04,49.95,826.6365195970158
2018-02-21 00:00:00+00:00,126.29,95.27,38.16,317.51,49.98,821.4224264535964
2018-02-22 00:00:00+00:00,127.3,96.1,37.63,315.82,50.38,822.6916106626484
2018-02-23 00:00:00+00:00,129.43,97.2,38.69,323.86,51.18,838.6246195782741
2018-02-26 00:00:00+00:00,131.52,97.55,39.32,324.89,51.42,845.854446955506
2018-02-27 00:00:00+00:00,130.19,95.52,38.44,320.97,50.92,833.7620716995019
2018-02-28 00:00:00+00:00,129.08,94.59,38.2,320.44,50.27,826.729013863138
2018-03-01 00:00:00+00:00,129.77,95.31,38.11,321.78,49.45,824.4325326143384
2018-03-02 00:00:00+00:00,130.94,94.28,37.93,330.47,49.66,828.5469929480294
2018-03-05 00:00:00+00:00,132.93,93.43,38.28,333.91,50.25,835.7879142722439
2018-03-06 00:00:00+00:00,132.33,93.44,38.85,333.48,51.24,842.4147468071545
2018-03-07 00:00:00+00:00,130.55,89.39,37.7,334.41,52.21,835.7191134924179
2018-03-08 00:00:00+00:00,132.98,86.05,37.66,340.78,52.23,837.0317706701662
2018-03-09 00:00:00+00:00,131.57,86.94,37.71,341.7,52.87,840.3898896844834
2018-03-12 00:00:00+00:00,130.37,88.61,37.98,344.55,52.82,843.2112375395417
2018-03-13 00:00:00+00:00,131.19,89.53,38.22,337.75,52.23,840.399101036361
2018-03-14 00:00:00+00:00,128.57,89.2,38.19,341.42,51.71,835.7312869678588
2018-03-15 00:00:00+00:00,127.14,93.44,37.31,334.93,51.33,830.8874651041062
2018-03-16 00:00:00+00:00,128.49,95.43,37.39,343.3,51.46,839.5592650881831
2018-03-19 00:00:00+00:00,128.52,94.04,37.47,339.08,51.47,836.4290611654177
2018-03-20 00:00:00+00:00,128.12,93.41,37.3,333.86,51.97,834.7589897249287
2018-03-21 00:00:00+00:00,124.81,92.98,38.22,334.87,51.8,833.8659338305619
2018-03-22 00:00:00+00:00,125.51,91.75,37.61,327.69,50.72,821.9206015712349
2018-03-23 00:00:00+00:00,124.4,90.06,38.76,321.29,50.04,817.1920256155453
2018-03-26 00:00:00+00:00,124.22,92.65,39.89,330.71,51.62,837.1878831091203
2018-03-27 00:00:00+00:00,126.38,92.43,39.03,329.24,50.42,828.9816803575216
2018-03-28 00:00:00+00:00,130.31,92.94,38.39,338.48,50.47,835.6890096923908
2018-03-29 00:00:00+00:00,133.11,93.55,39.07,344.36,51.03,848.0072770862078
2018-04-02 00:00:00+00:00,128.69,93.43,39.27,330.56,50.01,832.4170843936922
2018-04-03 00:00:00+00:00,128.34,93.31,38.83,332.2,50.83,834.8796747933018
2018-04-04 00:00:00+00:00,130.05,95.0,38.99,337.35,51.42,844.9024248943169
2018-04-05 00:00:00+00:00,130.25,96.4,39.27,328.59,51.29,843.6506098212138
2018-04-06 00:00:00+00:00,128.51,94.97,39.29,319.61,50.24,830.6869930410924
2018-04-09 00:00:00+00:00,127.97,95.7,38.58,319.7,50.69,830.2815974869688
2018-04-10 00:00:00+00:00,126.99,96.44,39.47,328.04,51.32,840.6811382158998
2018-04-11 00:00:00+00:00,126.39,96.27,40.64,322.78,51.09,841.3275163521721
2018-04-12 00:00:00+00:00,124.67,96.89,40.4,325.08,51.32,841.2455402246147
2018-04-13 00:00:00+00:00,125.53,96.28,41.6,321.56,51.3,844.9889224517783
2018-04-16 00:00:00+00:00,127.17,97.07,41.42,318.2,52.64,852.5235540034777
2018-04-17 00:00:00+00:00,126.84,99.87,41.38,322.63,53.95,864.0832518884379
2018-04-18 00:00:00+00:00,126.72,100.18,41.09,321.39,53.65,861.0259192615428
2018-04-19 00:00:00+00:00,119.16,99.0,41.94,315.83,52.84,847.8523401463731
2018-04-20 00:00:00+00:00,114.88,96.34,41.35,314.25,52.16,832.8654926948244
2018-04-23 00:00:00+00:00,114.8,97.01,41.06,316.01,51.74,830.9831596900272
2018-04-24 00:00:00+00:00,114.96,96.82,41.05,312.0,50.68,823.7421249850614
2018-04-25 00:00:00+00:00,116.42,97.25,40.52,316.17,49.35,818.7082251217187
2018-04-26 00:00:00+00:00,116.15,99.03,40.77,323.97,49.14,823.9753071890725
2018-04-27 00:00:00+00:00,118.31,98.36,40.66,313.05,49.06,820.0690025252575
2018-04-30 00:00:00+00:00,117.2,96.53,39.29,303.68,48.52,803.8404790554491
2018-05-01 00:00:00+00:00,116.82,96.54,39.22,301.22,48.83,803.638860579394
2018-05-02 00:00:00+00:00,116.0,96.4,39.19,296.14,48.52,798.6104721652698
2018-05-03 00:00:00+00:00,118.49,96.3,39.81,292.41,48.58,802.7298775202268
2018-05-04 00:00:00+00:00,120.29,95.55,39.65,291.25,49.54,807.6096440765248
2018-05-07 00:00:00+00:00,120.83,94.0,39.87,288.54,50.07,808.7788131850406
2018-05-08 00:00:00+00:00,118.71,93.88,39.98,285.86,49.91,804.6617353119144
2018-05-09 00:00:00+00:00,120.33,93.52,39.96,284.6,49.64,804.0858555312773
2018-05-10 00:00:00+00:00,120.31,92.94,40.42,288.9,49.72,807.5598964303139
2018-05-11 00:00:00+00:00,120.54,93.62,40.39,306.94,50.55,820.5590824424063
2018-05-14 00:00:00+00:00,119.04,93.72,40.39,309.54,50.29,818.7296089714578
2018-05-15 00:00:00+00:00,117.4,94.0,39.51,300.45,50.14,808.7364979008631
2018-05-16 00:00:00+00:00,118.38,96.2,39.69,303.21,50.06,814.1802295657126
2018-05-17 00:00:00+00:00,118.33,96.67,39.36,308.0,50.0,815.056209256657
2018-05-18 00:00:00+00:00,117.33,96.73,39.16,301.81,50.11,811.0132390484131
2018-05-21 00:00:00+00:00,119.01,97.21,39.37,296.6,50.82,815.8536979369502
2018-05-22 00:00:00+00:00,119.56,96.41,38.79,294.68,50.07,808.3520578418495
2018-05-23 00:00:00+00:00,119.44,96.28,39.59,295.31,50.1,811.8907640351923
2018-05-24 00:00:00+00:00,119.69,96.91,39.97,294.61,50.32,815.4176045395875
2018-05-25 00:00:00+00:00,122.58,96.62,39.44,293.74,50.12,814.753808306424
2018-05-29 00:00:00+00:00,124.14,96.24,38.93,296.5,50.34,816.2261421977129
2018-05-30 00:00:00+00:00,126.09,96.52,39.19,300.89,51.09,825.679252713971
2018-05-31 00:00:00+00:00,120.83,87.48,38.93,300.32,49.77,800.1291241672869
2018-06-01 00:00:00+00:00,120.44,89.26,38.64,306.88,50.01,804.7180470102926
2018-06-04 00:00:00+00:00,121.23,91.0,38.25,312.09,51.39,815.4505347021006
2018-06-05 00:00:00+00:00,121.4,94.18,38.55,311.85,51.84,823.1123104201065
2018-06-06 00:00:00+00:00,121.93,94.63,38.66,315.13,52.55,829.8045442933408
2018-06-07 00:00:00+00:00,124.55,93.82,38.58,308.72,52.8,830.0141530000296
2018-06-08 00:00:00+00:00,126.75,94.9,38.38,308.1,52.81,832.8557016560941
2018-06-11 00:00:00+00:00,127.92,95.92,38.57,311.95,52.24,835.0476780214384
2018-06-12 00:00:00+00:00,127.61,96.68,38.79,309.53,52.79,838.3503432506642
2018-06-13 00:00:00+00:00,126.99,96.73,38.7,308.28,51.85,831.9628642197082
2018-06-14 00:00:00+00:00,127.89,96.33,39.16,315.67,52.27,839.800607212233
2018-06-15 00:00:00+00:00,128.85,97.33,38.4,315.3,52.62,840.5547697844665
2018-06-18 00:00:00+00:00,126.93,97.94,38.43,315.61,52.93,840.933552828279
2018-06-19 00:00:00+00:00,127.56,97.43,38.35,327.07,52.72,844.5430988633254
2018-06-20 00:00:00+00:00,126.81,98.01,37.95,336.93,52.44,845.5008495560533
2018-06-21 00:00:00+00:00,126.95,98.68,37.02,329.04,52.43,839.0849051734458
2018-06-22 00:00:00+00:00,128.91,100.15,37.46,331.97,52.41,846.2437023332091
2018-06-25 00:00:00+00:00,132.41,100.45,36.99,327.11,52.14,845.2097446631034
2018-06-26 00:00:00+00:00,131.17,99.73,37.17,327.23,52.05,843.2258506908696
2018-06-27 00:00:00+00:00,130.63,98.67,36.98,336.61,51.8,843.2163471571513
2018-06-28 00:00:00+00:00,133.86,99.13,37.0,341.82,52.47,853.3020985233692
2018-06-29 00:00:00+00:00,135.25,98.6,37.71,344.99,52.58,859.2130577835522
2018-07-02 00:00:00+00:00,133.52,98.06,37.55,351.14,53.12,861.2495587106155
2018-07-03 00:00:00+00:00,132.83,98.1,37.64,353.86,52.83,860.5692991907265
2018-07-05 00:00:00+00:00,134.99,98.12,38.43,360.95,53.14,871.1161244062969
2018-07-06 00:00:00+00:00,135.44,98.63,37.83,369.59,53.94,877.5251409220066
2018-07-09 00:00:00+00:00,131.9,98.39,37.79,371.31,54.98,878.9960344142871
2018-07-10 00:00:00+00:00,132.48,100.01,37.91,366.27,55.0,880.146348608885
2018-07-11 00:00:00+00:00,133.28,99.02,37.07,365.21,55.09,876.2525627592798
2018-07-12 00:00:00+00:00,133.45,98.55,37.13,366.43,55.84,880.4778489301658
2018-07-13 00:00:00+00:00,134.46,99.5,36.84,367.64,55.24,879.0565942086132
2018-07-16 00:00:00+00:00,134.2,99.13,36.5,364.75,55.03,874.5209928682635
2018-07-17 00:00:00+00:00,135.02,99.4,36.94,365.43,54.93,877.4731612603409
2018-07-18 00:00:00+00:00,129.53,99.09,37.18,365.98,55.5,874.8778661879787
2018-07-19 00:00:00+00:00,130.34,99.2,37.01,367.74,55.5,875.9888826357392
2018-07-20 00:00:00+00:00,131.8,98.17,37.02,367.11,55.87,878.0594249125454
2018-07-23 00:00:00+00:00,130.69,98.73,36.57,366.21,56.05,876.081887381904
2018-07-24 00:00:00+00:00,129.63,98.59,37.13,372.77,55.41,876.6157944796678
2018-07-25 00:00:00+00:00,130.31,98.75,37.47,374.49,55.84,881.9981170838669
2018-07-26 00:00:00+00:00,131.76,99.16,37.81,373.59,56.09,886.5410510889636
2018-07-27 00:00:00+00:00,132.72,97.43,36.89,367.6,55.81,877.5506513666908
2018-07-30 00:00:00+00:00,134.62,98.14,36.73,371.51,54.5,874.9497980231342
2018-07-31 00:00:00+00:00,135.17,98.15,36.68,368.01,54.94,876.1321665256463
2018-08-01 00:00:00+00:00,134.16,96.65,36.44,371.03,56.04,878.9779162235775
2018-08-02 00:00:00+00:00,142.44,98.28,36.23,397.0,56.59,903.7394899254672
2018-08-03 00:00:00+00:00,143.08,98.23,36.46,394.88,56.37,903.3659019729436
2018-08-06 00:00:00+00:00,143.52,98.67,36.21,390.05,56.88,903.8906787207146
2018-08-07 00:00:00+00:00,141.48,100.92,36.07,391.42,56.36,901.6707629779214
2018-08-08 00:00:00+00:00,140.86,101.78,36.16,374.27,56.25,894.469109911034
2018-08-09 00:00:00+00:00,140.21,102.98,35.71,372.14,56.0,891.1001870749071
2018-08-10 00:00:00+00:00,140.21,102.33,35.6,368.78,56.23,889.5460975086108
2018-08-13 00:00:00+00:00,141.22,102.47,34.65,366.45,56.16,885.4780038281156
2018-08-14 00:00:00+00:00,141.84,105.1,33.94,366.23,56.75,889.3848438213694
2018-08-15 00:00:00+00:00,144.97,104.13,31.8,361.87,56.68,880.4349454563418
2018-08-16 00:00:00+00:00,146.77,104.88,31.6,371.78,57.17,889.3839547582221
2018-08-17 00:00:00+00:00,147.53,106.38,32.06,374.26,57.19,895.2813922823228
2018-08-20 00:00:00+00:00,148.23,107.53,31.89,374.8,57.47,898.4746127462586
2018-08-21 00:00:00+00:00,146.55,107.6,31.95,378.56,57.7,899.6594472478794
2018-08-22 00:00:00+00:00,145.16,107.27,32.32,380.17,57.84,900.6186869964756
2018-08-23 00:00:00+00:00,145.88,108.08,31.66,379.19,58.13,900.7134438249392
2018-08-24 00:00:00+00:00,145.67,108.01,32.03,376.33,58.57,902.9810310106849
2018-08-27 00:00:00+00:00,144.68,107.19,32.25,388.44,59.5,911.709155781685
2018-08-28 00:00:00+00:00,144.73,106.84,31.84,390.05,59.57,910.6284914690926
2018-08-29 00:00:00+00:00,144.78,106.7,31.74,406.62,59.75,918.1353085010977
2018-08-30 00:00:00+00:00,145.0,105.66,31.05,408.51,60.03,916.3862198466604
2018-08-31 00:00:00+00:00,144.98,107.73,31.03,406.75,60.08,918.3698276474365
2018-09-04 00:00:00+00:00,146.12,109.82,30.09,403.93,60.5,919.2340916055248
2018-09-05 00:00:00+00:00,148.46,111.06,30.13,406.94,60.42,924.5657965627739
2018-09-06 00:00:00+00:00,149.72,111.12,30.24,397.93,61.13,926.3292315114952
2018-09-07 00:00:00+00:00,150.74,110.82,30.13,395.415,61.53,927.6326952385668
2018-09-10 00:00:00+00:00,150.56,111.45,29.74,395.04,62.18,929.7098607727489
2018-09-11 00:00:00+00:00,150.16,111.15,29.63,393.77,62.64,930.2048565202574
2018-09-12 00:00:00+00:00,150.84,110.7,30.16,388.88,63.48,934.886324149098
2018-09-13 00:00:00+00:00,151.21,109.53,30.22,397.71,63.72,939.1338122870361
2018-09-14 00:00:00+00:00,151.38,108.91,30.38,392.17,63.42,935.3196435606795
2018-09-17 00:00:00+00:00,151.93,107.25,30.64,386.49,63.26,931.7268101112184
2018-09-18 00:00:00+00:00,151.85,109.15,30.85,388.33,64.16,940.3058326693441
2018-09-19 00:00:00+00:00,150.66,109.33,31.52,383.7,62.45,931.2721340404478
2018-09-20 00:00:00+00:00,151.88,109.56,31.5,387.25,62.75,935.9552989973389
2018-09-21 00:00:00+00:00,152.47,108.26,31.56,390.28,62.51,935.3450981877353
2018-09-24 00:00:00+00:00,149.95,107.29,31.09,390.19,61.73,925.1647566510497
2018-09-25 00:00:00+00:00,149.64,108.32,31.25,390.05,62.48,930.5534507505661
2018-09-26 00:00:00+00:00,150.37,109.52,29.87,391.53,60.32,916.6034733129248
2018-09-27 00:00:00+00:00,149.28,109.17,29.98,406.0,59.26,916.1736881971646
2018-09-28 00:00:00+00:00,150.41,109.3,30.2,404.04,60.69,925.0592847373763
2018-10-01 00:00:00+00:00,150.43,109.52,30.35,394.23,59.02,913.2372035421129
2018-10-02 00:00:00+00:00,152.26,107.47,31.17,400.57,59.45,921.2253677992569
2018-10-03 00:00:00+00:00,147.21,104.92,30.48,403.04,58.81,907.0014152916702
2018-10-04 00:00:00+00:00,146.58,104.46,30.37,392.05,59.05,901.720557483439
2018-10-05 00:00:00+00:00,149.58,103.76,30.58,391.77,59.28,906.2840696678378
2018-10-08 00:00:00+00:00,149.88,105.35,30.52,394.15,58.93,907.603504792072
2018-10-09 00:00:00+00:00,150.3,105.1,30.11,392.53,59.11,906.2508826685644
2018-10-10 00:00:00+00:00,147.55,105.58,30.56,381.94,56.63,888.3372755450655
2018-10-11 00:00:00+00:00,142.18,101.96,32.72,371.67,55.55,876.8395029285915
2018-10-12 00:00:00+00:00,144.84,104.76,32.04,384.16,56.15,888.9801987524419
2018-10-15 00:00:00+00:00,146.61,106.39,32.66,377.55,56.32,893.7535032486626
2018-10-16 00:00:00+00:00,148.69,110.95,32.29,398.52,57.55,915.620227344515
2018-10-17 00:00:00+00:00,149.43,109.77,32.11,399.06,57.37,913.5451100124768
2018-10-18 00:00:00+00:00,149.0,108.92,32.37,395.22,56.49,906.9377463006133
2018-10-19 00:00:00+00:00,152.57,109.55,32.19,389.83,56.89,910.8353894838003
2018-10-22 00:00:00+00:00,150.85,110.02,31.97,387.8,57.0,908.1738375646712
2018-10-23 00:00:00+00:00,150.13,110.39,32.41,380.69,56.43,903.7049083305747
2018-10-24 00:00:00+00:00,152.96,110.98,31.76,351.39,57.29,896.7476874554217
2018-10-25 00:00:00+00:00,151.59,111.04,29.6,336.94,56.74,876.9741120296861
2018-10-26 00:00:00+00:00,147.82,107.83,30.0,335.82,56.98,871.0217242372603
2018-10-29 00:00:00+00:00,149.76,109.92,30.76,336.18,57.41,881.496085390358
2018-10-30 00:00:00+00:00,152.82,112.45,31.0,339.7,58.27,895.1620732295976
2018-10-31 00:00:00+00:00,148.45,111.38,30.92,339.24,59.2,892.9563208713669
2018-11-01 00:00:00+00:00,153.73,113.18,32.06,355.11,58.75,910.748088326259
2018-11-02 00:00:00+00:00,154.2,112.12,32.42,352.59,59.35,913.4875383343975
2018-11-05 00:00:00+00:00,156.96,114.09,32.39,354.93,59.43,920.4532983029167
2018-11-06 00:00:00+00:00,158.1,114.39,32.31,357.61,59.32,922.4038734051395
2018-11-07 00:00:00+00:00,158.67,115.94,32.5,364.25,61.53,939.9793347847641
2018-11-08 00:00:00+00:00,157.74,117.53,32.42,363.34,62.02,942.6629667916319
2018-11-09 00:00:00+00:00,158.77,116.1,32.02,356.66,61.37,934.1616631264029
2018-11-12 00:00:00+00:00,161.07,115.76,31.53,346.56,60.37,924.8569810029709
2018-11-13 00:00:00+00:00,159.86,115.34,31.41,342.1,59.95,918.3441785260035
2018-11-14 00:00:00+00:00,160.18,114.3,32.4,337.29,60.0,919.8268097205633
2018-11-15 00:00:00+00:00,160.71,111.78,32.86,341.65,60.89,925.6772540921331
2018-11-16 00:00:00+00:00,162.02,111.42,33.32,345.33,61.83,935.1044480326415
2018-11-19 00:00:00+00:00,162.39,110.51,32.79,338.99,61.37,927.0501102725373
2018-11-20 00:00:00+00:00,160.41,105.29,32.9,337.29,60.7,914.5185396663139
2018-11-21 00:00:00+00:00,159.71,105.2,33.59,343.17,60.31,917.0746983430226
2018-11-23 00:00:00+00:00,162.83,105.86,32.46,340.86,60.0,914.124140666325
2018-11-26 00:00:00+00:00,163.33,107.69,32.47,353.18,61.11,928.0195157338255
2018-11-27 00:00:00+00:00,166.36,107.62,31.96,353.59,61.78,932.8794290991499
2018-11-28 00:00:00+00:00,165.42,110.36,32.69,363.64,63.48,951.3560476212647
2018-11-29 00:00:00+00:00,166.05,110.89,32.34,359.57,63.75,950.8871970160475
2018-11-30 00:00:00+00:00,165.62,110.99,32.34,365.65,63.56,952.1573813180576
2018-12-03 00:00:00+00:00,165.29,111.7,33.22,382.61,63.79,964.8963990007444
2018-12-04 00:00:00+00:00,163.63,104.1,33.79,372.8,62.51,945.1095410681118
2018-12-06 00:00:00+00:00,163.76,106.68,32.66,381.69,58.95,929.2884616215738
2018-12-07 00:00:00+00:00,162.47,102.7,33.39,372.83,57.25,913.4125084014046
2018-12-10 00:00:00+00:00,162.2,105.64,33.53,377.59,57.37,920.0427579380807
2018-12-11 00:00:00+00:00,166.13,106.56,33.34,375.72,38.23,826.2711819156741
2018-12-12 00:00:00+00:00,163.84,105.89,34.08,377.96,38.28,827.1489625107275
2018-12-13 00:00:00+00:00,165.08,106.16,34.04,378.51,37.57,825.3641557772285
2018-12-14 00:00:00+00:00,164.52,104.98,33.31,381.17,36.6,816.3010077409909
2018-12-17 00:00:00+00:00,156.74,103.12,33.61,375.5,35.85,799.9300672075099
2018-12-18 00:00:00+00:00,155.5,104.35,34.16,369.0,35.71,798.8654333544922
2018-12-19 00:00:00+00:00,154.85,103.02,32.09,360.7,35.3,781.9340465314547
2018-12-20 00:00:00+00:00,153.56,100.34,34.09,356.23,35.11,782.7220375923412
2018-12-21 00:00:00+00:00,154.51,99.74,33.53,344.6,34.61,773.1213834049581
2018-12-24 00:00:00+00:00,145.37,98.85,34.58,340.64,33.79,759.9656680481601
2018-12-26 00:00:00+00:00,150.83,105.95,34.53,363.29,35.19,791.9043111372738
2018-12-27 00:00:00+00:00,153.18,106.46,34.99,364.79,35.84,801.2098272027514
2018-12-28 00:00:00+00:00,153.12,107.07,34.47,362.62,35.67,797.880497936683
2018-12-31 00:00:00+00:00,154.14,108.08,34.65,373.5,36.1,807.981890894478
2019-01-02 00:00:00+00:00,151.13,107.71,34.48,372.44,35.77,801.1486977336147
2019-01-03 00:00:00+00:00,152.03,107.84,34.38,372.08,35.35,799.6282688387537
2019-01-04 00:00:00+00:00,153.06,108.77,34.38,397.55,36.5,818.832867626876
2019-01-07 00:00:00+00:00,154.88,112.94,33.97,396.63,36.6,824.5390396506473
2019-01-08 00:00:00+00:00,151.14,113.48,34.07,397.26,37.26,824.9404330408908
2019-01-09 00:00:00+00:00,150.94,115.5,34.37,399.58,38.01,833.3541691832738
2019-01-10 00:00:00+00:00,153.11,116.52,34.82,408.06,38.66,846.0505506348411
2019-01-11 00:00:00+00:00,153.35,116.06,34.88,408.63,38.3,844.4137408490607
2019-01-14 00:00:00+00:00,151.18,113.1,31.78,400.73,38.37,821.9002695455401
2019-01-15 00:00:00+00:00,152.62,112.17,31.02,405.02,38.59,822.1345804614066
2019-01-16 00:00:00+00:00,151.9,112.21,31.56,404.54,38.15,821.197132519529
2019-01-17 00:00:00+00:00,151.98,112.27,31.62,417.38,37.9,825.8686902947339
2019-01-18 00:00:00+00:00,154.37,113.53,31.77,418.84,38.68,835.4842053190868
2019-01-22 00:00:00+00:00,151.18,112.9,32.1,404.75,38.4,824.8996640865504
2019-01-23 00:00:00+00:00,151.7,113.59,32.2,401.21,37.2,819.1360807645689
2019-01-24 00:00:00+00:00,149.17,113.75,32.18,407.93,37.78,822.1673479544886
2019-01-25 00:00:00+00:00,147.69,114.2,33.16,418.29,38.13,831.4439133095689
2019-01-28 00:00:00+00:00,146.74,114.12,32.91,413.95,37.36,823.3661014350105
2019-01-29 00:00:00+00:00,145.97,114.8,33.54,417.15,36.93,825.1916762835478
2019-01-30 00:00:00+00:00,145.65,115.28,33.71,419.91,37.04,827.8973902963402
2019-01-31 00:00:00+00:00,148.38,115.43,34.11,429.27,37.24,838.0186292746306
2019-02-01 00:00:00+00:00,149.86,115.04,33.84,430.15,37.42,839.396809592034
2019-02-04 00:00:00+00:00,158.38,116.64,34.16,425.4,36.91,848.0227298532529
2019-02-05 00:00:00+00:00,152.76,116.04,34.12,421.04,37.65,842.4734365281249
2019-02-06 00:00:00+00:00,153.83,116.35,33.98,406.56,37.4,835.998361531259
2019-02-07 00:00:00+00:00,153.19,117.37,33.73,406.46,37.61,836.4955828424653
2019-02-08 00:00:00+00:00,155.66,116.32,33.84,406.86,37.86,839.9720847130106
2019-02-11 00:00:00+00:00,155.49,117.25,33.65,408.51,38.28,842.9862371268139
2019-02-12 00:00:00+00:00,154.9,118.01,33.39,416.34,38.98,849.0914128074621
2019-02-13 00:00:00+00:00,156.31,118.9,33.23,412.09,39.37,851.3282524887793
2019-02-14 00:00:00+00:00,156.35,118.52,33.11,414.97,39.68,853.2107272616552
2019-02-15 00:00:00+00:00,156.28,119.0,33.24,423.97,40.11,860.3580161953194
2019-02-19 00:00:00+00:00,156.01,119.15,34.53,420.6,39.71,862.2455850789323
2019-02-20 00:00:00+00:00,155.28,118.99,35.39,422.51,39.35,863.8501411354061
2019-02-21 00:00:00+00:00,158.94,118.46,35.41,418.62,39.62,867.2336653570935
2019-02-22 00:00:00+00:00,159.58,118.38,36.48,422.52,39.43,873.1539809441432
2019-02-25 00:00:00+00:00,157.6,118.76,36.1,420.38,39.17,867.4545799228912
2019-02-26 00:00:00+00:00,158.03,118.38,34.95,426.15,39.16,864.9988963753443
2019-02-27 00:00:00+00:00,156.8,118.17,34.02,433.33,39.29,863.0884009873444
2019-02-28 00:00:00+00:00,158.03,118.46,34.12,430.74,39.66,866.0865570562274
2019-03-01 00:00:00+00:00,157.8,119.5,33.82,439.57,39.78,870.2547051206457
2019-03-04 00:00:00+00:00,157.97,118.87,34.45,433.83,40.3,872.5424985368668
2019-03-05 00:00:00+00:00,156.76,119.61,34.5,437.13,40.26,873.4920272923025
2019-03-06 00:00:00+00:00,156.84,119.27,33.14,423.69,40.21,861.311293608744
2019-03-07 00:00:00+00:00,157.11,118.88,33.22,409.58,39.97,854.1787790104094
2019-03-08 00:00:00+00:00,157.83,118.71,33.71,402.64,40.11,854.6249602146128
2019-03-11 00:00:00+00:00,159.07,119.71,33.45,412.05,40.7,863.2760905119735
2019-03-12 00:00:00+00:00,159.19,119.61,34.52,417.62,40.68,870.1547362601788
2019-03-13 00:00:00+00:00,160.13,120.68,34.41,409.01,41.05,870.3056451241624
2019-03-14 00:00:00+00:00,159.83,111.64,33.42,407.5,41.02,853.5972232803497
2019-03-15 00:00:00+00:00,160.67,113.89,33.14,414.47,40.46,856.3333892628275
2019-03-18 00:00:00+00:00,159.47,116.53,33.0,407.6,40.99,857.4023609809716
2019-03-19 00:00:00+00:00,156.87,117.24,33.28,406.99,40.83,855.3841081003038
2019-03-20 00:00:00+00:00,155.95,117.13,33.87,405.5,40.55,854.6232467260932
2019-03-21 00:00:00+00:00,158.06,117.82,34.33,402.59,41.09,861.4149626641998
2019-03-22 00:00:00+00:00,158.13,117.47,34.5,391.8,40.38,853.5096455034005
2019-03-25 00:00:00+00:00,158.15,118.75,34.9,395.0,40.57,859.1939195973523
2019-03-26 00:00:00+00:00,159.95,118.77,35.56,405.62,40.99,870.8485771083806
2019-03-27 00:00:00+00:00,160.33,118.71,35.71,402.87,41.21,871.797438914367
2019-03-28 00:00:00+00:00,161.31,119.36,35.57,404.83,41.69,876.45161598241
2019-03-29 00:00:00+00:00,160.46,119.3,35.77,410.62,41.62,878.3759641691992
2019-04-01 00:00:00+00:00,158.54,118.33,35.61,410.05,41.96,875.7380669082235
2019-04-02 00:00:00+00:00,157.64,117.89,35.83,414.82,41.87,876.6722824934543
2019-04-03 00:00:00+00:00,156.94,118.17,35.95,407.0,42.16,874.8394920520643
2019-04-04 00:00:00+00:00,156.97,120.16,36.48,406.53,41.7,877.0770155459261
2019-04-05 00:00:00+00:00,155.6,122.58,36.5,408.94,41.74,879.8437496831305
2019-04-08 00:00:00+00:00,153.39,122.3,36.66,401.26,41.81,874.659539126391
2019-04-09 00:00:00+00:00,152.94,121.42,36.6,395.73,41.67,869.6816073422365
2019-04-10 00:00:00+00:00,153.79,121.81,36.27,408.23,41.84,875.9978698282844
2019-04-11 00:00:00+00:00,155.33,122.41,35.97,393.48,42.41,873.8264699973698
2019-04-12 00:00:00+00:00,155.49,122.38,36.25,382.94,42.93,873.294120889941
2019-04-15 00:00:00+00:00,154.45,123.85,36.17,375.5,43.06,871.048403061327
2019-04-16 00:00:00+00:00,152.34,123.7,34.79,367.69,43.15,859.6127230913818
2019-04-17 00:00:00+00:00,153.01,124.3,34.18,342.97,42.95,846.877725902849
2019-04-18 00:00:00+00:00,153.48,123.55,33.04,333.34,43.3,839.2613422533957
2019-04-22 00:00:00+00:00,154.51,123.56,32.55,334.03,43.45,839.4428038184831
2019-04-23 00:00:00+00:00,153.53,124.23,32.37,344.14,43.75,844.2590568813008
2019-04-24 00:00:00+00:00,154.22,126.04,32.2,340.46,39.35,822.5191895773803
2019-04-25 00:00:00+00:00,155.09,126.38,31.63,349.99,39.11,824.3963089172481
2019-04-26 00:00:00+00:00,157.56,125.26,31.46,343.66,39.1,822.3635128716875
2019-04-29 00:00:00+00:00,156.38,125.1,30.76,344.15,38.9,816.9895714704028
2019-04-30 00:00:00+00:00,159.73,126.09,31.06,343.14,38.67,821.7957132732032
2019-05-01 00:00:00+00:00,148.16,123.82,30.32,340.79,37.14,793.5026459130006
2019-05-02 00:00:00+00:00,148.74,124.63,30.1,335.41,37.52,793.8805080364381
2019-05-03 00:00:00+00:00,148.18,124.7,30.22,336.89,37.86,796.2051817104959
2019-05-06 00:00:00+00:00,148.25,124.36,29.94,344.23,37.57,796.3403833060217
2019-05-07 00:00:00+00:00,148.46,122.25,30.72,322.4,36.75,783.6840438751061
2019-05-08 00:00:00+00:00,148.82,122.28,30.2,329.0,36.73,784.6573805953719
2019-05-09 00:00:00+00:00,146.96,122.96,29.93,324.17,36.48,778.8367567189949
2019-05-10 00:00:00+00:00,148.19,121.84,30.15,312.86,36.44,774.7312818767625
2019-05-13 00:00:00+00:00,149.14,118.26,30.91,305.15,35.7,767.4933246274128
2019-05-14 00:00:00+00:00,147.23,117.28,30.83,304.62,36.13,765.673638500712
2019-05-15 00:00:00+00:00,148.32,118.04,30.69,305.85,36.32,768.7964156538956
2019-05-16 00:00:00+00:00,148.72,119.72,30.55,308.04,36.9,774.6772962517186
2019-05-17 00:00:00+00:00,147.05,120.19,30.92,304.94,36.88,773.4683785552945
2019-05-20 00:00:00+00:00,146.72,119.82,31.17,302.57,37.02,773.384738691967
2019-05-21 00:00:00+00:00,148.18,121.55,31.34,309.95,37.54,783.8113320118975
2019-05-22 00:00:00+00:00,150.6,122.05,31.32,320.09,37.5,791.3253580897973
2019-05-23 00:00:00+00:00,150.88,120.64,31.64,315.26,36.86,785.8992914783535
2019-05-24 00:00:00+00:00,149.63,121.96,31.92,312.56,37.03,787.0032654645509
2019-05-28 00:00:00+00:00,146.83,119.96,31.67,307.93,36.58,775.8800126686772
2019-05-29 00:00:00+00:00,147.4,118.51,31.6,307.78,36.92,776.100903489887
2019-05-30 00:00:00+00:00,149.64,127.0,32.09,307.96,37.73,795.6568007380839
2019-05-31 00:00:00+00:00,148.81,127.28,33.09,301.72,37.57,795.8098646147928
2019-06-03 00:00:00+00:00,152.58,129.0,33.63,303.95,37.32,804.3361434474366
2019-06-04 00:00:00+00:00,152.8,130.0,34.36,302.06,37.97,811.4733525422097
2019-06-05 00:00:00+00:00,155.4,130.4,34.49,300.0,37.99,814.7686629024288
2019-06-06 00:00:00+00:00,158.96,131.46,35.31,299.6,37.97,823.4638953560686
2019-06-07 00:00:00+00:00,156.63,133.15,35.67,306.72,38.49,830.1332003658193
2019-06-10 00:00:00+00:00,156.79,134.97,35.29,304.25,38.22,828.5333884006659
2019-06-11 00:00:00+00:00,156.13,135.51,34.92,306.84,37.54,824.4997054564051
2019-06-12 00:00:00+00:00,156.92,136.04,35.47,306.16,37.79,829.4171536997653
2019-06-13 00:00:00+00:00,155.98,135.96,35.55,307.42,37.75,828.9032804278671
2019-06-14 00:00:00+00:00,156.88,135.69,35.93,305.24,37.65,829.7847597114952
2019-06-17 00:00:00+00:00,154.82,135.9,36.22,310.98,37.48,830.4920327004663
2019-06-18 00:00:00+00:00,153.64,137.05,36.01,306.63,37.69,828.8661811808217
2019-06-19 00:00:00+00:00,153.08,138.17,36.36,310.83,37.85,833.7389617375951
2019-06-20 00:00:00+00:00,154.58,138.81,37.58,320.48,37.97,846.2618107551457
2019-06-21 00:00:00+00:00,154.92,138.78,37.49,320.26,37.58,844.1461242326895
2019-06-24 00:00:00+00:00,155.21,137.14,38.44,312.55,36.65,838.4116745758347
2019-06-25 00:00:00+00:00,155.77,136.01,37.94,312.9,36.64,835.61085690462
2019-06-26 00:00:00+00:00,151.65,136.47,38.27,305.08,35.41,823.1510302710047
2019-06-27 00:00:00+00:00,152.27,136.46,38.08,310.67,36.63,831.692349616889
2019-06-28 00:00:00+00:00,153.11,135.16,38.47,313.0,35.87,829.8217788826121
2019-07-01 00:00:00+00:00,152.8,135.87,37.91,316.56,36.24,831.383535398154
2019-07-02 00:00:00+00:00,154.16,137.11,38.44,315.53,36.68,838.5890446855433
2019-07-03 00:00:00+00:00,156.95,139.09,38.76,318.39,37.06,848.8548967024533
2019-07-05 00:00:00+00:00,155.77,139.95,38.42,307.0,37.19,842.8717486730284
2019-07-08 00:00:00+00:00,156.88,138.57,38.29,302.84,37.06,839.4228469410297
2019-07-09 00:00:00+00:00,155.45,139.55,38.76,307.97,37.02,842.9985706399458
2019-07-10 00:00:00+00:00,154.51,140.93,39.05,301.43,37.23,843.1329343431694
2019-07-11 00:00:00+00:00,155.24,140.36,39.28,291.82,37.27,840.3187073233734
2019-07-12 00:00:00+00:00,158.06,141.52,39.42,292.56,37.46,846.9391971597639
2019-07-15 00:00:00+00:00,158.53,142.26,39.17,298.2,37.67,850.8463091555826
2019-07-16 00:00:00+00:00,159.94,144.2,38.69,298.37,37.77,853.4513942238062
2019-07-17 00:00:00+00:00,159.58,144.97,39.06,299.42,37.8,856.183179118091
2019-07-18 00:00:00+00:00,162.05,142.82,39.7,303.09,37.9,861.184882102939
2019-07-19 00:00:00+00:00,161.86,141.28,39.29,298.11,37.82,854.7309356330724
2019-07-22 00:00:00+00:00,161.59,138.04,39.9,296.52,38.03,853.3516729550332
2019-07-23 00:00:00+00:00,164.4,137.22,39.62,309.26,38.15,860.4917125674573
2019-07-24 00:00:00+00:00,163.59,139.15,39.3,313.63,34.16,842.0784001193917
2019-07-25 00:00:00+00:00,163.55,137.72,38.25,303.42,34.02,830.6459167970008
2019-07-26 00:00:00+00:00,166.33,137.97,37.28,309.18,34.26,833.7549862227074
2019-07-29 00:00:00+00:00,165.37,135.8,37.71,306.04,33.88,828.461402298345
2019-07-30 00:00:00+00:00,165.17,134.2,37.73,311.13,34.01,829.1644770526237
2019-07-31 00:00:00+00:00,162.6,134.02,36.52,304.76,33.53,815.5872132639464
2019-08-01 00:00:00+00:00,156.14,132.15,37.15,309.43,33.07,808.0805896877505
2019-08-02 00:00:00+00:00,156.9,133.69,36.91,305.24,33.01,807.7591529631669
2019-08-05 00:00:00+00:00,155.03,132.65,37.42,299.57,32.15,799.6218198641627
2019-08-06 00:00:00+00:00,154.32,134.46,37.99,300.26,32.51,805.6366890808357
2019-08-07 00:00:00+00:00,157.63,134.59,39.35,302.22,32.72,817.3738107540552
2019-08-08 00:00:00+00:00,158.98,137.39,39.29,309.87,33.21,827.9938583965492
2019-08-09 00:00:00+00:00,158.27,135.58,39.03,304.89,32.93,820.2148087134099
2019-08-12 00:00:00+00:00,158.58,134.94,38.46,295.87,32.5,811.2583279870277
2019-08-13 00:00:00+00:00,158.96,135.38,37.66,304.86,32.56,813.0105014645756
2019-08-14 00:00:00+00:00,157.29,133.85,37.97,293.53,32.2,803.7586972695659
2019-08-15 00:00:00+00:00,158.95,133.81,38.52,293.11,32.55,809.596695169501
2019-08-16 00:00:00+00:00,160.9,135.91,38.58,296.85,33.05,818.918188429523
2019-08-19 00:00:00+00:00,162.13,138.1,38.13,298.38,33.25,822.8520286034014
2019-08-20 00:00:00+00:00,158.98,137.21,38.57,296.03,33.16,818.4817631872402
2019-08-21 00:00:00+00:00,158.07,138.79,38.53,297.78,33.23,820.3438621547949
2019-08-22 00:00:00+00:00,159.15,139.74,38.49,295.02,33.01,820.306481323744
2019-08-23 00:00:00+00:00,155.93,136.99,39.3,286.85,31.97,807.7415169558791
2019-08-26 00:00:00+00:00,156.96,139.22,39.45,284.73,31.72,810.1834590910669
2019-08-27 00:00:00+00:00,158.65,138.75,40.75,281.41,31.53,814.711141645219
2019-08-28 00:00:00+00:00,159.98,141.03,40.87,287.64,31.99,824.6605490658388
2019-08-29 00:00:00+00:00,159.25,156.09,40.11,290.57,32.64,844.023010058007
2019-08-30 00:00:00+00:00,158.16,156.09,39.89,290.05,32.81,842.461639884448
2019-09-03 00:00:00+00:00,162.35,155.63,40.39,285.12,33.14,848.4583690662423
2019-09-04 00:00:00+00:00,164.36,157.8,41.02,286.5,33.58,859.0492552905226
2019-09-05 00:00:00+00:00,162.2,159.82,39.34,289.37,34.2,856.299831065793
2019-09-06 00:00:00+00:00,162.04,161.54,38.66,292.0,33.92,855.064994977611
2019-09-09 00:00:00+00:00,158.33,160.76,38.06,279.0,34.32,843.6624957775255
2019-09-10 00:00:00+00:00,158.28,157.09,38.16,283.72,34.56,842.6909459528038
2019-09-11 00:00:00+00:00,158.93,156.01,38.72,283.33,34.81,845.5955750475362
2019-09-12 00:00:00+00:00,160.2,157.1,38.66,284.18,34.72,848.0874498825236
2019-09-13 00:00:00+00:00,158.94,157.78,38.62,281.62,34.54,845.2815701827108
2019-09-16 00:00:00+00:00,153.77,153.17,38.48,285.89,34.64,835.2443673208793
2019-09-17 00:00:00+00:00,155.54,156.82,39.6,288.12,35.0,849.4601977552899
2019-09-18 00:00:00+00:00,155.8,156.7,39.05,285.06,34.57,843.7474450743559
2019-09-19 00:00:00+00:00,154.21,156.81,39.39,286.15,34.76,844.9293085097904
2019-09-20 00:00:00+00:00,151.78,156.23,39.84,295.87,34.55,846.4079191957728
2019-09-23 00:00:00+00:00,150.23,158.71,39.85,294.7,34.08,844.8492016092289
2019-09-24 00:00:00+00:00,151.0,158.81,40.29,289.71,34.09,845.652695728601
2019-09-25 00:00:00+00:00,150.77,159.15,39.57,286.65,33.99,840.9081674519118
2019-09-26 00:00:00+00:00,150.59,159.5,39.37,281.31,33.82,837.1159679033857
2019-09-27 00:00:00+00:00,152.68,160.02,38.4,273.46,33.44,830.7336473202872
2019-09-30 00:00:00+00:00,151.87,158.94,37.92,277.4,34.07,831.3057078515766
2019-10-01 00:00:00+00:00,151.28,159.04,37.56,276.47,33.5,825.8924678252106
2019-10-02 00:00:00+00:00,149.35,157.62,37.87,274.13,33.41,821.72566791757
2019-10-03 00:00:00+00:00,147.02,157.41,38.12,280.72,34.01,825.7252591387089
2019-10-04 00:00:00+00:00,151.38,160.97,38.31,282.93,34.46,839.3195810702193
2019-10-07 00:00:00+00:00,151.16,160.01,38.26,283.81,34.22,836.7986267707295
2019-10-08 00:00:00+00:00,149.8,159.84,38.92,285.1,34.05,837.5087910258659
2019-10-09 00:00:00+00:00,150.11,160.85,38.78,290.83,34.49,843.2528977948532
2019-10-10 00:00:00+00:00,150.75,160.52,38.94,298.36,34.82,849.1948291966193
2019-10-11 00:00:00+00:00,150.25,162.25,37.62,300.77,35.17,847.9709158358896
2019-10-14 00:00:00+00:00,148.72,161.21,38.0,305.44,35.06,847.9587493048497
2019-10-15 00:00:00+00:00,148.21,162.07,37.69,303.82,35.29,847.598537886618
2019-10-16 00:00:00+00:00,148.51,162.24,37.83,299.4,35.39,847.3675749837391
2019-10-17 00:00:00+00:00,149.4,162.87,38.31,301.57,35.63,853.4029831833097
2019-10-18 00:00:00+00:00,149.7,164.41,38.44,300.19,35.96,857.3305046032123
2019-10-21 00:00:00+00:00,149.07,164.35,37.96,297.99,36.62,856.9011834338912
2019-10-22 00:00:00+00:00,148.44,165.8,37.8,301.31,35.98,855.4582927030268
2019-10-23 00:00:00+00:00,149.81,162.98,38.38,305.02,38.53,870.6311338643898
2019-10-24 00:00:00+00:00,150.76,162.91,39.1,305.77,38.6,875.4036723464542
2019-10-25 00:00:00+00:00,151.4,162.18,39.18,306.21,38.38,874.6390066409313
2019-10-28 00:00:00+00:00,150.77,162.64,38.85,308.56,38.0,872.1416385855396
2019-10-29 00:00:00+00:00,149.46,160.62,38.84,310.46,38.17,869.7314221146202
2019-10-30 00:00:00+00:00,150.8,161.63,39.04,311.0,38.12,873.3859824657221
2019-10-31 00:00:00+00:00,147.69,160.34,39.73,306.28,38.11,869.0178638488525
2019-11-01 00:00:00+00:00,147.04,159.9,39.61,310.48,38.67,871.8693644621917
2019-11-04 00:00:00+00:00,146.5,158.21,38.89,311.04,38.63,866.0851860632437
2019-11-05 00:00:00+00:00,147.83,159.69,37.55,332.6,38.68,873.2972127178508
2019-11-06 00:00:00+00:00,148.65,159.61,37.65,324.49,38.42,869.7578400515688
2019-11-07 00:00:00+00:00,147.02,159.23,36.93,326.39,38.88,867.4814424222548
2019-11-08 00:00:00+00:00,148.0,157.86,36.61,341.79,38.68,871.141936371622
2019-11-11 00:00:00+00:00,146.88,157.0,36.71,344.28,38.34,868.5219270097565
2019-11-12 00:00:00+00:00,145.36,156.98,36.9,348.41,37.5,865.0226939439918
2019-11-13 00:00:00+00:00,147.29,157.99,37.37,348.3,37.44,870.1855098091835
2019-11-14 00:00:00+00:00,146.28,159.49,37.54,338.39,37.48,867.5567818984338
2019-11-15 00:00:00+00:00,145.3,160.14,37.61,344.87,36.68,866.2283739720699
2019-11-18 00:00:00+00:00,145.74,159.98,38.06,340.19,36.7,866.5496054718515
2019-11-19 00:00:00+00:00,146.51,158.43,38.35,344.46,36.62,868.1695132189475
2019-11-20 00:00:00+00:00,146.38,160.95,38.47,344.24,36.58,871.389520123554
2019-11-21 00:00:00+00:00,145.02,160.78,38.21,350.78,35.77,867.1570380360744
2019-11-22 00:00:00+00:00,146.26,159.79,38.09,360.66,35.48,869.6144727566016
2019-11-25 00:00:00+00:00,145.25,159.92,37.76,366.82,35.31,868.9752214123486
2019-11-26 00:00:00+00:00,148.19,158.47,38.14,363.83,35.78,873.3162401062584
2019-11-27 00:00:00+00:00,148.95,158.42,38.18,371.58,35.88,878.1545882590561
2019-11-29 00:00:00+00:00,148.23,157.36,38.4,369.0,35.85,875.6649876891391
2019-12-02 00:00:00+00:00,148.93,154.68,38.74,366.08,35.44,871.2193184749893
2019-12-03 00:00:00+00:00,147.95,153.0,39.38,368.81,35.35,871.4224621343055
2019-12-04 00:00:00+00:00,150.3,153.55,39.13,369.97,35.12,873.0994161574372
2019-12-05 00:00:00+00:00,150.79,155.1,40.0,368.34,34.43,875.0971115827886
2019-12-06 00:00:00+00:00,151.86,154.72,39.8,372.26,34.25,875.7773292610809
2019-12-09 00:00:00+00:00,152.75,154.82,39.72,365.63,34.61,875.5836193106524
2019-12-10 00:00:00+00:00,152.43,154.37,39.99,367.67,33.68,871.922819540534
2019-12-11 00:00:00+00:00,152.13,154.51,40.9,373.53,33.47,877.0837305778289
2019-12-12 00:00:00+00:00,152.26,155.58,41.12,372.16,33.24,877.7495713039797
2019-12-13 00:00:00+00:00,151.7,154.63,41.29,376.42,32.95,876.9842475047051
2019-12-16 00:00:00+00:00,151.59,152.77,40.99,376.01,32.97,873.1701276026909
2019-12-17 00:00:00+00:00,150.08,155.18,40.47,369.1,32.99,869.3423011073909
2019-12-18 00:00:00+00:00,149.82,155.3,40.98,371.36,32.95,872.1364746392024
2019-12-19 00:00:00+00:00,151.48,157.0,40.88,372.55,32.75,875.2591910883481
2019-12-20 00:00:00+00:00,152.66,156.71,40.93,375.62,33.27,880.4616410038744
2019-12-23 00:00:00+00:00,152.34,155.16,41.77,374.2,33.38,881.6860924232419
2019-12-24 00:00:00+00:00,152.48,156.25,42.18,376.51,32.98,883.914372934554
2019-12-26 00:00:00+00:00,152.94,155.31,42.69,374.86,32.84,884.0233830631635
2019-12-27 00:00:00+00:00,153.53,156.65,42.71,373.32,32.66,884.8908004287592
2019-12-30 00:00:00+00:00,152.88,157.35,43.75,373.7,32.88,890.742381404602
2019-12-31 00:00:00+00:00,153.54,155.98,43.45,375.48,33.16,890.7096187753854
2020-01-02 00:00:00+00:00,152.61,156.54,43.22,373.35,33.34,889.3516232178569
2020-01-03 00:00:00+00:00,152.91,155.39,42.83,369.16,33.23,884.2281024776634
2020-01-06 00:00:00+00:00,153.37,154.54,43.26,371.74,33.23,886.6444961754062
2020-01-07 00:00:00+00:00,151.52,152.21,43.23,373.13,33.25,882.1459826407568
2020-01-08 00:00:00+00:00,151.97,151.55,42.08,382.42,33.22,880.7751936287552
2020-01-09 00:00:00+00:00,152.8,152.58,41.66,383.47,33.75,884.3994187501028
2020-01-10 00:00:00+00:00,153.67,153.22,42.27,381.41,34.73,892.9431683764694
2020-01-13 00:00:00+00:00,156.2,154.12,42.45,378.93,34.98,897.9926203089963
2020-01-14 00:00:00+00:00,156.25,157.98,42.83,387.62,35.05,908.6083501900115
2020-01-15 00:00:00+00:00,156.67,156.59,43.52,390.75,35.24,912.6202474536308
2020-01-16 00:00:00+00:00,157.13,158.27,43.82,385.57,35.64,916.3579504138394
2020-01-17 00:00:00+00:00,157.7,157.99,43.48,385.94,35.86,916.5020220926729
2020-01-21 00:00:00+00:00,159.1,157.54,43.71,363.71,35.89,909.1351808561402
2020-01-22 00:00:00+00:00,159.63,154.5,43.78,359.14,36.08,905.2458237264807
2020-01-23 00:00:00+00:00,159.07,155.14,43.7,356.6,36.61,906.672285960846
2020-01-24 00:00:00+00:00,158.28,154.34,44.29,345.28,36.61,902.3995444876468
2020-01-27 00:00:00+00:00,159.96,155.86,44.56,339.42,36.24,902.9969030651373
2020-01-28 00:00:00+00:00,156.07,156.66,44.3,344.08,36.73,902.8771494053664
2020-01-29 00:00:00+00:00,155.21,155.75,44.62,339.25,37.8,905.4967114858249
2020-01-30 00:00:00+00:00,155.86,156.99,44.97,336.18,38.22,910.1277824132641
2020-01-31 00:00:00+00:00,157.31,153.41,45.06,337.94,37.95,907.0885597665109
2020-02-03 00:00:00+00:00,155.84,154.77,45.59,341.12,38.48,913.4259057103817
2020-02-04 00:00:00+00:00,163.62,155.99,44.23,356.0,38.98,927.1528044163794
2020-02-05 00:00:00+00:00,165.34,157.26,44.3,372.16,38.98,937.9973969957318
2020-02-06 00:00:00+00:00,165.07,155.47,44.39,389.85,39.33,945.2272415560631
2020-02-07 00:00:00+00:00,166.23,154.97,44.02,381.87,38.59,937.1509475182435
2020-02-10 00:00:00+00:00,167.66,155.59,44.42,386.21,38.97,945.109798359119
2020-02-11 00:00:00+00:00,164.76,155.95,44.22,396.75,39.5,948.5809520658082
2020-02-12 00:00:00+00:00,164.23,158.66,43.89,406.3,39.66,954.8792873002864
2020-02-13 00:00:00+00:00,164.77,159.85,44.01,398.81,39.81,955.0547067814887
2020-02-14 00:00:00+00:00,164.83,158.03,44.07,399.55,39.82,953.4696030055131
2020-02-18 00:00:00+00:00,164.82,161.71,45.58,397.65,39.4,961.5529299825201
2020-02-19 00:00:00+00:00,164.84,163.79,46.17,400.81,39.72,969.698734054354
2020-02-20 00:00:00+00:00,164.17,165.73,48.1,399.14,39.97,980.153146277242
2020-02-21 00:00:00+00:00,164.64,166.88,49.44,403.15,40.43,991.9415546489768
2020-02-24 00:00:00+00:00,167.19,164.86,50.26,425.38,39.66,1001.5060205433817
2020-02-25 00:00:00+00:00,167.85,161.5,49.14,442.35,38.66,995.4687022306555
2020-02-26 00:00:00+00:00,168.03,162.67,49.4,457.92,38.87,1006.028827809666
2020-02-27 00:00:00+00:00,168.7,157.66,46.53,431.61,37.66,970.7626646152515
2020-02-28 00:00:00+00:00,159.42,150.3,44.63,444.57,37.44,947.0872401590393
2020-03-02 00:00:00+00:00,172.01,159.6,46.83,464.75,39.11,1000.0
2020-03-03 00:00:00+00:00,167.87,156.42,49.73,461.55,38.14,997.2491344716276
2020-03-04 00:00:00+00:00,172.52,160.16,51.0,493.48,40.08,1036.4278444544652
2020-03-05 00:00:00+00:00,175.85,157.48,52.08,488.17,40.72,1042.5414650446664
2020-03-06 00:00:00+00:00,173.26,158.38,52.35,494.43,39.75,1039.544492024606
2020-03-09 00:00:00+00:00,174.9,159.28,47.78,474.44,38.28,1006.9420406177948
2020-03-10 00:00:00+00:00,175.0,166.25,48.38,475.02,40.35,1029.1902332839495
2020-03-11 00:00:00+00:00,169.4,157.63,46.02,464.7,38.43,987.5384116274016
2020-03-12 00:00:00+00:00,158.7,141.97,44.44,431.89,34.37,913.844030594637
2020-03-13 00:00:00+00:00,167.77,145.81,39.5,465.55,37.82,940.2321259110784
2020-03-16 00:00:00+00:00,174.69,136.1,40.73,440.83,35.75,920.1397874622819
2020-03-17 00:00:00+00:00,197.88,154.53,45.8,491.69,38.11,1025.8069215785004
2020-03-18 00:00:00+00:00,190.95,148.74,41.57,485.0,37.02,983.9752795101799
2020-03-19 00:00:00+00:00,191.78,143.0,41.74,489.83,35.6,973.2903544642065
2020-03-20 00:00:00+00:00,177.4,140.13,40.56,438.45,35.0,922.755319253521
2020-03-23 00:00:00+00:00,170.14,139.87,41.66,455.63,31.57,908.5389294242628
2020-03-24 00:00:00+00:00,168.32,141.82,47.5,449.53,33.81,942.6374630051554
2020-03-25 00:00:00+00:00,165.66,137.23,47.54,429.78,32.59,919.2255638134396
2020-03-26 00:00:00+00:00,173.11,140.52,48.28,452.3,33.69,950.4874168439984
2020-03-27 00:00:00+00:00,173.19,146.12,46.35,449.52,34.26,951.0739124246687
2020-03-30 00:00:00+00:00,174.48,146.77,46.36,473.0,35.84,971.6152014022027
2020-03-31 00:00:00+00:00,173.25,151.01,45.28,488.29,36.14,978.999923418753
2020-04-01 00:00:00+00:00,174.66,153.16,46.47,496.65,35.16,987.0019379596938
2020-04-02 00:00:00+00:00,179.7,159.7,48.23,498.75,35.68,1012.1369784399897
2020-04-03 00:00:00+00:00,177.54,162.2,47.15,493.32,36.05,1007.7012597232587
